neighborhood,sqft_living,area_unit,lot_size_sqft,bedrooms,bathrooms,floors,year_built,renovated,condition,grade,garage,basement,pool,school_score,sale_price
Brookhaven,1174.0,sqft,4231.0,2,1.0,3.0,,No,4,7,Y,Y,N,6.0,$287.7K
Cedar Falls,2089.0,sqft,2880.0,4,3.0,2.0,1992.0,No,5,5,N,Y,N,7.0,289600.0
Old Mill District,1517.0,sqft,3393.0,3,3.0,1.0,2020.0,No,3,7,Y,N,N,7.0,403100.0
Harbor Point,1992.0,sqft,6197.0,3,2.5,1.0,2002.0,No,4,9,N,N,N,6.0,664400.0
Maple Grove,1632.0,sqft,4858.0,3,2.5,1.0,1978.0,Yes,3,10,Y,N,N,4.0,$259.1K
Cedar Falls,1572.0,sqft,5336.0,3,2.0,2.5,1953.0,Yes,2,4,N,N,N,6.0,187200.0
Cedar Falls,1574.0,sqft,4666.0,1,1.0,1.0,1959.0,No,5,6,Y,N,N,7.0,$176.4K
Harbor Point,1629.0,sqft,4033.0,1,1.0,2.0,1976.0,No,4,4,Y,Y,N,,$452.5K
Maple Grove,2733.0,sqft,5803.0,4,3.5,2.0,1924.0,Yes,5,10,Y,N,Y,3.0,358800.0
Sunridge,3147.0,sqft,8100.0,5,3.5,2.0,2003.0,No,3,5,Y,Y,N,6.0,344900.0
Harbor Point,1815.0,sqft,5872.0,3,2.5,3.0,1989.0,Yes,1,4,Y,N,N,4.0,$540.0K
Sunridge,1823.0,sqft,6965.0,3,2.0,1.5,2020.0,No,4,10,N,N,N,8.0,231100.0
Northgate,2848.0,sqft,5510.0,4,2.5,1.0,1929.0,No,2,8,Y,N,N,4.0,216800.0
Cedar Falls,1743.0,sqft,2159.0,4,3.0,2.0,2020.0,No,4,3,Y,Y,N,8.0,$233.3K
Sunridge,1535.0,sqft,3135.0,3,2.5,3.0,2016.0,No,5,6,Y,N,N,6.0,180100.0
Brookhaven,120.3,sqm,4470.0,1,1.0,1.0,1989.0,No,4,3,Y,N,N,5.0,226200.0
Old Mill District,3234.0,sqft,6023.0,4,4.0,1.0,1967.0,Yes,4,5,N,Y,N,7.0,$808.2K
Cedar Falls,956.0,sqft,1203.0,1,1.0,1.0,1964.0,No,3,7,Y,N,N,5.0,$114.6K
Cedar Falls,2872.0,sqft,6793.0,4,2.5,2.5,1945.0,Yes,5,8,N,N,N,,340300.0
Brookhaven,1782.0,sqft,4813.0,3,3.0,2.0,2001.0,No,3,6,Y,N,N,9.0,$338.7K
Riverside Park,1165.0,sqft,2366.0,3,2.5,2.0,1959.0,Yes,3,10,Y,N,N,6.0,182900.0
Maple Grove,219.1,sqm,8512.0,4,3.5,1.0,1984.0,Yes,5,8,Y,N,N,9.0,426600.0
Brookhaven,1059.0,sqft,1552.0,2,2.0,2.0,1946.0,No,3,8,N,N,N,5.0,$175.3K
Maple Grove,2089.0,sqft,4955.0,3,2.5,1.0,1996.0,No,3,10,Y,Y,N,,$377.1K
Cedar Falls,1366.0,sqft,5219.0,2,2.0,1.5,1995.0,No,4,9,Y,N,N,2.0,209100.0
Northgate,250.9,sqm,9483.0,3,1.5,1.5,,No,4,5,Y,N,N,5.0,$209.6K
Brookhaven,1939.0,sqft,2817.0,3,2.5,1.0,1989.0,Yes,4,9,N,N,Y,6.0,497100.0
Cedar Falls,82.3,sqm,3170.0,1,1.0,3.0,1932.0,No,4,9,Y,Y,N,6.0,120700.0
Riverside Park,82.4,sqm,1543.0,1,1.0,3.0,1936.0,No,2,3,Y,,N,8.0,$112.7K
Sunridge,1424.0,sqft,4835.0,2,1.5,1.0,1945.0,Yes,4,10,Y,N,N,7.0,$143.4K
Cedar Falls,1895.0,sqft,3749.0,4,2.5,2.0,1932.0,No,3,4,Y,N,N,5.0,$190.3K
Riverside Park,113.7,sqm,3407.0,2,1.5,2.0,1984.0,No,3,5,Y,N,N,6.0,223800.0
Maple Grove,1739.0,sqft,5981.0,3,2.0,2.0,1972.0,Yes,2,9,Y,Y,N,5.0,290900.0
Maple Grove,555.0,sqft,1997.0,2,2.0,2.0,1989.0,No,5,3,N,N,N,7.0,$66.1K
Old Mill District,2364.0,sqft,6312.0,4,2.5,2.5,1921.0,No,4,4,N,Y,N,5.0,512300.0
Maple Grove,2867.0,sqft,4649.0,4,3.0,1.0,1985.0,Yes,3,4,Y,N,N,3.0,366400.0
Riverside Park,1746.0,sqft,2379.0,2,2.0,1.0,1989.0,No,3,7,N,N,N,5.0,$247.7K
Maple Grove,1516.0,sqft,2264.0,2,1.5,2.0,1960.0,Yes,2,4,Y,N,N,6.0,$172.3K
Cedar Falls,1973.0,sqft,7791.0,4,3.5,2.0,1993.0,No,4,5,N,N,N,,246900.0
Northgate,2897.0,sqft,11462.0,5,4.5,2.0,1986.0,Yes,1,5,N,N,N,6.0,$221.0K
Harbor Point,1442.0,sqft,4968.0,3,2.5,1.0,1928.0,No,1,5,Y,N,N,5.0,277900.0
Brookhaven,1450.0,sqft,4264.0,2,1.5,2.0,1947.0,Yes,3,8,N,N,N,2.0,270000.0
Harbor Point,1648.0,sqft,3245.0,2,1.0,1.0,1981.0,Yes,4,6,N,Y,N,6.0,502300.0
Maple Grove,725.0,sqft,1666.0,1,1.5,1.0,1930.0,Yes,3,5,Y,N,N,,92100.0
Sunridge,1627.0,sqft,6038.0,1,1.0,3.0,1976.0,No,4,4,Y,Y,N,8.0,177400.0
Sunridge,197.2,sqm,7255.0,3,2.5,2.0,2018.0,No,4,10,N,N,N,7.0,290300.0
Maple Grove,1690.0,sqft,2197.0,1,1.0,1.0,1973.0,Yes,2,10,Y,Y,Y,4.0,$282.2K
Riverside Park,1258.0,sqft,2573.0,2,2.0,1.0,1950.0,No,1,3,Y,N,N,7.0,164100.0
Cedar Falls,500.0,sqft,1271.0,1,1.5,1.0,1953.0,No,1,6,Y,,Y,6.0,$66.3K
Riverside Park,220.5,sqm,3584.0,2,2.0,2.0,1943.0,No,1,7,N,N,N,5.0,$276.2K
Sunridge,3181.0,sqft,12587.0,6,4.0,1.0,1967.0,No,4,5,Y,Y,Y,7.0,$302.7K
Cedar Falls,94.6,sqm,3239.0,3,3.0,2.5,1935.0,Yes,2,7,Y,Y,N,4.0,$120.8K
Sunridge,172.5,sqm,6894.0,3,2.0,2.0,1980.0,Yes,2,6,Y,N,N,6.0,$219.0K
Sunridge,1875.0,sqft,5456.0,2,1.5,2.0,1975.0,No,4,8,N,Y,N,6.0,179700.0
Northgate,2052.0,sqft,4731.0,3,2.5,3.0,1929.0,Yes,2,10,N,Y,N,3.0,$160.4K
Maple Grove,2639.0,sqft,8569.0,4,4.0,1.0,2000.0,No,4,10,Y,Y,N,5.0,$509.4K
Northgate,1935.0,sqft,4051.0,5,4.0,1.5,2012.0,No,5,7,Y,Y,N,6.0,207400.0
Riverside Park,2283.0,sqft,4296.0,3,2.0,2.5,1955.0,Yes,2,5,Y,N,N,7.0,320400.0
Harbor Point,576.0,sqft,1098.0,1,1.0,2.5,1971.0,No,5,7,N,Y,N,8.0,$151.4K
Northgate,121.5,sqm,3555.0,2,1.5,1.0,1931.0,No,4,9,Y,,N,6.0,$105.5K
Riverside Park,1703.0,sqft,2522.0,3,1.5,1.0,1932.0,No,3,4,Y,N,N,4.0,$226.2K
Cedar Falls,1643.0,sqft,6296.0,3,2.0,2.0,1949.0,No,3,6,Y,Y,N,7.0,219200.0
Old Mill District,1101.0,sqft,2101.0,2,2.0,3.0,1977.0,Yes,4,3,Y,N,N,1.0,247100.0
Riverside Park,199.1,sqm,8095.0,3,2.0,1.0,1925.0,No,4,9,N,Y,N,4.0,$298.3K
Old Mill District,1367.0,sqft,3394.0,2,1.5,2.0,1949.0,No,5,8,N,N,N,3.0,275300.0
Old Mill District,1999.0,sqft,6194.0,3,2.5,1.5,1950.0,No,5,10,Y,N,N,9.0,551300.0
Northgate,2348.0,sqft,6163.0,4,3.5,2.0,1978.0,Yes,3,6,Y,Y,N,5.0,$236.9K
Riverside Park,258.9,sqm,9416.0,3,1.5,2.0,1937.0,Yes,2,4,Y,N,N,7.0,433000.0
Sunridge,1873.0,sqft,5527.0,4,3.5,1.5,1983.0,No,1,7,N,N,N,7.0,$195.2K
Riverside Park,2304.0,sqft,6843.0,3,2.0,3.0,2019.0,No,5,10,N,N,N,10.0,$419.6K
Harbor Point,1926.0,sqft,5471.0,3,3.0,2.5,1950.0,No,2,5,Y,N,N,6.0,$434.6K
Brookhaven,814.0,sqft,1415.0,1,1.5,2.0,2011.0,No,2,10,Y,N,N,6.0,$176.1K
Sunridge,1670.0,sqft,4586.0,3,2.5,2.0,1938.0,No,5,3,Y,N,N,8.0,$159.8K
Sunridge,2187.0,sqft,4788.0,4,2.5,2.5,2017.0,No,4,6,N,N,N,6.0,$240.7K
Old Mill District,1207.0,sqft,1626.0,2,1.0,2.0,1975.0,Yes,4,8,Y,Y,N,4.0,301600.0
Maple Grove,1742.0,sqft,5689.0,3,2.5,2.0,1976.0,No,3,9,Y,Y,N,7.0,$277.1K
Brookhaven,1969.0,sqft,7823.0,3,2.0,1.5,2005.0,No,5,10,N,Y,N,5.0,430500.0
Northgate,1290.0,sqft,4540.0,3,2.0,1.0,2016.0,No,3,7,Y,N,N,5.0,$131.1K
Cedar Falls,2405.0,sqft,7442.0,4,3.0,1.0,1952.0,No,4,9,N,N,N,6.0,$295.2K
Cedar Falls,1051.0,sqft,3260.0,3,1.5,1.0,1930.0,Yes,2,6,N,Y,N,4.0,$142.0K
Riverside Park,1729.0,sqft,6575.0,1,1.0,1.0,1941.0,No,2,4,N,N,N,7.0,$208.6K
Maple Grove,1475.0,sqft,4152.0,3,2.0,3.0,1953.0,No,5,6,Y,Y,N,,$204.5K
Maple Grove,1199.0,sqft,2642.0,2,2.0,2.0,2010.0,No,5,8,Y,N,N,5.0,196600.0
Riverside Park,2353.0,sqft,5317.0,5,3.5,2.0,2020.0,No,4,6,N,,N,7.0,474400.0
Harbor Point,1606.0,sqft,6081.0,2,1.5,1.0,2018.0,No,4,3,N,N,N,7.0,471500.0
Brookhaven,1834.0,sqft,4116.0,3,2.5,1.0,1965.0,No,3,9,N,N,N,4.0,287400.0
Brookhaven,2249.0,sqft,5732.0,3,1.0,2.0,1930.0,No,3,4,Y,N,N,7.0,383300.0
Riverside Park,2094.0,sqft,5231.0,4,2.5,2.0,1931.0,No,1,6,Y,N,N,6.0,$302.0K
Sunridge,2025.0,sqft,7016.0,4,3.0,2.0,2018.0,No,4,5,Y,Y,N,4.0,$282.2K
Riverside Park,2445.0,sqft,9115.0,4,3.5,2.5,2014.0,Yes,4,3,Y,N,N,5.0,$451.9K
Cedar Falls,2410.0,sqft,4169.0,4,2.5,1.0,2020.0,No,4,7,N,N,N,,356500.0
Maple Grove,2039.0,sqft,7995.0,4,1.5,2.0,2009.0,No,3,6,Y,Y,N,4.0,301600.0
Old Mill District,633.0,sqft,2488.0,1,1.0,3.0,1936.0,No,3,7,Y,Y,N,,141600.0
Brookhaven,2183.0,sqft,7513.0,5,3.0,3.0,,Yes,3,5,Y,N,N,6.0,$376.1K
Cedar Falls,1257.0,sqft,3038.0,2,2.0,1.0,1987.0,No,2,9,Y,N,N,5.0,$122.5K
Brookhaven,1417.0,sqft,1965.0,1,1.5,2.0,1983.0,No,3,3,N,N,Y,,279800.0
Riverside Park,3344.0,sqft,9921.0,6,4.5,2.0,1986.0,No,3,7,N,N,N,4.0,449800.0
Riverside Park,2581.0,sqft,,3,2.0,1.0,1978.0,No,2,3,Y,Y,N,6.0,420300.0
Maple Grove,957.0,sqft,1543.0,2,1.0,1.0,1957.0,No,4,4,Y,N,N,7.0,106600.0
Brookhaven,251.9,sqm,4591.0,4,3.0,1.0,2014.0,No,3,9,Y,Y,N,2.0,497500.0
Old Mill District,1645.0,sqft,5968.0,2,1.0,2.5,1971.0,No,4,5,Y,Y,N,7.0,416500.0
Riverside Park,1092.0,sqft,1642.0,1,1.0,2.5,2000.0,No,5,10,Y,Y,N,8.0,$215.0K
Sunridge,2107.0,sqft,3679.0,3,2.0,1.5,1950.0,No,4,8,Y,N,N,5.0,187600.0
Cedar Falls,115.0,sqm,2443.0,1,1.0,1.5,2022.0,No,4,6,N,Y,N,4.0,176600.0
Northgate,243.7,sqm,6958.0,4,2.5,1.5,1924.0,No,3,4,Y,Y,N,3.0,183600.0
Cedar Falls,2144.0,sqft,4994.0,3,3.0,2.0,,Yes,3,9,Y,Y,N,7.0,282900.0
Harbor Point,156.5,sqm,3223.0,3,2.0,1.5,1947.0,Yes,4,8,Y,Y,N,7.0,510700.0
Riverside Park,500.0,sqft,918.0,1,1.5,1.0,1930.0,No,2,7,N,N,N,8.0,68100.0
Brookhaven,500.0,sqft,800.0,1,1.0,2.0,2005.0,No,3,9,N,Y,N,5.0,$103.9K
Maple Grove,65.6,sqm,2274.0,1,2.0,1.5,1956.0,No,5,8,Y,Y,N,7.0,$93.2K
Riverside Park,2142.0,sqft,7189.0,2,2.0,2.0,2011.0,No,1,6,Y,N,N,5.0,398300.0
Cedar Falls,1758.0,sqft,6761.0,2,1.0,2.5,1943.0,No,3,8,Y,N,N,3.0,193900.0
Brookhaven,500.0,sqft,1344.0,2,1.5,2.0,1986.0,Yes,5,9,Y,N,N,4.0,109600.0
Maple Grove,2244.0,sqft,4023.0,4,2.5,1.0,1926.0,Yes,2,10,N,N,N,,282300.0
Northgate,1514.0,sqft,3283.0,2,1.5,2.0,1994.0,Yes,2,9,N,Y,N,5.0,141000.0
Cedar Falls,2430.0,sqft,7603.0,3,2.0,2.0,1945.0,No,4,5,Y,N,N,4.0,239900.0
Maple Grove,1756.0,sqft,2533.0,3,2.0,2.0,1966.0,Yes,4,6,N,N,N,8.0,$251.7K
Sunridge,1121.0,sqft,3660.0,2,1.5,2.0,1973.0,No,3,10,N,N,N,8.0,$98.0K
Old Mill District,646.0,sqft,833.0,1,1.0,3.0,2000.0,No,4,4,Y,Y,N,3.0,162700.0
Old Mill District,2474.0,sqft,9887.0,3,2.5,1.0,1990.0,No,5,5,N,N,N,2.0,$578.3K
Harbor Point,2287.0,sqft,5560.0,4,2.5,3.0,2006.0,No,3,3,Y,N,N,6.0,631000.0
Old Mill District,1468.0,sqft,2284.0,3,1.5,1.5,1925.0,No,4,4,Y,Y,N,6.0,$289.9K
Northgate,1740.0,sqft,6223.0,3,1.5,1.5,1980.0,No,2,6,N,Y,N,7.0,$149.2K
Maple Grove,1484.0,sqft,4792.0,2,1.0,2.0,1978.0,No,3,5,Y,Y,N,5.0,$209.3K
Cedar Falls,1979.0,sqft,6866.0,3,3.0,2.0,1983.0,No,3,4,Y,N,N,5.0,222900.0
Brookhaven,2241.0,sqft,,4,2.5,1.0,2010.0,No,5,9,N,N,Y,1.0,538900.0
Harbor Point,152.6,sqm,5374.0,2,2.0,2.5,1979.0,No,3,7,N,N,N,7.0,$366.8K
Old Mill District,2690.0,sqft,4849.0,5,3.5,2.5,2001.0,No,5,4,Y,N,N,5.0,555400.0
Old Mill District,3150.0,sqft,10428.0,5,3.0,2.5,1927.0,No,4,3,N,N,N,6.0,$553.4K
Riverside Park,1372.0,sqft,1828.0,2,1.5,1.5,1991.0,No,3,6,Y,N,N,7.0,$193.0K
Old Mill District,1960.0,sqft,6798.0,3,2.0,2.0,1967.0,Yes,3,9,Y,Y,N,7.0,535800.0
Old Mill District,2104.0,sqft,7164.0,3,2.0,3.0,1996.0,No,3,3,Y,Y,N,6.0,474500.0
Brookhaven,3005.0,sqft,7601.0,5,4.5,1.0,1969.0,No,2,7,N,N,N,6.0,523900.0
Riverside Park,2217.0,sqft,7970.0,4,3.0,3.0,1943.0,Yes,1,4,Y,Y,N,8.0,$312.2K
Riverside Park,287.5,sqm,7756.0,4,2.5,2.0,1956.0,Yes,5,6,Y,N,N,10.0,551700.0
Old Mill District,673.0,sqft,2146.0,1,1.0,1.0,1974.0,No,3,4,Y,N,Y,7.0,$168.8K
Maple Grove,1679.0,sqft,2169.0,2,1.0,1.5,1944.0,No,3,5,Y,Y,N,6.0,219300.0
Old Mill District,1545.0,sqft,3214.0,3,2.5,2.5,1969.0,No,4,10,N,Y,N,3.0,392800.0
Old Mill District,2351.0,sqft,7891.0,3,3.0,2.5,1988.0,Yes,3,10,Y,Y,N,7.0,679000.0
Riverside Park,1989.0,sqft,4759.0,3,2.5,1.5,1968.0,No,2,5,Y,N,N,8.0,311800.0
Riverside Park,1330.0,sqft,2125.0,2,2.0,2.5,2020.0,No,3,4,Y,N,N,5.0,214800.0
Northgate,1932.0,sqft,3717.0,3,2.0,3.0,1947.0,Yes,3,10,Y,N,N,5.0,146900.0
Old Mill District,2261.0,sqft,8552.0,4,4.5,3.0,2010.0,No,3,5,Y,Y,N,7.0,631500.0
Old Mill District,2241.0,sqft,6791.0,5,4.0,1.0,2003.0,No,5,10,Y,Y,N,7.0,$705.4K
Sunridge,1962.0,sqft,3436.0,3,2.5,1.5,1946.0,Yes,3,10,Y,N,N,5.0,178200.0
Maple Grove,1567.0,sqft,4944.0,3,3.0,1.0,1966.0,Yes,4,7,Y,N,N,6.0,213000.0
Sunridge,2002.0,sqft,5520.0,3,3.5,2.0,2010.0,No,2,10,Y,Y,N,6.0,$241.2K
Old Mill District,2649.0,sqft,8431.0,3,2.5,1.0,1992.0,No,1,3,Y,N,N,6.0,$653.3K
Brookhaven,2065.0,sqft,4970.0,4,3.5,3.0,1953.0,Yes,3,3,Y,Y,N,6.0,314400.0
Cedar Falls,1141.0,sqft,2657.0,2,1.5,3.0,1954.0,Yes,4,4,Y,N,N,8.0,$146.3K
Cedar Falls,309.4,sqm,9289.0,4,3.0,1.0,2010.0,No,3,3,Y,N,N,5.0,$435.6K
Harbor Point,500.0,sqft,1367.0,1,1.0,2.0,1922.0,No,2,7,N,Y,N,6.0,118900.0
Maple Grove,3302.0,sqft,8783.0,5,4.5,1.0,1963.0,Yes,3,3,N,N,N,8.0,$402.4K
Cedar Falls,1828.0,sqft,2435.0,3,3.5,1.0,1954.0,Yes,4,8,N,Y,Y,7.0,$237.1K
Sunridge,2337.0,sqft,6707.0,4,3.0,2.5,1932.0,No,3,7,Y,Y,N,9.0,$203.5K
Sunridge,3495.0,sqft,5243.0,6,4.5,1.0,2008.0,No,2,10,N,Y,N,2.0,379800.0
Old Mill District,1672.0,sqft,5369.0,2,1.0,2.0,,No,4,4,Y,N,N,,360800.0
Harbor Point,1096.0,sqft,1465.0,2,1.0,2.0,1955.0,No,4,8,N,N,N,4.0,$211.5K
Northgate,1501.0,sqft,2181.0,3,1.5,2.0,2010.0,No,4,10,Y,Y,N,3.0,$145.3K
Sunridge,1915.0,sqft,3333.0,4,2.5,2.0,2022.0,No,3,4,N,Y,N,4.0,$184.9K
Northgate,1895.0,sqft,5044.0,2,2.0,2.5,2016.0,No,1,8,N,N,N,5.0,186400.0
Harbor Point,1908.0,sqft,4760.0,3,1.5,1.0,1993.0,No,2,4,Y,N,N,5.0,$566.2K
Old Mill District,1568.0,sqft,5891.0,3,2.0,2.0,2014.0,No,4,7,Y,N,N,6.0,$432.5K
Harbor Point,1919.0,sqft,4650.0,4,3.0,3.0,1966.0,Yes,3,4,Y,N,N,2.0,443100.0
Cedar Falls,2505.0,sqft,3223.0,5,4.0,2.0,1947.0,No,4,5,Y,Y,N,7.0,290100.0
Riverside Park,2783.0,sqft,7588.0,3,2.0,2.5,2016.0,No,1,3,N,Y,N,6.0,$462.2K
Cedar Falls,2202.0,sqft,7375.0,3,2.0,1.0,1966.0,Yes,5,6,Y,N,N,7.0,$291.6K
Brookhaven,1533.0,sqft,2458.0,4,2.0,2.0,1925.0,No,4,5,Y,N,N,2.0,244800.0
Northgate,1879.0,sqft,7303.0,4,3.5,2.0,2013.0,No,4,5,Y,Y,N,9.0,209200.0
Old Mill District,1319.0,sqft,3297.0,3,3.0,1.0,1994.0,No,4,8,N,Y,N,9.0,367900.0
Brookhaven,2155.0,sqft,7497.0,2,1.0,3.0,2023.0,No,4,7,Y,N,N,6.0,$553.4K
Brookhaven,1722.0,sqft,2404.0,2,1.0,2.0,1978.0,No,3,6,Y,N,N,5.0,$364.7K
Sunridge,1987.0,sqft,5626.0,3,3.0,1.0,2008.0,No,3,6,N,Y,N,8.0,$251.8K
Sunridge,2281.0,sqft,7136.0,4,3.0,2.5,1978.0,No,5,8,Y,Y,N,10.0,$241.2K
Brookhaven,121.9,sqm,3422.0,2,1.5,2.0,2009.0,No,4,5,Y,Y,N,5.0,$287.9K
Old Mill District,1837.0,sqft,3741.0,3,3.0,1.0,1981.0,Yes,3,6,Y,N,N,7.0,528700.0
Riverside Park,884.0,sqft,1522.0,1,1.0,1.0,2001.0,No,4,3,N,N,N,8.0,153200.0
Brookhaven,1289.0,sqft,1909.0,1,1.0,3.0,1972.0,No,4,6,N,Y,N,6.0,251800.0
Harbor Point,1893.0,sqft,3648.0,3,3.0,1.0,1987.0,No,3,5,Y,,N,4.0,483200.0
Cedar Falls,1089.0,sqft,4320.0,3,2.0,2.0,2008.0,No,4,5,N,N,Y,,$157.0K
Sunridge,234.9,sqm,4208.0,4,3.5,1.0,1996.0,Yes,4,7,Y,Y,N,7.0,$329.2K
Old Mill District,798.0,sqft,2608.0,2,1.0,2.5,1974.0,Yes,3,8,Y,N,N,6.0,$201.5K
Sunridge,1548.0,sqft,3734.0,2,2.5,1.0,1924.0,No,3,7,N,Y,N,5.0,$124.7K
Brookhaven,1339.0,sqft,4084.0,3,2.5,1.5,1991.0,Yes,2,7,Y,Y,N,4.0,$268.6K
Northgate,2030.0,sqft,3854.0,3,2.0,1.0,,No,3,7,Y,Y,N,7.0,$190.5K
Brookhaven,212.6,sqm,3440.0,4,3.0,3.0,1979.0,No,5,7,Y,N,N,4.0,$449.0K
Old Mill District,244.0,sqm,5941.0,4,3.5,1.0,1935.0,No,4,7,Y,N,N,8.0,$553.3K
Harbor Point,2008.0,sqft,6395.0,4,3.0,1.0,1932.0,Yes,4,8,Y,N,N,4.0,$439.8K
Harbor Point,206.3,sqm,5599.0,3,1.5,1.0,2011.0,Yes,5,9,N,Y,N,7.0,839000.0
Cedar Falls,1848.0,sqft,3012.0,3,2.5,3.0,2002.0,No,2,7,Y,Y,N,5.0,$244.1K
Brookhaven,119.7,sqm,2703.0,2,1.0,1.0,1946.0,No,4,5,N,N,N,7.0,196200.0
Cedar Falls,500.0,sqft,989.0,2,2.5,1.0,1997.0,Yes,3,4,Y,N,N,5.0,75000.0
Brookhaven,1647.0,sqft,2945.0,3,3.0,2.5,1969.0,No,3,5,Y,N,N,9.0,348200.0
Harbor Point,1764.0,sqft,5880.0,4,3.0,2.0,2000.0,No,3,10,Y,Y,N,2.0,$471.9K
Riverside Park,289.7,sqm,9000.0,5,4.0,1.0,1947.0,Yes,3,4,Y,N,Y,,$528.7K
Northgate,1927.0,sqft,4726.0,2,1.5,3.0,2002.0,No,2,4,Y,N,N,5.0,$174.4K
Cedar Falls,210.5,sqm,4270.0,3,3.5,1.5,1982.0,No,2,4,Y,Y,N,7.0,346400.0
Harbor Point,143.9,sqm,4508.0,3,2.0,1.0,1943.0,No,4,3,N,Y,N,,364200.0
Cedar Falls,520.0,sqft,2028.0,2,1.5,1.0,2015.0,No,3,4,N,Y,N,6.0,73400.0
Cedar Falls,2082.0,sqft,3586.0,3,2.5,1.0,1959.0,No,3,8,Y,Y,N,,$248.5K
Maple Grove,2775.0,sqft,4809.0,4,2.5,1.0,1954.0,No,5,3,N,Y,Y,8.0,390200.0
Riverside Park,1661.0,sqft,3744.0,3,2.5,3.0,1927.0,No,4,3,N,N,N,,201900.0
Maple Grove,1546.0,sqft,3291.0,3,2.0,3.0,1932.0,Yes,5,3,Y,N,N,5.0,$204.3K
Northgate,1113.0,sqft,4410.0,1,2.0,3.0,1969.0,Yes,5,8,Y,Y,N,7.0,$114.4K
Brookhaven,245.3,sqm,8542.0,5,4.0,1.0,1926.0,Yes,1,4,Y,N,N,7.0,$478.1K
Sunridge,1822.0,sqft,6893.0,2,1.5,3.0,2008.0,Yes,2,6,Y,Y,N,8.0,247200.0
Maple Grove,1334.0,sqft,1649.0,2,1.5,1.0,1997.0,No,4,5,Y,N,N,7.0,$195.6K
Harbor Point,3586.0,sqft,9507.0,5,3.5,1.0,1966.0,Yes,3,10,Y,N,N,5.0,$929.8K
Old Mill District,2484.0,sqft,9097.0,4,2.0,2.0,1955.0,Yes,3,8,N,,N,7.0,$631.2K
Brookhaven,1379.0,sqft,3496.0,1,1.0,1.0,2021.0,No,2,9,N,N,N,8.0,303800.0
Riverside Park,2567.0,sqft,3836.0,4,3.0,1.0,1975.0,Yes,2,9,Y,Y,N,8.0,503500.0
Harbor Point,3302.0,sqft,8464.0,6,4.5,2.0,2009.0,Yes,5,6,Y,Y,N,4.0,$1144.4K
Riverside Park,1151.0,sqft,4389.0,1,1.0,2.0,1982.0,Yes,2,4,Y,Y,N,6.0,213000.0
Harbor Point,972.0,sqft,3471.0,2,2.0,2.0,1980.0,No,3,4,Y,Y,N,4.0,246000.0
Northgate,2897.0,sqft,10142.0,5,2.5,2.0,1974.0,No,4,4,N,Y,Y,3.0,$229.4K
Sunridge,1351.0,sqft,3741.0,3,2.5,2.0,2009.0,No,4,5,Y,Y,N,4.0,$146.5K
Brookhaven,1471.0,sqft,5287.0,3,2.0,1.5,2012.0,Yes,5,7,N,Y,N,7.0,$377.4K
Riverside Park,1561.0,sqft,6001.0,3,2.0,1.0,1961.0,No,1,8,N,N,Y,3.0,232000.0
Sunridge,2034.0,sqft,7607.0,3,2.0,2.0,2006.0,No,3,8,Y,Y,N,6.0,$253.6K
Brookhaven,1623.0,sqft,2208.0,4,3.5,1.0,1948.0,No,2,8,Y,Y,N,7.0,310500.0
Northgate,1446.0,sqft,4010.0,2,1.5,1.0,2022.0,No,3,9,Y,,N,5.0,160100.0
Cedar Falls,851.0,sqft,2669.0,1,1.0,1.0,1936.0,No,5,10,N,Y,N,9.0,$99.7K
Harbor Point,1524.0,sqft,4473.0,2,1.0,3.0,1998.0,No,3,9,Y,N,N,3.0,411600.0
Sunridge,1386.0,sqft,4400.0,1,1.0,2.0,1940.0,No,4,8,Y,N,N,6.0,99900.0
Sunridge,105.1,sqm,3758.0,2,2.0,1.5,2004.0,No,1,7,Y,N,N,7.0,$130.9K
Harbor Point,2365.0,sqft,9380.0,4,3.0,2.0,2015.0,No,3,7,N,N,N,10.0,763900.0
Harbor Point,1636.0,sqft,5800.0,3,2.0,1.0,1931.0,No,2,8,N,Y,N,6.0,347900.0
Harbor Point,1916.0,sqft,3507.0,2,1.0,2.0,2021.0,No,5,10,N,N,N,5.0,660100.0
Sunridge,500.0,sqft,1320.0,1,1.0,3.0,2016.0,No,5,5,N,N,N,6.0,$55.0K
Maple Grove,1229.0,sqft,2583.0,2,2.0,1.0,1995.0,Yes,4,8,N,Y,N,7.0,$182.2K
Harbor Point,2141.0,sqft,7388.0,3,2.5,1.0,2001.0,Yes,5,7,N,N,N,7.0,674400.0
Maple Grove,1377.0,sqft,1667.0,2,1.0,1.0,1946.0,No,3,4,Y,N,N,6.0,$176.0K
Old Mill District,2459.0,sqft,4861.0,4,2.5,2.0,2020.0,No,5,4,Y,Y,N,8.0,$667.9K
Harbor Point,100.2,sqm,3778.0,1,1.0,2.0,1987.0,Yes,4,5,Y,Y,N,4.0,$314.9K
Maple Grove,1076.0,sqft,2222.0,2,2.0,1.0,1950.0,Yes,3,8,Y,Y,N,6.0,$158.3K
Northgate,3185.0,sqft,4968.0,5,4.0,1.5,2007.0,No,3,7,N,N,N,9.0,$319.8K
Brookhaven,1478.0,sqft,3789.0,3,2.5,1.0,1937.0,No,4,5,Y,,N,7.0,$244.8K
Riverside Park,1473.0,sqft,1869.0,1,1.0,2.0,1975.0,Yes,3,3,Y,Y,N,8.0,254200.0
Northgate,2647.0,sqft,8588.0,5,4.5,2.0,2008.0,No,3,8,Y,N,N,4.0,219700.0
Maple Grove,1429.0,sqft,5343.0,1,1.5,1.0,1995.0,Yes,4,10,N,Y,N,7.0,256000.0
Brookhaven,172.1,sqm,,3,2.0,1.0,1994.0,No,3,4,Y,Y,N,7.0,$407.9K
Maple Grove,965.0,sqft,1396.0,1,1.0,2.0,2006.0,No,4,7,Y,N,N,6.0,133600.0
Riverside Park,2316.0,sqft,7694.0,2,1.0,2.5,1993.0,No,3,5,N,N,N,4.0,$334.3K
Sunridge,1699.0,sqft,2769.0,3,2.0,2.0,1971.0,No,3,9,Y,Y,N,7.0,$184.3K
Maple Grove,2302.0,sqft,7907.0,4,3.0,2.0,1985.0,Yes,3,5,Y,Y,N,10.0,379000.0
Riverside Park,1532.0,sqft,4939.0,2,1.5,1.0,2003.0,No,3,10,Y,Y,N,8.0,290100.0
Maple Grove,1734.0,sqft,5394.0,3,2.0,2.0,2002.0,No,3,5,Y,Y,N,7.0,$283.3K
Harbor Point,2610.0,sqft,4738.0,4,3.5,2.0,1965.0,No,1,3,Y,Y,N,4.0,$635.0K
Harbor Point,59.9,sqm,1141.0,2,2.5,3.0,1968.0,No,1,4,Y,Y,N,5.0,$168.5K
Northgate,2253.0,sqft,8929.0,3,2.5,1.0,1973.0,No,3,4,Y,N,N,5.0,$189.7K
Riverside Park,1651.0,sqft,5239.0,2,2.0,2.5,1934.0,No,3,8,Y,N,N,6.0,$231.8K
Maple Grove,2405.0,sqft,7333.0,4,2.5,2.5,1938.0,No,3,5,Y,N,N,6.0,276300.0
Cedar Falls,2042.0,sqft,5292.0,3,1.0,2.0,1973.0,No,2,5,Y,Y,N,5.0,$254.2K
Brookhaven,1856.0,sqft,3761.0,3,1.5,3.0,1998.0,Yes,4,8,N,N,N,7.0,$435.0K
Northgate,1062.0,sqft,1543.0,2,1.0,1.0,1948.0,No,2,10,Y,Y,N,5.0,$84.2K
Sunridge,1679.0,sqft,4088.0,2,1.0,1.5,,Yes,3,3,N,N,N,7.0,$151.7K
Cedar Falls,798.0,sqft,1970.0,1,1.0,2.0,1921.0,No,5,6,Y,Y,N,6.0,89600.0
Cedar Falls,195.6,sqm,8009.0,3,1.5,2.0,1987.0,No,2,5,N,Y,N,4.0,279500.0
Riverside Park,1985.0,sqft,5050.0,3,2.5,1.5,1987.0,No,3,9,Y,Y,N,6.0,$399.0K
Brookhaven,1823.0,sqft,6907.0,4,3.0,1.0,1955.0,No,4,5,N,N,N,5.0,331200.0
Old Mill District,1694.0,sqft,5827.0,2,1.0,1.0,2019.0,No,2,4,Y,N,N,7.0,468200.0
Maple Grove,2353.0,sqft,3015.0,3,2.0,2.0,1926.0,No,3,4,Y,N,N,7.0,246700.0
Cedar Falls,1408.0,sqft,2087.0,2,1.0,1.0,1927.0,Yes,3,4,Y,N,N,5.0,161700.0
Sunridge,2085.0,sqft,3059.0,4,4.0,3.0,1970.0,Yes,4,7,N,,N,7.0,184100.0
Sunridge,1431.0,sqft,4915.0,2,1.5,3.0,1970.0,Yes,3,9,N,N,N,6.0,139600.0
Riverside Park,1751.0,sqft,4567.0,2,1.0,2.0,1986.0,No,1,6,Y,N,N,7.0,$275.3K
Northgate,1598.0,sqft,3877.0,3,2.5,1.0,1945.0,No,2,8,Y,N,N,5.0,118400.0
Riverside Park,1707.0,sqft,3980.0,3,3.0,3.0,1940.0,No,3,8,N,N,N,8.0,241200.0
Maple Grove,1318.0,sqft,3368.0,2,2.0,1.0,1933.0,Yes,2,10,Y,N,N,7.0,187700.0
Riverside Park,1961.0,sqft,3314.0,4,3.0,2.5,,No,4,3,N,Y,Y,5.0,383500.0
Brookhaven,2483.0,sqft,6925.0,3,2.0,1.0,1966.0,No,4,6,Y,Y,N,6.0,430600.0
Cedar Falls,2077.0,sqft,3979.0,3,2.0,2.0,1961.0,Yes,2,9,Y,N,N,7.0,266300.0
Riverside Park,292.3,sqm,6094.0,4,3.0,1.0,1972.0,No,3,5,Y,N,N,8.0,$520.0K
Cedar Falls,2196.0,sqft,8532.0,3,2.5,2.5,2016.0,No,3,8,N,N,N,5.0,$283.7K
Sunridge,500.0,sqft,1004.0,1,1.0,1.5,1962.0,No,2,3,Y,N,N,,$50.9K
Northgate,1197.0,sqft,3413.0,1,1.0,1.5,1938.0,No,4,7,Y,N,N,9.0,$95.0K
Cedar Falls,1626.0,sqft,4807.0,3,2.5,1.0,1955.0,No,1,6,N,N,N,5.0,198000.0
Sunridge,1074.0,sqft,1894.0,2,1.5,2.0,1959.0,No,2,9,N,Y,N,8.0,$108.3K
Maple Grove,2266.0,sqft,3527.0,3,1.5,3.0,1973.0,No,5,8,N,Y,Y,6.0,337700.0
Sunridge,1336.0,sqft,2777.0,1,1.5,1.0,1998.0,No,5,7,N,Y,N,5.0,$135.9K
Northgate,1730.0,sqft,2878.0,2,1.5,2.0,1932.0,Yes,5,4,Y,Y,N,9.0,114100.0
Brookhaven,1583.0,sqft,5091.0,2,1.0,2.0,1947.0,No,3,7,Y,Y,N,7.0,277900.0
Sunridge,1561.0,sqft,3920.0,2,1.0,1.5,1922.0,No,2,6,Y,N,N,6.0,$132.5K
Old Mill District,1815.0,sqft,3727.0,2,1.0,1.0,1956.0,No,2,7,Y,Y,Y,8.0,486100.0
Harbor Point,1075.0,sqft,3784.0,2,2.0,1.0,1979.0,Yes,3,4,N,Y,N,6.0,285900.0
Northgate,1269.0,sqft,4982.0,2,2.0,2.0,1944.0,Yes,4,5,Y,N,N,5.0,98300.0
Maple Grove,1609.0,sqft,4897.0,1,1.0,3.0,1935.0,Yes,4,3,Y,N,N,9.0,229100.0
Brookhaven,1763.0,sqft,6017.0,2,2.5,1.0,1954.0,Yes,3,9,Y,N,N,3.0,$369.3K
Northgate,1249.0,sqft,4493.0,2,1.5,2.0,1969.0,No,3,3,Y,Y,N,6.0,117500.0
Cedar Falls,1813.0,sqft,2794.0,4,3.0,1.5,2009.0,No,3,5,Y,Y,N,8.0,299700.0
Northgate,111.2,sqm,3282.0,2,1.0,2.0,1990.0,No,3,3,Y,N,N,,$118.1K
Brookhaven,941.0,sqft,2065.0,2,1.0,1.0,1933.0,Yes,2,8,Y,Y,N,6.0,163200.0
Riverside Park,2233.0,sqft,8870.0,3,2.0,2.5,1922.0,Yes,4,10,Y,N,N,7.0,$366.9K
Maple Grove,1318.0,sqft,2285.0,2,2.5,2.0,1981.0,No,4,3,N,N,N,6.0,167100.0
Cedar Falls,1433.0,sqft,3712.0,2,1.5,1.0,2011.0,No,3,4,Y,Y,N,5.0,164000.0
Cedar Falls,882.0,sqft,3175.0,1,1.0,3.0,1935.0,Yes,4,9,Y,Y,N,6.0,$128.5K
Old Mill District,2375.0,sqft,7096.0,3,1.5,2.0,1942.0,No,3,6,Y,Y,N,4.0,468300.0
Cedar Falls,2780.0,sqft,8705.0,4,4.0,1.0,1932.0,No,1,3,Y,N,N,8.0,$306.6K
Sunridge,1863.0,sqft,2884.0,3,3.0,2.5,2003.0,No,4,6,Y,N,N,9.0,$219.7K
Cedar Falls,1032.0,sqft,3766.0,1,1.0,1.0,2023.0,No,4,3,Y,Y,N,,166400.0
Maple Grove,976.0,sqft,1951.0,2,2.0,2.0,2023.0,No,3,6,N,Y,N,6.0,174900.0
Harbor Point,2178.0,sqft,5323.0,2,1.5,1.0,2004.0,No,2,3,Y,N,N,8.0,608500.0
Maple Grove,216.6,sqm,6106.0,4,3.5,2.0,1955.0,Yes,4,9,Y,N,N,10.0,$344.0K
Brookhaven,2928.0,sqft,5453.0,4,4.5,2.0,1939.0,Yes,4,3,Y,Y,N,5.0,$540.5K
Sunridge,77.3,sqm,1256.0,1,1.0,1.5,1984.0,No,5,4,Y,N,Y,,94700.0
Sunridge,1811.0,sqft,4396.0,3,2.0,2.0,1996.0,No,4,4,Y,Y,N,6.0,$183.9K
Maple Grove,206.1,sqm,4578.0,5,4.0,2.0,1948.0,No,5,4,N,Y,N,7.0,$270.7K
Old Mill District,2098.0,sqft,3583.0,3,1.5,2.5,1978.0,No,3,9,Y,N,N,3.0,469600.0
Riverside Park,2022.0,sqft,6281.0,3,2.5,1.5,1980.0,Yes,3,8,Y,N,N,6.0,387500.0
Sunridge,1623.0,sqft,2760.0,3,2.5,3.0,1939.0,Yes,4,7,N,Y,N,7.0,$153.9K
Brookhaven,150.3,sqm,3187.0,3,2.0,1.0,2011.0,No,4,6,N,Y,N,5.0,$340.4K
Cedar Falls,2378.0,sqft,7049.0,3,2.0,2.0,1932.0,Yes,4,10,Y,Y,N,3.0,317100.0
Sunridge,3010.0,sqft,8537.0,5,4.0,1.0,1945.0,No,3,10,Y,N,N,7.0,254900.0
Old Mill District,2890.0,sqft,6654.0,3,2.0,1.5,,No,3,5,Y,N,N,5.0,$710.5K
Northgate,838.0,sqft,2348.0,1,1.5,2.0,2011.0,No,2,4,Y,N,N,7.0,86500.0
Riverside Park,1866.0,sqft,3680.0,3,2.5,1.0,2008.0,No,4,4,Y,N,N,5.0,319300.0
Maple Grove,3072.0,sqft,9119.0,5,3.0,1.0,1957.0,No,5,10,N,N,N,6.0,$447.9K
Sunridge,584.0,sqft,2304.0,1,1.0,2.5,1974.0,No,4,4,Y,Y,N,3.0,$50.2K
Brookhaven,2259.0,sqft,6640.0,3,2.0,1.0,1953.0,No,4,6,Y,Y,N,5.0,$390.3K
Riverside Park,2283.0,sqft,4703.0,3,2.5,1.0,1941.0,Yes,1,10,N,N,N,4.0,$290.6K
Northgate,2189.0,sqft,3963.0,3,2.5,1.0,1956.0,Yes,3,8,Y,N,N,8.0,$204.6K
Maple Grove,1308.0,sqft,2636.0,2,2.0,2.0,2019.0,No,4,6,N,N,N,10.0,$241.5K
Sunridge,1788.0,sqft,6409.0,3,2.5,2.0,1922.0,Yes,5,9,N,N,N,5.0,$179.2K
Cedar Falls,930.0,sqft,1714.0,2,1.5,3.0,2003.0,No,4,4,Y,N,N,5.0,126300.0
Sunridge,2090.0,sqft,4275.0,3,2.0,2.0,1937.0,No,3,6,Y,Y,N,5.0,178600.0
Old Mill District,3192.0,sqft,5166.0,4,3.5,1.0,1963.0,No,2,7,N,Y,N,5.0,$609.7K
Brookhaven,931.0,sqft,2067.0,1,1.0,2.0,1998.0,No,4,10,Y,Y,Y,3.0,$261.1K
Maple Grove,2103.0,sqft,5526.0,3,2.5,2.0,1998.0,No,2,9,N,N,N,7.0,317000.0
Brookhaven,1397.0,sqft,,2,1.0,1.0,1964.0,No,5,4,Y,Y,N,9.0,$281.9K
Old Mill District,1518.0,sqft,4463.0,3,2.0,3.0,1946.0,No,5,5,Y,N,N,7.0,$262.9K
Brookhaven,1815.0,sqft,3828.0,2,2.0,1.0,1926.0,No,5,7,Y,N,N,2.0,$316.7K
Cedar Falls,1167.0,sqft,3444.0,2,1.5,1.0,2012.0,No,1,3,Y,N,N,6.0,159000.0
Brookhaven,1708.0,sqft,4586.0,3,1.0,2.0,2010.0,No,2,4,N,N,N,8.0,351300.0
Harbor Point,2401.0,sqft,4025.0,3,2.0,1.0,2022.0,No,2,3,Y,N,N,10.0,$785.4K
Cedar Falls,202.6,sqm,4405.0,4,4.0,2.0,1959.0,Yes,2,6,Y,Y,Y,5.0,331700.0
Riverside Park,2245.0,sqft,5239.0,3,2.5,1.0,1961.0,No,4,3,Y,Y,N,6.0,291800.0
Riverside Park,2813.0,sqft,9848.0,5,4.0,1.0,1940.0,No,4,7,Y,Y,N,7.0,443500.0
Northgate,1731.0,sqft,3863.0,2,2.0,2.5,1933.0,No,5,10,N,N,N,6.0,132200.0
Harbor Point,1429.0,sqft,5546.0,2,1.0,1.5,1938.0,Yes,2,4,Y,Y,N,4.0,372200.0
Maple Grove,1790.0,sqft,5072.0,2,2.5,1.0,,No,4,3,N,Y,Y,,$374.0K
Riverside Park,1848.0,sqft,5519.0,2,1.5,1.0,1964.0,No,3,9,Y,N,N,5.0,$281.2K
Old Mill District,1241.0,sqft,3010.0,1,1.0,2.0,1949.0,Yes,3,4,N,N,N,5.0,$261.6K
Sunridge,2424.0,sqft,4932.0,4,2.0,2.0,2010.0,No,3,6,N,,N,5.0,269900.0
Northgate,3179.0,sqft,11105.0,5,3.5,1.0,2002.0,No,5,10,Y,N,N,8.0,345100.0
Sunridge,2061.0,sqft,6407.0,3,3.0,1.0,1982.0,No,3,9,N,Y,N,6.0,$226.0K
Harbor Point,2195.0,sqft,6087.0,3,1.5,2.0,1932.0,No,3,6,Y,N,Y,5.0,$458.6K
Brookhaven,3133.0,sqft,6870.0,5,3.5,2.5,1977.0,Yes,4,8,Y,N,N,7.0,$621.3K
Old Mill District,1916.0,sqft,4924.0,3,2.0,3.0,1933.0,No,4,8,N,N,N,9.0,$409.3K
Old Mill District,1211.0,sqft,2145.0,2,1.5,1.0,1929.0,No,4,3,N,Y,N,3.0,$204.6K
Harbor Point,2908.0,sqft,9576.0,4,3.5,2.0,1938.0,No,2,4,Y,N,N,7.0,$707.4K
Cedar Falls,1980.0,sqft,5249.0,2,1.5,1.0,2002.0,No,3,10,Y,Y,N,8.0,$291.1K
Harbor Point,591.0,sqft,2171.0,1,1.0,1.0,1985.0,No,3,6,Y,Y,N,9.0,179000.0
Cedar Falls,1807.0,sqft,3034.0,3,2.5,2.0,1922.0,No,3,3,Y,N,N,5.0,$171.6K
Cedar Falls,241.0,sqm,10238.0,4,2.5,1.0,1984.0,No,3,7,Y,N,N,7.0,$368.6K
Northgate,703.0,sqft,2499.0,1,1.0,2.5,2004.0,No,3,4,Y,Y,N,7.0,74800.0
Sunridge,2452.0,sqft,9612.0,3,2.5,2.0,2012.0,Yes,3,5,Y,N,N,7.0,286400.0
Old Mill District,3336.0,sqft,4948.0,5,3.0,1.0,2016.0,No,2,8,N,Y,Y,6.0,$888.9K
Cedar Falls,2605.0,sqft,8062.0,3,2.0,2.0,1976.0,Yes,4,6,Y,N,N,7.0,304500.0
Sunridge,2212.0,sqft,2712.0,3,2.0,3.0,2002.0,No,4,7,Y,Y,N,,254700.0
Riverside Park,1160.0,sqft,2785.0,2,2.0,2.0,2001.0,No,4,5,Y,Y,N,9.0,$207.8K
Sunridge,500.0,sqft,800.0,1,1.0,2.0,1986.0,Yes,3,4,Y,Y,Y,4.0,$54.5K
Riverside Park,1516.0,sqft,4207.0,2,1.5,2.0,1925.0,No,3,6,Y,Y,N,5.0,$215.0K
Cedar Falls,2290.0,sqft,4049.0,3,2.5,1.0,,No,3,7,Y,Y,N,7.0,280900.0
Brookhaven,1099.0,sqft,3211.0,1,1.0,2.0,1943.0,No,2,7,Y,N,N,9.0,$209.4K
Maple Grove,1747.0,sqft,2438.0,2,1.5,2.5,1963.0,No,2,4,N,N,N,10.0,229300.0
Sunridge,2180.0,sqft,3209.0,3,2.0,2.0,1929.0,No,4,6,Y,N,N,7.0,179300.0
Riverside Park,2168.0,sqft,8652.0,3,2.0,2.0,1940.0,Yes,2,8,N,N,N,8.0,$342.8K
Northgate,1727.0,sqft,5364.0,3,2.0,3.0,2014.0,No,5,7,Y,N,N,,181000.0
Brookhaven,130.6,sqm,5500.0,3,2.0,1.5,1939.0,No,4,4,Y,Y,N,3.0,$214.4K
Brookhaven,500.0,sqft,1178.0,2,1.0,1.5,2006.0,No,5,8,Y,N,N,7.0,119100.0
Maple Grove,2987.0,sqft,11900.0,3,1.5,1.0,1929.0,No,5,10,N,N,N,5.0,$360.8K
Maple Grove,1854.0,sqft,4920.0,3,2.5,1.5,2012.0,No,4,6,Y,N,N,,$284.9K
Maple Grove,1636.0,sqft,5073.0,2,1.5,2.0,1973.0,Yes,3,5,Y,N,N,3.0,$253.5K
Old Mill District,1267.0,sqft,2400.0,2,1.5,2.0,2011.0,No,4,5,Y,Y,N,5.0,$373.8K
Northgate,1997.0,sqft,5569.0,3,2.5,3.0,1954.0,Yes,2,10,N,N,Y,6.0,179400.0
Maple Grove,1948.0,sqft,5361.0,3,4.0,1.0,,No,4,8,Y,N,N,6.0,277900.0
Sunridge,2143.0,sqft,3565.0,2,2.0,1.0,1932.0,No,3,4,Y,N,N,,$153.4K
Old Mill District,2061.0,sqft,2962.0,4,2.5,2.0,1975.0,Yes,4,9,Y,N,N,5.0,$616.9K
Maple Grove,271.5,sqm,10721.0,5,4.5,1.0,2002.0,No,5,7,Y,Y,N,8.0,473000.0
Brookhaven,1080.0,sqft,2704.0,2,2.5,1.0,1952.0,Yes,4,7,N,N,Y,8.0,$204.3K
Brookhaven,1983.0,sqft,3711.0,3,2.0,2.5,1947.0,No,4,9,N,Y,N,,$304.4K
Cedar Falls,2222.0,sqft,5501.0,4,3.0,1.5,1941.0,No,2,8,Y,Y,Y,6.0,$237.7K
Cedar Falls,1595.0,sqft,3193.0,2,1.5,1.5,1945.0,Yes,3,6,N,Y,N,3.0,165400.0
Northgate,2161.0,sqft,7599.0,4,3.5,1.5,1979.0,No,5,3,Y,Y,N,4.0,181100.0
Maple Grove,2704.0,sqft,9765.0,5,3.0,1.0,1980.0,No,2,7,Y,N,N,7.0,461500.0
Brookhaven,1965.0,sqft,5802.0,2,2.0,1.0,1966.0,No,5,9,N,N,N,6.0,387500.0
Harbor Point,2433.0,sqft,4103.0,4,4.0,1.0,1932.0,Yes,5,5,N,Y,N,7.0,$629.1K
Northgate,162.0,sqm,4010.0,4,3.0,2.0,1994.0,No,4,6,Y,Y,Y,6.0,194500.0
Harbor Point,2143.0,sqft,3498.0,3,3.0,2.5,1986.0,No,3,3,Y,N,Y,6.0,653700.0
Old Mill District,1836.0,sqft,4042.0,2,1.0,1.0,1938.0,No,2,3,Y,N,N,8.0,302700.0
Brookhaven,3935.0,sqft,11409.0,6,3.5,2.0,1932.0,No,2,7,Y,N,N,5.0,557000.0
Sunridge,3089.0,sqft,8899.0,4,3.0,1.0,1940.0,No,4,10,Y,Y,N,6.0,$283.6K
Cedar Falls,1362.0,sqft,2846.0,2,2.0,1.0,1955.0,Yes,4,5,Y,Y,N,8.0,$183.8K
Harbor Point,894.0,sqft,1465.0,2,1.5,2.0,1991.0,No,3,8,N,N,N,4.0,$204.0K
Cedar Falls,2307.0,sqft,3047.0,4,2.5,2.0,1930.0,No,3,4,N,N,N,6.0,241400.0
Sunridge,1907.0,sqft,4574.0,3,1.0,2.0,1981.0,No,3,5,Y,N,N,7.0,177100.0
Cedar Falls,976.0,sqft,2840.0,2,1.5,1.0,1947.0,No,1,3,N,Y,N,10.0,$108.1K
Riverside Park,2268.0,sqft,3656.0,3,2.0,1.0,2016.0,No,1,3,N,Y,N,9.0,421100.0
Riverside Park,1223.0,sqft,2990.0,1,1.0,1.0,1940.0,No,2,9,Y,N,N,5.0,136900.0
Riverside Park,1152.0,sqft,1624.0,2,2.0,2.5,1971.0,No,2,7,Y,N,N,8.0,201100.0
Cedar Falls,1639.0,sqft,2906.0,2,2.5,3.0,1959.0,No,4,9,Y,Y,N,6.0,210200.0
Brookhaven,2793.0,sqft,3935.0,4,3.0,1.0,2004.0,No,4,6,Y,Y,N,7.0,650200.0
Riverside Park,1757.0,sqft,4024.0,3,1.5,2.0,2000.0,No,5,5,N,N,N,7.0,$350.9K
Old Mill District,1556.0,sqft,4674.0,2,1.0,1.0,2017.0,No,2,6,N,Y,N,9.0,521900.0
Old Mill District,2492.0,sqft,4055.0,3,2.5,2.0,2007.0,No,3,8,Y,Y,N,8.0,$600.3K
Sunridge,2962.0,sqft,6897.0,4,3.0,2.0,2007.0,No,3,8,Y,Y,N,3.0,333900.0
Riverside Park,1738.0,sqft,6731.0,2,1.5,3.0,1949.0,No,3,9,Y,Y,N,6.0,$306.4K
Old Mill District,1724.0,sqft,2691.0,2,2.0,1.5,1944.0,No,4,4,N,Y,N,8.0,$353.3K
Harbor Point,1419.0,sqft,3541.0,2,2.0,2.0,2011.0,No,2,4,Y,Y,N,5.0,413600.0
Northgate,1785.0,sqft,5146.0,3,2.0,1.0,1922.0,No,2,7,Y,Y,N,8.0,165300.0
Riverside Park,3028.0,sqft,3786.0,4,3.5,3.0,1987.0,No,2,3,Y,N,N,4.0,427000.0
Riverside Park,132.7,sqm,1803.0,2,1.5,2.0,2016.0,No,3,4,Y,N,N,6.0,$249.9K
Cedar Falls,500.0,sqft,1875.0,2,2.0,1.0,1979.0,Yes,4,7,Y,N,N,5.0,$79.2K
Riverside Park,1105.0,sqft,2786.0,1,1.0,2.0,2015.0,No,4,4,Y,N,N,10.0,$180.8K
Maple Grove,2218.0,sqft,3375.0,3,2.5,1.0,2023.0,No,4,3,N,N,N,6.0,332000.0
Riverside Park,326.6,sqm,6788.0,5,4.5,1.0,1953.0,Yes,3,9,Y,,N,7.0,525000.0
Northgate,1301.0,sqft,4995.0,2,1.0,2.0,,No,2,9,N,Y,N,10.0,$130.1K
Cedar Falls,2374.0,sqft,5831.0,4,2.5,1.0,1934.0,Yes,1,10,Y,Y,N,9.0,$289.6K
Sunridge,299.9,sqm,9179.0,5,3.5,2.5,1937.0,Yes,5,8,Y,N,Y,7.0,$317.4K
Sunridge,2815.0,sqft,9997.0,4,3.0,1.5,1965.0,Yes,5,9,Y,N,N,4.0,$267.7K
Harbor Point,1865.0,sqft,5457.0,3,2.5,2.0,1979.0,No,4,5,Y,Y,N,4.0,480700.0
Riverside Park,2734.0,sqft,4643.0,5,3.5,1.0,1923.0,No,3,10,Y,,N,4.0,$421.7K
Brookhaven,159.6,sqm,2611.0,3,2.5,2.0,1960.0,Yes,5,3,Y,Y,N,6.0,$328.3K
Cedar Falls,1844.0,sqft,4339.0,4,3.5,1.0,1980.0,Yes,1,9,Y,Y,N,5.0,$285.1K
Harbor Point,2341.0,sqft,8582.0,3,2.5,1.0,1990.0,Yes,4,5,Y,Y,N,3.0,634300.0
Maple Grove,1496.0,sqft,1902.0,2,1.0,2.0,1980.0,No,3,10,Y,Y,N,5.0,$240.9K
Harbor Point,1926.0,sqft,6892.0,3,2.5,2.5,2011.0,No,2,10,Y,Y,N,8.0,$627.9K
Maple Grove,2108.0,sqft,2742.0,3,2.5,2.5,1971.0,No,3,7,Y,N,N,8.0,$313.2K
Cedar Falls,2564.0,sqft,6352.0,4,3.5,1.0,2012.0,No,4,10,Y,N,N,4.0,$339.8K
Cedar Falls,837.0,sqft,1373.0,2,2.0,1.0,1928.0,No,4,8,N,N,N,,$83.9K
Brookhaven,2258.0,sqft,5171.0,3,2.0,2.0,1933.0,No,4,7,N,N,N,4.0,334600.0
Sunridge,247.4,sqm,7658.0,3,2.0,1.0,2019.0,No,4,3,Y,N,N,6.0,308200.0
Riverside Park,2035.0,sqft,6993.0,3,2.5,1.0,1965.0,Yes,4,7,Y,Y,N,,382200.0
Northgate,2267.0,sqft,6420.0,4,2.5,2.0,1974.0,No,3,6,Y,N,N,6.0,$222.6K
Brookhaven,2567.0,sqft,8250.0,4,2.5,1.5,1972.0,Yes,4,8,Y,N,N,5.0,$495.1K
Sunridge,1555.0,sqft,4012.0,2,1.5,2.0,1999.0,No,3,7,N,Y,N,4.0,152300.0
Maple Grove,1222.0,sqft,1888.0,2,1.5,3.0,1985.0,No,1,9,Y,Y,N,3.0,$201.6K
Sunridge,1786.0,sqft,7012.0,3,2.0,1.0,1944.0,No,5,8,Y,N,N,10.0,$166.3K
Brookhaven,2206.0,sqft,8536.0,4,2.0,2.0,1963.0,No,2,3,Y,Y,N,9.0,406200.0
Old Mill District,2255.0,sqft,6042.0,3,2.0,1.0,1969.0,No,4,8,Y,Y,N,4.0,$526.7K
Harbor Point,2824.0,sqft,3886.0,4,3.0,2.5,1990.0,No,5,10,Y,N,N,9.0,$984.0K
Riverside Park,199.5,sqm,3322.0,4,3.0,2.0,1974.0,No,3,10,Y,Y,N,7.0,435400.0
Harbor Point,960.0,sqft,2772.0,1,1.5,2.0,1958.0,No,3,3,Y,N,N,5.0,233500.0
Harbor Point,2239.0,sqft,4320.0,4,3.0,3.0,1992.0,No,4,4,Y,N,N,5.0,$566.8K
Old Mill District,941.0,sqft,2574.0,3,2.5,2.0,1993.0,No,4,10,N,N,N,8.0,246800.0
Harbor Point,1612.0,sqft,4417.0,1,1.0,1.5,1954.0,No,3,4,Y,N,N,5.0,431000.0
Northgate,2838.0,sqft,10964.0,5,3.5,2.5,1957.0,Yes,4,3,N,N,N,7.0,223700.0
Harbor Point,186.7,sqm,2441.0,3,2.0,1.0,1999.0,No,4,10,N,N,N,8.0,500600.0
Sunridge,1696.0,sqft,6262.0,3,1.5,1.0,1982.0,Yes,3,7,N,Y,N,5.0,$196.4K
Brookhaven,2261.0,sqft,,2,1.0,1.0,2016.0,No,3,6,Y,Y,N,5.0,$507.0K
Riverside Park,2160.0,sqft,6377.0,3,3.0,2.5,1932.0,No,4,3,Y,Y,N,8.0,$309.2K
Cedar Falls,1761.0,sqft,6943.0,3,2.0,1.5,1924.0,No,5,4,Y,N,N,6.0,$197.9K
Riverside Park,231.9,sqm,8024.0,4,2.5,2.0,1959.0,No,3,7,Y,N,N,3.0,$320.9K
Old Mill District,2153.0,sqft,7640.0,4,2.5,2.0,1996.0,No,3,9,Y,Y,N,3.0,512700.0
Brookhaven,93.1,sqm,2143.0,1,1.0,1.0,1947.0,Yes,4,9,Y,Y,N,3.0,$197.6K
Brookhaven,258.8,sqm,8640.0,4,2.5,2.5,1980.0,No,3,6,Y,Y,Y,8.0,$761.1K
Northgate,2961.0,sqft,,5,4.0,2.0,1952.0,Yes,3,3,Y,Y,N,9.0,$258.8K
Old Mill District,190.0,sqm,2997.0,2,2.5,1.0,1956.0,No,4,9,Y,N,N,7.0,485400.0
Maple Grove,1486.0,sqft,2471.0,2,1.0,2.0,2019.0,No,5,3,Y,Y,N,6.0,240400.0
Riverside Park,1648.0,sqft,3631.0,3,2.5,3.0,2021.0,No,3,10,Y,N,N,,$298.1K
Old Mill District,1589.0,sqft,4249.0,3,2.0,2.0,1936.0,No,5,7,N,N,N,7.0,322900.0
Cedar Falls,1978.0,sqft,5385.0,3,2.0,2.0,1979.0,No,4,7,Y,N,Y,8.0,$264.6K
Old Mill District,3161.0,sqft,8429.0,5,4.0,1.0,1942.0,Yes,3,9,N,Y,N,8.0,617600.0
Cedar Falls,2822.0,sqft,8332.0,5,3.5,2.0,1930.0,No,4,5,Y,N,N,7.0,321500.0
Sunridge,2617.0,sqft,7616.0,4,3.0,1.5,1973.0,No,4,5,N,N,N,6.0,$227.3K
Brookhaven,1822.0,sqft,6843.0,2,2.0,3.0,1955.0,Yes,4,3,N,Y,N,8.0,299700.0
Harbor Point,1760.0,sqft,6707.0,3,2.5,1.0,1936.0,No,2,4,Y,N,N,6.0,350100.0
Old Mill District,2244.0,sqft,6733.0,2,1.5,2.5,2016.0,No,3,6,Y,N,N,,$596.9K
Harbor Point,1349.0,sqft,2270.0,4,3.0,2.0,1984.0,Yes,1,8,Y,N,N,7.0,$440.6K
Brookhaven,2247.0,sqft,4027.0,4,4.0,2.0,1978.0,No,4,6,Y,Y,N,5.0,449600.0
Old Mill District,1958.0,sqft,4212.0,4,3.0,1.0,1952.0,Yes,2,7,Y,N,N,7.0,$453.0K
Northgate,1563.0,sqft,5245.0,3,2.5,1.0,1935.0,Yes,4,3,N,N,N,4.0,106400.0
Harbor Point,1192.0,sqft,4625.0,2,2.0,1.5,1935.0,No,5,4,Y,N,N,6.0,$264.9K
Brookhaven,1579.0,sqft,2850.0,2,1.0,2.5,1967.0,Yes,5,6,N,N,N,7.0,299300.0
Brookhaven,2200.0,sqft,6269.0,4,3.0,2.0,2019.0,No,4,7,N,Y,N,9.0,$512.4K
Harbor Point,2123.0,sqft,5498.0,3,2.5,3.0,1976.0,No,5,4,N,N,N,6.0,$532.1K
Riverside Park,2754.0,sqft,10370.0,4,3.5,2.0,1957.0,Yes,1,8,Y,Y,N,7.0,$549.2K
Harbor Point,2286.0,sqft,8861.0,4,2.5,2.5,2008.0,No,3,3,Y,Y,N,8.0,$711.8K
Northgate,2850.0,sqft,4835.0,5,4.5,2.0,2001.0,No,3,3,Y,Y,N,6.0,263400.0
Riverside Park,1489.0,sqft,2888.0,2,1.5,1.0,1939.0,No,4,10,Y,N,N,9.0,231100.0
Brookhaven,1060.0,sqft,1830.0,1,1.0,2.0,1972.0,No,4,8,Y,N,N,5.0,180200.0
Sunridge,3471.0,sqft,10700.0,7,5.0,1.0,,No,2,5,Y,Y,N,6.0,$349.7K
Maple Grove,1623.0,sqft,2154.0,3,3.0,2.0,1929.0,No,2,4,N,Y,N,4.0,$184.0K
Old Mill District,1549.0,sqft,2346.0,2,1.5,2.0,1989.0,Yes,4,5,N,Y,N,4.0,375900.0
Brookhaven,974.0,sqft,1975.0,1,1.0,2.0,1932.0,No,5,3,N,Y,N,6.0,136200.0
Harbor Point,2098.0,sqft,4673.0,3,2.5,2.0,1962.0,No,2,7,N,N,N,10.0,523300.0
Cedar Falls,186.4,sqm,4088.0,3,2.0,2.0,1984.0,No,5,3,Y,N,N,6.0,$248.5K
Sunridge,1984.0,sqft,6504.0,3,2.0,1.5,2010.0,No,4,9,N,N,N,,$227.6K
Old Mill District,1289.0,sqft,4801.0,2,1.0,2.0,1925.0,No,5,8,Y,Y,N,4.0,$293.0K
Sunridge,2070.0,sqft,4380.0,3,2.0,1.0,1968.0,No,3,3,Y,N,N,7.0,$183.1K
Cedar Falls,1976.0,sqft,3159.0,3,2.0,3.0,2002.0,No,5,6,Y,N,N,6.0,279400.0
Cedar Falls,2069.0,sqft,4809.0,4,3.0,1.0,1978.0,No,5,10,N,N,N,6.0,274100.0
Old Mill District,500.0,sqft,1116.0,1,1.0,1.0,1990.0,Yes,4,5,N,Y,N,7.0,134400.0
Old Mill District,2364.0,sqft,6209.0,4,2.0,1.5,1955.0,No,4,8,Y,Y,N,7.0,580700.0
Riverside Park,876.0,sqft,3169.0,2,1.5,2.5,1965.0,No,2,5,Y,Y,N,5.0,$116.9K
Old Mill District,1703.0,sqft,5564.0,3,2.5,1.5,1976.0,No,4,7,N,N,N,5.0,$393.2K
Riverside Park,1619.0,sqft,6035.0,2,1.0,3.0,2009.0,No,1,5,Y,Y,N,6.0,291000.0
Old Mill District,2723.0,sqft,6145.0,5,4.0,1.0,1945.0,Yes,5,3,Y,Y,N,10.0,591100.0
Cedar Falls,1820.0,sqft,3320.0,3,1.5,2.0,1950.0,No,3,10,Y,N,N,7.0,214900.0
Cedar Falls,1838.0,sqft,4158.0,3,3.0,2.5,2011.0,No,3,5,Y,N,N,7.0,$257.7K
Harbor Point,1852.0,sqft,5095.0,2,1.5,2.0,1992.0,No,3,8,Y,Y,N,9.0,625100.0
Harbor Point,1619.0,sqft,2784.0,2,1.0,1.0,1962.0,No,3,8,Y,N,N,3.0,$385.6K
Riverside Park,1129.0,sqft,2229.0,2,1.5,1.0,1982.0,No,3,8,Y,N,N,5.0,$199.4K
Maple Grove,2651.0,sqft,7730.0,4,3.0,2.0,1929.0,No,1,8,Y,N,N,5.0,$329.2K
Riverside Park,862.0,sqft,2598.0,2,1.5,3.0,1976.0,Yes,1,3,Y,Y,N,5.0,156500.0
Old Mill District,140.9,sqm,5689.0,1,1.0,1.5,2001.0,No,2,8,N,Y,N,8.0,464800.0
Old Mill District,2699.0,sqft,9502.0,4,2.5,3.0,1939.0,Yes,3,6,N,N,N,9.0,$630.4K
Maple Grove,1766.0,sqft,6142.0,2,2.5,1.0,1949.0,No,1,4,Y,Y,N,2.0,207200.0
Cedar Falls,2254.0,sqft,4060.0,3,2.0,1.5,1942.0,No,3,7,Y,N,N,7.0,256900.0
Sunridge,1936.0,sqft,2640.0,3,2.5,1.5,1964.0,Yes,5,5,Y,Y,N,5.0,190400.0
Sunridge,325.9,sqm,4630.0,5,4.0,2.0,2008.0,Yes,4,8,N,N,N,7.0,401700.0
Northgate,842.0,sqft,2821.0,1,1.5,3.0,2007.0,No,4,8,N,Y,N,7.0,$93.5K
Cedar Falls,2408.0,sqft,6660.0,4,3.0,1.0,1944.0,No,4,6,N,N,N,7.0,235400.0
Sunridge,172.8,sqm,3486.0,3,3.0,1.0,1980.0,Yes,3,8,N,Y,N,10.0,222100.0
Maple Grove,92.6,sqm,2214.0,2,1.5,1.0,1981.0,No,3,3,Y,N,N,7.0,$117.0K
Riverside Park,247.0,sqm,8515.0,3,2.0,2.0,2013.0,No,5,6,Y,N,N,4.0,463300.0
Brookhaven,1338.0,sqft,3644.0,2,2.0,1.0,1987.0,Yes,3,9,N,Y,N,5.0,308400.0
Cedar Falls,1889.0,sqft,3549.0,2,1.0,1.0,1992.0,Yes,4,7,Y,N,N,5.0,$311.5K
Harbor Point,1709.0,sqft,6789.0,2,2.0,1.0,1926.0,No,3,4,Y,Y,N,1.0,$378.3K
Northgate,750.0,sqft,2161.0,1,1.0,1.0,2014.0,No,2,10,N,N,N,,$62.3K
Northgate,2978.0,sqft,11447.0,4,3.5,2.0,1993.0,No,3,10,N,N,N,6.0,294500.0
Harbor Point,1757.0,sqft,3699.0,3,2.5,1.0,1990.0,No,4,5,Y,Y,N,3.0,468300.0
Sunridge,500.0,sqft,1963.0,2,1.0,1.0,2012.0,No,3,7,Y,Y,N,7.0,60000.0
Sunridge,1764.0,sqft,6881.0,2,2.0,2.0,1940.0,No,4,3,Y,N,N,6.0,149000.0
Sunridge,1431.0,sqft,3215.0,2,1.0,2.5,1961.0,No,5,3,N,N,N,8.0,$140.5K
Brookhaven,638.0,sqft,1228.0,1,1.0,1.5,1994.0,Yes,4,6,N,Y,N,7.0,$156.0K
Harbor Point,897.0,sqft,2117.0,1,1.0,2.0,2008.0,No,5,4,Y,N,N,7.0,$274.4K
Old Mill District,1764.0,sqft,5119.0,3,3.0,3.0,1953.0,No,3,7,Y,N,N,4.0,$397.4K
Maple Grove,1989.0,sqft,2678.0,3,2.5,2.0,1927.0,No,4,9,N,Y,N,4.0,$260.1K
Cedar Falls,1438.0,sqft,4406.0,2,2.0,1.0,1988.0,Yes,3,8,Y,N,N,6.0,$238.3K
Maple Grove,1206.0,sqft,3042.0,1,1.0,2.0,2016.0,No,2,4,N,Y,N,8.0,$201.6K
Riverside Park,1006.0,sqft,2376.0,1,1.0,1.0,1931.0,No,3,5,Y,N,N,,136700.0
Brookhaven,165.2,sqm,3707.0,2,1.0,1.0,2020.0,No,5,3,Y,Y,Y,,442100.0
Maple Grove,860.0,sqft,2716.0,2,2.0,2.0,1951.0,No,2,4,Y,Y,N,4.0,$108.7K
Riverside Park,2538.0,sqft,7819.0,4,2.5,2.0,1937.0,No,2,4,Y,N,N,5.0,365400.0
Brookhaven,1724.0,sqft,2626.0,3,2.0,3.0,1971.0,No,4,6,N,Y,N,4.0,$265.7K
Old Mill District,1637.0,sqft,4878.0,3,1.5,2.5,1941.0,No,3,8,Y,Y,N,7.0,356200.0
Riverside Park,1154.0,sqft,3213.0,2,2.0,1.5,1927.0,Yes,3,8,Y,N,N,4.0,$170.9K
Sunridge,1317.0,sqft,4623.0,2,1.0,2.5,2006.0,No,4,4,Y,Y,N,4.0,149100.0
Sunridge,2393.0,sqft,4748.0,3,2.0,3.0,1935.0,No,4,5,Y,N,N,6.0,209200.0
Maple Grove,1743.0,sqft,4143.0,2,1.5,1.0,1999.0,No,3,3,Y,N,Y,5.0,$278.1K
Old Mill District,1111.0,sqft,1616.0,2,1.0,1.0,1972.0,No,5,3,Y,N,N,6.0,250500.0
Sunridge,1934.0,sqft,5045.0,3,3.0,1.5,1972.0,No,3,9,Y,Y,N,8.0,204100.0
Brookhaven,2312.0,sqft,8127.0,4,3.0,2.5,1973.0,Yes,4,10,Y,Y,N,7.0,520800.0
Brookhaven,2244.0,sqft,6190.0,3,2.0,2.0,1936.0,Yes,4,6,Y,N,N,7.0,$356.8K
Harbor Point,1855.0,sqft,7212.0,3,2.5,3.0,1943.0,No,2,4,Y,Y,N,7.0,430300.0
Cedar Falls,204.7,sqm,6604.0,4,2.5,3.0,1992.0,No,3,9,N,Y,N,8.0,$315.7K
Brookhaven,2583.0,sqft,6746.0,3,2.0,2.0,1996.0,No,4,8,N,N,N,5.0,551000.0
Northgate,275.2,sqm,5576.0,6,5.5,1.5,2010.0,No,5,10,Y,N,N,5.0,$285.9K
Riverside Park,2143.0,sqft,2707.0,3,3.0,1.0,1967.0,No,3,7,Y,N,N,6.0,$370.3K
Brookhaven,1969.0,sqft,7167.0,3,3.0,2.0,1974.0,No,4,8,Y,N,Y,7.0,394600.0
Riverside Park,241.8,sqm,8554.0,4,3.5,1.0,1939.0,No,2,8,Y,N,N,7.0,350300.0
Cedar Falls,2458.0,sqft,7626.0,4,3.0,1.0,1982.0,No,3,9,Y,N,Y,6.0,$428.4K
Maple Grove,184.8,sqm,5377.0,3,2.5,3.0,1942.0,Yes,3,3,Y,N,N,9.0,$265.0K
Maple Grove,2323.0,sqft,5023.0,5,4.5,2.0,2021.0,No,3,5,Y,N,N,4.0,$366.9K
Old Mill District,976.0,sqft,3601.0,2,2.0,3.0,1967.0,Yes,4,4,N,N,N,9.0,238700.0
Old Mill District,1013.0,sqft,1577.0,1,1.0,1.0,2010.0,No,3,7,Y,Y,N,3.0,$270.0K
Old Mill District,2296.0,sqft,4531.0,3,2.5,1.0,1955.0,No,2,6,Y,Y,N,4.0,479800.0
Riverside Park,1643.0,sqft,2868.0,2,1.5,1.0,1920.0,No,3,9,N,N,N,5.0,$200.8K
Harbor Point,2858.0,sqft,7678.0,4,4.0,2.0,1927.0,No,3,5,N,N,Y,5.0,691900.0
Harbor Point,2406.0,sqft,8657.0,4,3.5,2.0,1961.0,No,4,4,Y,Y,N,6.0,$592.8K
Maple Grove,1177.0,sqft,2301.0,2,1.5,1.5,1931.0,No,4,9,Y,,N,6.0,152500.0
Sunridge,199.3,sqm,7777.0,3,1.5,1.0,1966.0,No,3,6,Y,N,N,4.0,176900.0
Harbor Point,2239.0,sqft,7353.0,4,2.0,2.0,1980.0,Yes,3,7,Y,Y,N,7.0,707400.0
Brookhaven,1488.0,sqft,5453.0,3,1.5,2.0,2002.0,No,5,5,N,N,N,5.0,$297.1K
Old Mill District,500.0,sqft,1831.0,1,1.5,3.0,1972.0,No,2,4,Y,Y,N,6.0,129200.0
Northgate,2531.0,sqft,4306.0,4,3.0,2.0,1938.0,No,4,8,Y,N,N,7.0,$189.9K
Maple Grove,1553.0,sqft,2664.0,2,2.0,1.0,1953.0,Yes,3,4,N,N,Y,7.0,$209.2K
Riverside Park,2243.0,sqft,8185.0,3,2.0,1.0,1987.0,Yes,5,3,Y,N,N,8.0,$406.2K
Harbor Point,2270.0,sqft,3027.0,3,2.5,1.0,1950.0,No,4,9,Y,Y,N,5.0,$548.7K
Brookhaven,1745.0,sqft,5924.0,3,2.5,1.0,1939.0,No,4,9,Y,Y,N,8.0,$310.2K
Riverside Park,2222.0,sqft,4031.0,3,1.5,1.5,1989.0,Yes,3,8,Y,N,N,9.0,$435.6K
Maple Grove,1639.0,sqft,6379.0,3,3.0,1.0,1949.0,Yes,3,5,Y,Y,Y,6.0,244100.0
Northgate,2818.0,sqft,6921.0,5,4.0,2.0,1969.0,No,3,5,Y,N,N,6.0,$184.9K
Old Mill District,129.6,sqm,3113.0,2,1.5,1.0,1993.0,No,3,6,Y,N,Y,9.0,$418.8K
Maple Grove,1521.0,sqft,4487.0,2,2.0,2.0,2018.0,No,4,9,Y,N,Y,6.0,$286.4K
Maple Grove,1639.0,sqft,6250.0,4,4.0,3.0,1958.0,No,5,4,Y,Y,Y,8.0,279000.0
Cedar Falls,1623.0,sqft,3986.0,3,2.0,1.0,1942.0,No,4,10,Y,N,N,5.0,217000.0
Maple Grove,1558.0,sqft,5189.0,2,1.5,1.0,1995.0,Yes,5,6,N,N,N,,$258.2K
Riverside Park,761.0,sqft,1210.0,1,1.5,1.0,1920.0,Yes,3,3,N,Y,N,4.0,96400.0
Old Mill District,1750.0,sqft,6975.0,3,3.0,2.5,2016.0,No,3,4,Y,N,N,8.0,$462.3K
Maple Grove,2149.0,sqft,6573.0,3,3.5,1.0,1956.0,No,1,9,Y,N,N,3.0,$275.4K
Sunridge,972.0,sqft,2599.0,1,1.0,2.0,1947.0,Yes,3,3,Y,N,N,,$98.7K
Cedar Falls,2318.0,sqft,7432.0,4,3.5,1.0,1975.0,No,3,6,N,Y,N,3.0,287300.0
Cedar Falls,552.0,sqft,1978.0,1,1.0,2.5,1979.0,Yes,5,6,Y,N,N,6.0,70400.0
Northgate,2431.0,sqft,3093.0,3,2.5,2.0,1998.0,Yes,3,5,N,Y,N,5.0,$260.3K
Brookhaven,2727.0,sqft,5911.0,3,2.0,3.0,1958.0,No,5,8,Y,Y,N,8.0,600700.0
Riverside Park,2410.0,sqft,5572.0,3,1.0,1.0,1948.0,No,1,4,Y,N,N,9.0,371200.0
Riverside Park,1115.0,sqft,2589.0,1,1.0,3.0,1964.0,No,4,6,Y,N,N,7.0,$175.8K
Maple Grove,194.0,sqm,3939.0,3,1.0,1.0,1976.0,No,3,10,Y,N,N,8.0,265700.0
Maple Grove,178.1,sqm,2886.0,3,1.5,3.0,1959.0,No,4,8,N,Y,N,4.0,230100.0
Cedar Falls,1720.0,sqft,5828.0,3,2.0,2.0,2002.0,No,2,7,Y,Y,N,,$240.1K
Sunridge,174.0,sqm,4209.0,4,3.5,1.5,1923.0,No,4,4,Y,N,N,8.0,145100.0
Cedar Falls,160.5,sqm,4153.0,5,4.0,2.0,1942.0,Yes,4,9,Y,N,N,10.0,215300.0
Brookhaven,2680.0,sqft,3553.0,5,3.5,1.0,1984.0,No,5,4,Y,Y,N,7.0,593100.0
Northgate,1151.0,sqft,2687.0,1,1.0,1.0,1942.0,No,2,4,N,N,N,,$65.2K
Riverside Park,2549.0,sqft,9081.0,4,2.5,2.0,1921.0,Yes,4,3,Y,Y,N,,356000.0
Old Mill District,961.0,sqft,1913.0,1,1.0,2.0,1997.0,No,2,7,Y,N,N,7.0,245300.0
Cedar Falls,1429.0,sqft,3908.0,2,1.5,1.0,2006.0,Yes,4,5,Y,N,N,7.0,$200.4K
Cedar Falls,1782.0,sqft,3869.0,2,2.0,1.0,,No,4,10,Y,Y,N,6.0,278500.0
Riverside Park,2124.0,sqft,7098.0,3,2.5,1.0,1993.0,No,5,7,Y,N,N,9.0,$414.7K
Sunridge,2586.0,sqft,9822.0,3,2.0,2.5,1954.0,Yes,1,9,Y,N,N,8.0,229400.0
Maple Grove,1347.0,sqft,4135.0,2,1.0,2.0,2009.0,No,4,5,Y,Y,N,5.0,$186.5K
Sunridge,1162.0,sqft,2701.0,1,1.0,3.0,1926.0,Yes,4,3,Y,N,N,6.0,96600.0
Old Mill District,3210.0,sqft,9117.0,6,4.5,2.0,1971.0,Yes,4,5,Y,N,N,4.0,696700.0
Sunridge,198.0,sqm,5699.0,4,2.0,3.0,1954.0,No,4,5,Y,Y,N,7.0,166900.0
Old Mill District,1698.0,sqft,2785.0,3,4.0,1.0,1922.0,No,4,7,Y,Y,Y,7.0,351700.0
Cedar Falls,174.4,sqm,3942.0,2,2.5,1.5,2018.0,No,4,10,Y,N,N,4.0,$292.8K
Cedar Falls,1222.0,sqft,1747.0,2,1.0,1.0,2012.0,No,3,6,Y,N,N,7.0,176900.0
Harbor Point,756.0,sqft,1062.0,1,1.0,1.0,1921.0,Yes,5,9,N,Y,N,6.0,183800.0
Maple Grove,1581.0,sqft,4437.0,2,1.0,2.5,1973.0,Yes,3,3,N,N,N,2.0,$208.5K
Harbor Point,1515.0,sqft,6000.0,3,2.5,2.0,1922.0,Yes,4,7,Y,N,N,8.0,331400.0
Harbor Point,2048.0,sqft,4541.0,3,2.0,2.0,1935.0,No,2,7,Y,N,N,9.0,$515.2K
Brookhaven,1182.0,sqft,3584.0,2,1.0,1.0,1929.0,Yes,4,7,Y,Y,N,3.0,224400.0
Old Mill District,2332.0,sqft,6246.0,3,2.5,2.0,2008.0,No,5,5,Y,N,N,8.0,670200.0
Harbor Point,2433.0,sqft,7622.0,4,2.5,3.0,1965.0,No,5,7,Y,N,N,6.0,$781.7K
Cedar Falls,269.8,sqm,8325.0,5,3.5,2.0,1921.0,No,4,8,Y,Y,N,,343200.0
Maple Grove,3175.0,sqft,6669.0,5,3.5,2.0,1989.0,No,3,9,N,Y,N,7.0,$429.4K
Brookhaven,1096.0,sqft,2719.0,1,1.0,1.0,1972.0,No,5,6,Y,Y,N,5.0,229800.0
Maple Grove,918.0,sqft,1297.0,1,1.5,3.0,1959.0,No,3,10,N,N,N,5.0,135200.0
Riverside Park,1575.0,sqft,4418.0,2,2.5,1.0,1962.0,Yes,1,6,N,Y,N,3.0,217100.0
Maple Grove,1175.0,sqft,2669.0,2,1.0,1.0,1952.0,Yes,2,4,N,Y,N,6.0,150100.0
Riverside Park,1227.0,sqft,2861.0,1,1.0,1.0,1983.0,No,3,8,N,Y,N,8.0,$191.6K
Brookhaven,1056.0,sqft,1977.0,2,2.0,3.0,1993.0,No,5,5,Y,Y,N,5.0,207800.0
Old Mill District,1914.0,sqft,5384.0,3,2.0,2.0,1973.0,No,5,6,Y,N,N,4.0,438600.0
Maple Grove,537.0,sqft,800.0,2,1.5,1.0,1922.0,Yes,3,8,Y,Y,N,5.0,$77.5K
Brookhaven,1548.0,sqft,5228.0,3,3.5,2.0,1995.0,No,4,6,Y,N,N,6.0,$314.8K
Cedar Falls,1034.0,sqft,3855.0,1,1.0,1.0,2008.0,No,4,3,Y,Y,Y,7.0,179600.0
Brookhaven,1171.0,sqft,4252.0,2,1.0,1.5,1996.0,No,3,6,Y,Y,N,5.0,$256.2K
Riverside Park,1796.0,sqft,6277.0,2,1.5,1.5,1938.0,Yes,5,6,Y,N,N,8.0,304600.0
Brookhaven,1739.0,sqft,2916.0,3,2.5,3.0,2008.0,No,3,10,Y,Y,N,5.0,$405.0K
Cedar Falls,1786.0,sqft,5634.0,1,1.0,1.0,1975.0,No,4,3,Y,N,N,6.0,202500.0
Northgate,1857.0,sqft,6316.0,3,2.5,2.0,1964.0,Yes,3,5,N,N,N,9.0,$188.6K
Old Mill District,2329.0,sqft,4264.0,5,2.5,2.0,2000.0,No,4,3,Y,Y,N,5.0,551300.0
Riverside Park,2274.0,sqft,4164.0,3,1.5,2.0,1992.0,No,4,3,N,Y,N,8.0,373600.0
Sunridge,2593.0,sqft,5329.0,3,2.5,1.0,2001.0,No,3,10,Y,Y,N,5.0,$309.4K
Riverside Park,2967.0,sqft,9215.0,5,4.0,2.5,1972.0,Yes,3,3,N,N,N,3.0,464100.0
Old Mill District,2271.0,sqft,7932.0,2,1.5,2.0,2020.0,No,4,3,Y,N,N,3.0,$559.8K
Cedar Falls,1305.0,sqft,2088.0,1,1.0,1.0,1967.0,No,4,9,Y,,N,8.0,152200.0
Cedar Falls,2436.0,sqft,8655.0,3,2.0,1.0,1991.0,No,4,3,Y,N,N,5.0,$360.7K
Riverside Park,500.0,sqft,800.0,1,1.0,1.0,1956.0,Yes,3,5,N,N,N,5.0,$74.9K
Riverside Park,1104.0,sqft,1884.0,1,1.0,2.0,1922.0,Yes,5,3,Y,N,N,,$172.6K
Maple Grove,664.0,sqft,1195.0,1,1.0,1.0,1952.0,No,4,7,N,N,N,3.0,76900.0
Sunridge,2431.0,sqft,3018.0,3,2.0,1.0,1992.0,No,3,6,N,N,Y,6.0,$238.5K
Riverside Park,1907.0,sqft,4360.0,5,3.0,2.5,1937.0,No,4,6,Y,N,N,5.0,$226.8K
Brookhaven,1897.0,sqft,3929.0,3,2.0,2.0,1945.0,Yes,4,7,Y,N,N,6.0,353900.0
Sunridge,2173.0,sqft,3596.0,2,1.5,1.0,1992.0,Yes,4,3,Y,,N,,198300.0
Maple Grove,99.1,sqm,3690.0,2,2.0,1.0,1937.0,No,3,10,Y,Y,N,10.0,$155.4K
Cedar Falls,834.0,sqft,1730.0,2,1.0,1.0,1976.0,Yes,2,4,Y,N,N,6.0,$107.4K
Old Mill District,989.0,sqft,2729.0,2,1.5,2.0,1991.0,Yes,1,5,N,Y,N,5.0,$230.9K
Riverside Park,1215.0,sqft,3077.0,2,1.0,1.0,1963.0,No,3,5,N,Y,N,5.0,$194.9K
Riverside Park,850.0,sqft,3289.0,1,1.0,2.5,1935.0,No,3,4,N,Y,N,5.0,99200.0
Sunridge,500.0,sqft,1453.0,1,1.0,1.0,1988.0,Yes,4,10,Y,Y,N,10.0,$61.7K
Old Mill District,1671.0,sqft,2468.0,3,2.0,2.5,2001.0,No,3,8,Y,N,N,6.0,$352.3K
Maple Grove,1413.0,sqft,1706.0,2,1.0,2.0,1920.0,No,1,5,Y,N,N,7.0,182500.0
Brookhaven,1506.0,sqft,2119.0,2,2.5,2.0,2013.0,No,3,9,N,Y,N,8.0,$302.5K
Old Mill District,260.4,sqm,6013.0,3,2.5,1.0,1920.0,No,1,8,N,N,N,8.0,$502.7K
Northgate,197.0,sqm,4777.0,3,3.0,3.0,1932.0,Yes,3,3,Y,,N,,195700.0
Maple Grove,129.3,sqm,2402.0,2,2.0,2.0,1982.0,Yes,5,8,N,Y,N,5.0,222200.0
Harbor Point,1082.0,sqft,1679.0,2,1.5,2.5,2009.0,Yes,4,5,N,Y,N,2.0,326600.0
Old Mill District,1207.0,sqft,3164.0,3,2.5,1.0,2010.0,Yes,3,7,N,N,N,7.0,343400.0
Sunridge,3015.0,sqft,8058.0,4,2.0,1.0,1974.0,Yes,2,3,Y,N,N,5.0,$314.4K
Harbor Point,3829.0,sqft,14560.0,5,3.0,2.0,2016.0,No,1,10,Y,N,N,7.0,1511800.0
Northgate,1379.0,sqft,3817.0,2,2.0,2.0,1998.0,No,4,6,Y,N,N,5.0,$136.6K
Northgate,2293.0,sqft,5949.0,4,3.5,1.0,2002.0,No,3,5,N,N,N,6.0,208200.0
Harbor Point,1976.0,sqft,6891.0,3,2.0,2.0,2009.0,No,2,7,Y,N,N,7.0,$620.7K
Riverside Park,1775.0,sqft,,2,1.0,2.0,1961.0,No,3,4,N,N,N,6.0,$248.7K
Cedar Falls,1811.0,sqft,3743.0,2,2.0,1.0,2018.0,No,2,3,Y,,N,8.0,$278.8K
Riverside Park,1069.0,sqft,1294.0,2,1.5,2.0,1964.0,Yes,5,4,N,N,N,5.0,157500.0
Cedar Falls,2523.0,sqft,3281.0,2,2.5,1.0,2015.0,No,5,5,N,Y,N,6.0,$371.5K
Maple Grove,655.0,sqft,1999.0,1,1.5,1.0,1985.0,No,3,10,Y,Y,N,3.0,99000.0
Cedar Falls,2378.0,sqft,6076.0,4,2.5,2.5,1938.0,Yes,4,10,Y,Y,N,6.0,343200.0
Northgate,958.0,sqft,3698.0,1,1.0,2.5,1946.0,Yes,4,9,N,Y,Y,5.0,79100.0
Harbor Point,85.6,sqm,1323.0,1,1.0,2.0,1963.0,Yes,3,9,N,Y,Y,5.0,313000.0
Harbor Point,1695.0,sqft,4313.0,2,1.0,3.0,1997.0,No,2,8,Y,Y,N,5.0,$528.9K
Sunridge,1679.0,sqft,4452.0,3,2.0,2.0,2004.0,No,3,4,N,N,N,5.0,178600.0
Cedar Falls,2164.0,sqft,7257.0,3,2.0,1.0,2016.0,No,4,6,Y,,N,6.0,$312.1K
Old Mill District,2554.0,sqft,9747.0,5,3.5,1.5,1960.0,No,4,6,N,Y,N,,$512.7K
Maple Grove,2400.0,sqft,7475.0,5,3.0,1.0,1968.0,No,2,4,Y,Y,N,3.0,$254.7K
Maple Grove,1704.0,sqft,5532.0,3,3.0,1.0,1971.0,No,5,5,N,Y,N,6.0,227100.0
Cedar Falls,1361.0,sqft,5289.0,2,2.5,1.5,1951.0,No,4,10,Y,Y,Y,10.0,$243.8K
Riverside Park,783.0,sqft,2330.0,1,1.0,3.0,1928.0,No,3,10,Y,N,N,7.0,$117.9K
Sunridge,155.5,sqm,3093.0,2,1.5,2.5,2004.0,No,3,9,Y,N,N,8.0,193300.0
Old Mill District,1637.0,sqft,2987.0,4,3.5,1.0,1931.0,Yes,2,4,N,Y,N,7.0,$379.2K
Sunridge,1413.0,sqft,,2,1.0,2.5,1930.0,No,3,4,N,N,N,5.0,117600.0
Maple Grove,2315.0,sqft,6698.0,4,2.5,2.0,2001.0,No,4,6,Y,N,N,8.0,383000.0
Maple Grove,3542.0,sqft,5995.0,6,4.5,2.0,1965.0,No,1,6,Y,Y,Y,5.0,449900.0
Sunridge,2478.0,sqft,8364.0,4,3.0,1.0,1952.0,No,3,8,Y,Y,N,7.0,243400.0
Sunridge,1525.0,sqft,,2,2.5,2.5,1922.0,No,2,3,Y,N,N,6.0,138100.0
Old Mill District,1494.0,sqft,5559.0,3,2.0,1.0,2015.0,No,3,9,Y,Y,N,8.0,$471.7K
Maple Grove,1494.0,sqft,3195.0,2,1.0,2.0,1980.0,No,3,9,Y,Y,N,9.0,$218.4K
Sunridge,1405.0,sqft,5375.0,1,1.0,3.0,1935.0,No,2,4,Y,N,N,4.0,119900.0
Brookhaven,1248.0,sqft,2298.0,2,1.5,2.0,1950.0,Yes,4,8,Y,N,N,6.0,270600.0
Brookhaven,2537.0,sqft,6099.0,4,3.0,2.0,1952.0,No,3,7,N,Y,N,7.0,$419.3K
Brookhaven,1302.0,sqft,4204.0,2,1.5,1.0,1993.0,No,3,7,Y,Y,N,6.0,$289.6K
Northgate,1114.0,sqft,4131.0,1,1.0,2.0,2005.0,No,3,8,N,Y,N,8.0,$111.4K
Cedar Falls,1249.0,sqft,3088.0,2,1.0,1.0,1992.0,No,4,3,Y,Y,N,4.0,176200.0
Cedar Falls,1699.0,sqft,6082.0,3,2.0,1.0,1922.0,No,3,4,Y,N,N,6.0,$188.4K
Sunridge,1891.0,sqft,4794.0,2,2.0,2.0,1952.0,Yes,4,10,Y,N,N,7.0,200200.0
Northgate,500.0,sqft,1723.0,1,1.0,2.0,1934.0,No,3,8,Y,N,N,6.0,$45.0K
Sunridge,1802.0,sqft,4125.0,4,3.0,3.0,1995.0,No,5,10,Y,,N,8.0,$200.2K
Riverside Park,1832.0,sqft,7011.0,3,2.5,3.0,2010.0,No,4,10,Y,N,N,5.0,283600.0
Harbor Point,1967.0,sqft,7560.0,4,3.0,2.0,1933.0,No,5,10,Y,Y,N,8.0,548400.0
Riverside Park,1567.0,sqft,2543.0,2,1.0,1.0,1954.0,No,3,3,N,N,N,4.0,198500.0
Sunridge,158.2,sqm,4633.0,3,2.5,1.0,1956.0,No,5,9,Y,N,N,3.0,153300.0
Harbor Point,1473.0,sqft,2957.0,3,2.0,2.0,2020.0,No,4,6,Y,N,N,,509400.0
Northgate,2297.0,sqft,8781.0,4,3.0,3.0,2005.0,No,5,5,Y,N,N,9.0,$203.0K
Northgate,1589.0,sqft,4625.0,2,1.5,1.5,1933.0,Yes,2,5,Y,N,N,4.0,$109.5K
Harbor Point,1513.0,sqft,3572.0,2,1.0,1.0,2017.0,No,3,5,Y,Y,N,10.0,612500.0
Northgate,107.9,sqm,2417.0,2,1.5,1.0,1990.0,No,4,9,Y,N,N,8.0,107500.0
Riverside Park,1572.0,sqft,2930.0,2,1.0,2.5,1981.0,Yes,4,7,Y,,N,5.0,245800.0
Cedar Falls,184.0,sqm,4873.0,4,4.0,1.5,,Yes,3,7,Y,N,N,4.0,291200.0
Brookhaven,243.7,sqm,3714.0,3,2.5,1.5,1977.0,Yes,2,10,Y,Y,N,3.0,525700.0
Maple Grove,2130.0,sqft,5412.0,3,3.0,1.0,1956.0,Yes,2,8,Y,Y,Y,9.0,$348.6K
Old Mill District,172.3,sqm,3266.0,2,1.5,2.5,1943.0,Yes,3,9,Y,Y,N,,$466.9K
Cedar Falls,544.0,sqft,1852.0,1,1.5,2.5,2012.0,No,3,10,Y,N,N,7.0,$87.5K
Cedar Falls,2260.0,sqft,5227.0,3,2.5,1.0,2009.0,No,3,7,Y,N,N,3.0,$297.6K
Brookhaven,3138.0,sqft,10227.0,6,4.5,1.0,1957.0,Yes,3,3,Y,N,N,8.0,$576.0K
Old Mill District,2886.0,sqft,10632.0,4,3.0,2.0,1936.0,No,4,9,Y,Y,N,6.0,583300.0
Brookhaven,1400.0,sqft,5576.0,3,3.0,2.0,1939.0,No,4,7,N,Y,N,6.0,232500.0
Northgate,285.0,sqm,5830.0,5,3.5,2.0,1944.0,Yes,2,8,Y,Y,N,10.0,270500.0
Riverside Park,1439.0,sqft,2882.0,3,2.5,2.0,1987.0,Yes,2,8,Y,Y,N,4.0,$246.7K
Sunridge,1736.0,sqft,3572.0,3,3.0,2.0,1933.0,Yes,5,9,N,N,N,9.0,$192.2K
Old Mill District,219.1,sqm,6060.0,3,3.0,2.5,2021.0,No,3,8,N,N,N,6.0,$604.5K
Sunridge,238.8,sqm,5991.0,3,2.0,1.0,1921.0,Yes,3,4,Y,N,N,7.0,210400.0
Old Mill District,2047.0,sqft,4409.0,3,2.0,2.5,2014.0,No,5,10,Y,Y,N,7.0,$452.5K
Northgate,2556.0,sqft,4364.0,4,3.0,2.0,1942.0,No,4,4,Y,N,Y,5.0,$193.4K
Brookhaven,1499.0,sqft,3976.0,2,2.0,1.0,2010.0,No,5,9,Y,N,N,7.0,369600.0
Cedar Falls,2422.0,sqft,3780.0,3,2.0,1.0,1937.0,No,3,4,Y,N,N,7.0,$250.8K
Sunridge,2104.0,sqft,6684.0,3,2.5,1.0,,No,3,6,N,N,N,4.0,177200.0
Northgate,1748.0,sqft,2942.0,4,2.5,2.0,1979.0,No,3,3,Y,Y,N,5.0,149800.0
Cedar Falls,1935.0,sqft,6740.0,3,3.5,1.0,1976.0,Yes,2,8,Y,N,N,4.0,$265.7K
Riverside Park,1481.0,sqft,3910.0,3,1.5,1.0,1994.0,No,4,5,Y,Y,Y,7.0,289400.0
Old Mill District,2208.0,sqft,6007.0,3,2.5,1.5,1954.0,No,1,3,Y,Y,N,6.0,$429.3K
Sunridge,1571.0,sqft,3460.0,2,1.5,1.5,1950.0,Yes,1,3,Y,Y,N,10.0,150500.0
Brookhaven,2991.0,sqft,4627.0,4,2.5,2.0,1927.0,No,3,10,N,Y,Y,6.0,592200.0
Northgate,500.0,sqft,1346.0,1,1.0,2.0,1921.0,No,4,9,Y,N,Y,5.0,45000
Northgate,1048.0,sqft,2036.0,1,1.0,1.5,,No,3,4,Y,N,Y,6.0,$100.7K
Northgate,2602.0,sqft,7331.0,4,3.5,2.0,2000.0,No,3,7,Y,,N,5.0,$231.2K
Riverside Park,2950.0,sqft,9287.0,5,4.5,1.0,1946.0,Yes,5,8,Y,Y,N,7.0,558700.0
Northgate,1071.0,sqft,2916.0,2,1.5,1.0,1981.0,No,3,8,Y,N,N,1.0,77400.0
Harbor Point,1486.0,sqft,3173.0,3,2.5,2.0,1947.0,No,3,6,Y,N,N,5.0,$408.2K
Maple Grove,3000.0,sqft,11168.0,5,3.5,1.0,1963.0,No,3,8,Y,N,N,6.0,$346.5K
Harbor Point,1714.0,sqft,3943.0,2,1.5,1.0,1949.0,Yes,4,7,N,Y,N,6.0,$426.6K
Sunridge,1099.0,sqft,3392.0,2,1.0,1.0,1955.0,No,3,5,Y,N,N,6.0,88100.0
Harbor Point,1076.0,sqft,4038.0,1,1.0,1.0,1930.0,No,4,6,Y,N,N,4.0,$251.5K
Northgate,114.9,sqm,2222.0,1,1.0,2.0,1978.0,Yes,5,10,Y,Y,N,7.0,123300.0
Maple Grove,109.6,sqm,3628.0,2,1.5,2.0,1969.0,Yes,3,3,N,N,N,7.0,150400.0
Brookhaven,572.0,sqft,1005.0,1,1.5,2.0,2007.0,No,4,4,Y,Y,N,7.0,119700.0
Cedar Falls,2067.0,sqft,7003.0,4,3.0,1.0,1995.0,No,2,6,Y,N,N,4.0,$302.9K
Maple Grove,128.0,sqm,4427.0,2,2.5,1.0,2010.0,No,4,4,Y,Y,N,7.0,$206.0K
Old Mill District,1860.0,sqft,7254.0,2,1.0,2.5,2011.0,No,4,5,Y,N,N,6.0,$517.7K
Sunridge,1929.0,sqft,6959.0,4,2.5,2.0,1952.0,No,4,5,Y,Y,N,7.0,$197.6K
Northgate,1522.0,sqft,2117.0,3,2.0,1.0,1984.0,No,3,4,Y,N,N,7.0,$129.3K
Brookhaven,2323.0,sqft,6235.0,4,2.5,2.0,2018.0,Yes,4,8,N,Y,N,6.0,$549.8K
Old Mill District,2555.0,sqft,6567.0,5,4.0,1.0,1971.0,No,4,9,N,N,N,9.0,$622.6K
Sunridge,3036.0,sqft,11576.0,5,4.5,2.0,2020.0,No,3,10,Y,,N,6.0,366400.0
Brookhaven,92.3,sqm,1698.0,1,1.0,1.0,2011.0,No,3,7,N,N,N,6.0,207900.0
Northgate,2142.0,sqft,5286.0,5,3.5,2.0,1986.0,Yes,2,9,Y,Y,N,3.0,$239.1K
Cedar Falls,721.0,sqft,1939.0,2,3.5,1.5,1995.0,No,4,7,Y,Y,Y,4.0,$121.3K
Sunridge,1118.0,sqft,1463.0,1,1.0,2.0,1959.0,No,4,7,Y,Y,N,4.0,$105.7K
Northgate,2042.0,sqft,5874.0,3,2.0,1.0,1957.0,Yes,3,5,N,Y,N,4.0,$159.7K
Cedar Falls,1414.0,sqft,3300.0,1,1.0,2.5,1984.0,No,3,5,N,N,N,9.0,168500.0
Northgate,201.1,sqm,7153.0,3,1.5,1.5,1967.0,No,4,8,N,N,N,6.0,183000.0
Maple Grove,997.0,sqft,3215.0,1,1.0,1.0,2023.0,No,2,6,Y,Y,N,6.0,$180.8K
Harbor Point,1761.0,sqft,5842.0,3,2.5,1.0,1924.0,Yes,4,6,Y,Y,N,5.0,425800.0
Maple Grove,2791.0,sqft,10701.0,5,4.5,1.0,2000.0,Yes,3,9,N,N,N,,$435.0K
Old Mill District,823.0,sqft,1422.0,1,1.0,3.0,1990.0,No,3,5,Y,,Y,5.0,253700.0
Sunridge,147.3,sqm,6303.0,2,1.5,1.0,1956.0,No,4,3,N,,N,5.0,$137.3K
Riverside Park,2334.0,sqft,6622.0,5,4.0,1.5,1982.0,Yes,4,5,Y,N,N,3.0,$390.8K
Riverside Park,1968.0,sqft,4116.0,4,3.0,2.0,2000.0,No,4,5,N,N,Y,4.0,326900.0
Brookhaven,2261.0,sqft,7165.0,3,2.0,1.0,1940.0,No,4,6,Y,N,N,6.0,419700.0
Riverside Park,1996.0,sqft,4832.0,3,1.5,1.0,2002.0,No,4,8,Y,Y,N,4.0,388400.0
Cedar Falls,1651.0,sqft,6150.0,3,1.5,2.0,2009.0,No,4,10,Y,Y,N,6.0,$325.3K
Old Mill District,1976.0,sqft,4514.0,2,2.5,2.0,1971.0,Yes,3,10,Y,N,N,4.0,$545.9K
Riverside Park,2396.0,sqft,5756.0,2,2.0,2.0,2022.0,No,4,5,Y,Y,N,6.0,511400.0
Northgate,1570.0,sqft,2249.0,2,1.5,1.0,1951.0,Yes,4,4,Y,N,N,8.0,$130.5K
Maple Grove,749.0,sqft,1217.0,1,1.0,1.5,1994.0,Yes,3,9,Y,N,N,5.0,$137.9K
Brookhaven,849.0,sqft,3350.0,1,1.0,1.0,1994.0,No,2,6,Y,N,N,4.0,166800.0
Brookhaven,1554.0,sqft,6001.0,3,2.0,2.5,2001.0,No,3,5,N,N,N,10.0,$340.7K
Cedar Falls,63.5,sqm,2070.0,1,1.0,1.5,1935.0,Yes,2,7,Y,N,N,5.0,79900.0
Cedar Falls,188.0,sqm,6018.0,3,3.5,1.0,1960.0,No,2,4,Y,N,N,5.0,$215.0K
Maple Grove,224.5,sqm,6391.0,5,4.0,1.0,1991.0,Yes,1,8,N,N,N,5.0,$376.3K
Sunridge,2118.0,sqft,6591.0,4,2.5,2.0,1966.0,Yes,3,8,N,N,N,5.0,193700.0
Sunridge,1862.0,sqft,6198.0,3,2.5,3.0,1928.0,No,1,9,N,Y,N,3.0,167300.0
Old Mill District,1915.0,sqft,3209.0,3,2.5,2.5,1971.0,Yes,2,4,N,Y,N,5.0,445200.0
Maple Grove,87.4,sqm,1856.0,1,1.0,2.0,2018.0,No,5,8,Y,N,N,6.0,161400.0
Old Mill District,2085.0,sqft,3683.0,3,2.5,2.0,2023.0,No,4,10,Y,Y,N,7.0,701000.0
Old Mill District,1057.0,sqft,3265.0,2,2.0,2.0,1939.0,No,5,7,Y,Y,N,6.0,217800.0
Riverside Park,2087.0,sqft,5783.0,3,2.0,2.0,1936.0,Yes,3,5,Y,N,N,9.0,237600.0
Sunridge,1550.0,sqft,2536.0,3,1.5,2.5,1963.0,No,3,9,Y,Y,N,10.0,155100.0
Sunridge,2146.0,sqft,3607.0,5,4.5,2.5,1956.0,Yes,3,10,Y,N,N,5.0,$208.0K
Cedar Falls,807.0,sqft,2730.0,1,1.0,1.5,1928.0,No,3,5,Y,Y,N,6.0,$91.2K
Sunridge,1870.0,sqft,2529.0,2,1.5,1.0,1976.0,Yes,4,5,Y,N,N,7.0,182400.0
Northgate,2037.0,sqft,5819.0,3,2.5,3.0,1941.0,No,4,10,N,Y,N,6.0,$155.3K
Northgate,1755.0,sqft,3264.0,3,2.5,2.5,1950.0,No,3,10,N,Y,N,8.0,$143.2K
Maple Grove,1488.0,sqft,5296.0,2,1.5,1.0,1976.0,No,2,5,Y,N,N,6.0,191000.0
Harbor Point,1446.0,sqft,5281.0,2,1.0,1.0,1929.0,No,2,9,Y,N,N,5.0,$300.6K
Cedar Falls,891.0,sqft,1608.0,1,1.5,2.0,1996.0,No,4,9,Y,N,N,5.0,132800.0
Northgate,2207.0,sqft,5351.0,3,1.5,1.0,2021.0,No,4,5,Y,N,N,6.0,$204.2K
Riverside Park,1206.0,sqft,4438.0,1,1.0,2.0,1928.0,No,5,4,Y,Y,N,5.0,168300.0
Harbor Point,1589.0,sqft,2368.0,2,1.5,2.0,1972.0,Yes,4,10,Y,N,Y,6.0,$552.9K
Cedar Falls,1293.0,sqft,2669.0,3,2.0,2.0,1959.0,No,4,4,Y,Y,N,4.0,146000.0
Old Mill District,3077.0,sqft,7057.0,5,4.0,2.0,1979.0,No,3,7,Y,Y,N,6.0,$743.8K
Cedar Falls,1277.0,sqft,2231.0,2,1.0,3.0,2017.0,No,4,8,Y,Y,N,7.0,190800.0
Northgate,3051.0,sqft,5026.0,5,4.5,2.0,1961.0,Yes,2,8,Y,N,N,6.0,315600.0
Maple Grove,2951.0,sqft,11447.0,5,3.5,1.5,1985.0,No,5,4,Y,Y,N,6.0,$430.3K
Northgate,149.9,sqm,2820.0,2,2.0,1.0,2019.0,No,3,9,Y,N,N,7.0,172200.0
Harbor Point,2010.0,sqft,3952.0,3,3.0,1.0,1980.0,No,5,9,Y,N,Y,7.0,$624.9K
Riverside Park,1673.0,sqft,3524.0,3,2.0,2.5,1985.0,Yes,2,4,Y,Y,N,2.0,$287.5K
Cedar Falls,152.7,sqm,6337.0,3,1.5,1.0,1940.0,No,4,3,Y,Y,N,8.0,$187.2K
Cedar Falls,1959.0,sqft,5680.0,3,2.5,1.0,1923.0,Yes,4,8,N,Y,Y,6.0,$223.7K
Brookhaven,1593.0,sqft,4769.0,3,2.5,3.0,1950.0,Yes,3,3,Y,N,N,5.0,267900.0
Maple Grove,1180.0,sqft,2678.0,1,1.0,1.0,2015.0,No,4,5,Y,N,N,5.0,184900.0
Old Mill District,244.1,sqm,5324.0,4,3.0,3.0,1961.0,Yes,2,6,Y,Y,N,,$587.0K
Maple Grove,2165.0,sqft,8625.0,4,2.5,1.0,1996.0,No,2,8,Y,N,N,6.0,$391.6K
Cedar Falls,2263.0,sqft,3544.0,3,2.0,3.0,1955.0,No,3,10,Y,Y,N,7.0,304900.0
Old Mill District,1863.0,sqft,2796.0,3,2.0,2.0,1934.0,No,1,5,Y,Y,N,7.0,338800.0
Riverside Park,107.1,sqm,3012.0,3,2.0,2.0,1996.0,No,4,3,Y,Y,N,6.0,214800.0
Old Mill District,2439.0,sqft,6741.0,4,2.5,2.0,1975.0,Yes,4,3,Y,N,N,3.0,541500.0
Riverside Park,1732.0,sqft,3081.0,2,2.5,2.5,1923.0,Yes,3,5,Y,Y,N,7.0,291600.0
Cedar Falls,275.3,sqm,4673.0,5,4.0,1.0,1949.0,Yes,2,4,N,Y,N,1.0,$347.7K
Harbor Point,1631.0,sqft,4402.0,2,1.0,1.0,1943.0,No,4,4,Y,Y,N,6.0,$394.4K
Northgate,2405.0,sqft,6693.0,4,2.5,1.0,1933.0,No,3,7,Y,Y,N,6.0,$169.2K
Riverside Park,1673.0,sqft,5754.0,3,2.0,1.0,1957.0,Yes,4,5,N,N,N,7.0,289100.0
Old Mill District,2777.0,sqft,9764.0,4,2.0,2.0,2008.0,No,4,7,N,Y,N,,734900.0
Brookhaven,2029.0,sqft,6422.0,3,2.5,2.0,2012.0,No,3,10,Y,N,N,9.0,463900.0
Northgate,2232.0,sqft,3798.0,5,3.0,1.0,2012.0,Yes,2,8,Y,N,N,9.0,229600.0
Old Mill District,1269.0,sqft,4234.0,1,1.0,1.5,1953.0,No,4,5,Y,Y,N,6.0,$259.4K
Sunridge,1109.0,sqft,2990.0,2,2.0,1.0,1959.0,No,4,6,Y,N,N,6.0,116800.0
Old Mill District,1517.0,sqft,3389.0,2,1.5,2.5,1940.0,No,1,9,Y,N,N,,$333.3K
Brookhaven,1017.0,sqft,2343.0,2,1.5,1.0,1939.0,Yes,3,8,Y,Y,N,5.0,188200.0
Riverside Park,1472.0,sqft,3355.0,2,1.5,2.0,2007.0,No,4,6,Y,N,N,5.0,297800.0
Sunridge,3533.0,sqft,5989.0,5,3.5,1.5,1961.0,No,3,4,Y,Y,N,5.0,$263.0K
Northgate,175.8,sqm,4130.0,4,3.0,1.0,1956.0,No,5,9,Y,N,N,3.0,173700.0
Sunridge,1612.0,sqft,4751.0,3,3.0,1.0,1926.0,No,2,4,Y,Y,N,5.0,$144.7K
Old Mill District,135.0,sqm,4149.0,2,2.0,1.0,1951.0,No,4,4,Y,N,N,7.0,$361.6K
Brookhaven,2605.0,sqft,8827.0,5,4.5,1.5,1962.0,Yes,4,6,Y,N,N,6.0,621500.0
Riverside Park,260.9,sqm,9352.0,4,2.5,1.0,1991.0,Yes,4,4,Y,Y,N,3.0,423900.0
Riverside Park,2721.0,sqft,9363.0,4,2.5,1.0,2023.0,Yes,2,3,N,N,N,5.0,$499.0K
Cedar Falls,1425.0,sqft,5436.0,2,1.0,2.0,1960.0,No,2,7,N,Y,N,9.0,$188.6K
Harbor Point,1363.0,sqft,4787.0,2,1.5,1.0,1991.0,No,1,9,N,Y,N,3.0,398300.0
Cedar Falls,2063.0,sqft,7182.0,3,3.0,2.5,1988.0,Yes,1,8,N,Y,N,6.0,$276.0K
Cedar Falls,842.0,sqft,3350.0,1,1.5,2.0,1975.0,Yes,3,4,Y,Y,N,4.0,$102.5K
Brookhaven,1977.0,sqft,3396.0,4,2.5,2.0,1981.0,Yes,5,8,Y,Y,N,9.0,$552.1K
Cedar Falls,1460.0,sqft,,2,1.5,1.5,1954.0,No,5,6,Y,N,N,3.0,$179.1K
Cedar Falls,1389.0,sqft,3924.0,2,1.5,2.0,1939.0,No,4,4,Y,Y,N,5.0,143400.0
Cedar Falls,235.7,sqm,7822.0,4,2.0,1.0,1989.0,No,3,3,Y,Y,N,2.0,$305.4K
Cedar Falls,840.0,sqft,3078.0,1,1.0,1.0,2020.0,No,3,10,Y,N,N,5.0,$125.8K
Harbor Point,1330.0,sqft,2858.0,3,2.0,2.0,1998.0,No,4,6,Y,N,N,,406000.0
Maple Grove,1782.0,sqft,3690.0,3,1.0,1.0,2021.0,No,4,4,N,N,N,6.0,273100.0
Northgate,1729.0,sqft,3317.0,2,1.5,2.0,1966.0,No,5,8,N,N,N,7.0,$156.6K
Sunridge,2205.0,sqft,6853.0,3,2.5,1.0,1953.0,Yes,3,10,N,Y,N,6.0,229300.0
Old Mill District,1038.0,sqft,3884.0,2,1.0,2.0,1991.0,No,3,5,Y,N,N,4.0,$222.2K
Cedar Falls,2404.0,sqft,3942.0,4,3.5,2.0,,No,4,5,N,N,N,8.0,$237.1K
Harbor Point,1340.0,sqft,1952.0,2,1.5,1.0,1962.0,No,3,10,Y,Y,N,6.0,370200.0
Maple Grove,2293.0,sqft,8578.0,3,2.0,2.0,1990.0,No,3,5,Y,Y,N,5.0,376900.0
Riverside Park,1167.0,sqft,3992.0,3,2.5,1.0,1930.0,No,2,3,Y,N,N,3.0,$135.0K
Sunridge,2192.0,sqft,3343.0,4,3.0,1.0,1938.0,No,3,8,Y,N,N,2.0,$170.3K
Cedar Falls,2907.0,sqft,7774.0,4,2.0,3.0,1934.0,Yes,5,6,N,Y,N,8.0,$291.9K
Maple Grove,2118.0,sqft,3241.0,3,2.5,1.5,1951.0,No,3,4,N,Y,N,7.0,267400.0
Old Mill District,1606.0,sqft,2844.0,3,2.5,2.0,2020.0,No,2,7,Y,N,N,4.0,$462.7K
Sunridge,2968.0,sqft,8970.0,6,4.0,1.0,1935.0,No,4,3,Y,N,N,5.0,$255.4K
Riverside Park,1904.0,sqft,6936.0,3,2.5,2.0,,Yes,4,10,N,Y,N,4.0,$294.5K
Northgate,1339.0,sqft,2759.0,2,2.0,1.0,1993.0,No,2,6,Y,N,N,8.0,124400.0
Maple Grove,1051.0,sqft,2262.0,1,1.0,2.0,1980.0,No,3,7,Y,Y,N,8.0,188100.0
Brookhaven,1554.0,sqft,2747.0,3,3.0,2.0,2001.0,No,5,4,N,Y,N,7.0,$310.9K
Old Mill District,655.0,sqft,1330.0,1,1.0,1.0,1952.0,Yes,5,9,N,Y,N,3.0,166100.0
Harbor Point,1375.0,sqft,3099.0,2,2.0,1.5,1927.0,Yes,3,10,Y,Y,N,7.0,391400.0
Maple Grove,1270.0,sqft,4573.0,2,1.0,1.0,2018.0,No,3,8,N,N,N,7.0,$208.1K
Sunridge,3500.0,sqft,7376.0,5,3.5,2.0,1986.0,No,2,10,Y,Y,N,6.0,$409.0K
Riverside Park,2090.0,sqft,5356.0,2,1.0,2.5,1938.0,Yes,5,4,Y,N,N,8.0,303700.0
Old Mill District,2336.0,sqft,4804.0,4,3.5,1.0,1983.0,No,5,9,N,Y,Y,6.0,$543.7K
Brookhaven,1007.0,sqft,2354.0,1,1.5,2.0,2015.0,No,2,7,Y,N,N,4.0,$213.6K
Sunridge,276.2,sqm,8629.0,4,2.0,2.0,2019.0,No,3,10,Y,N,N,6.0,402300.0
Maple Grove,500.0,sqft,874.0,1,1.0,2.0,1983.0,No,2,5,Y,Y,Y,10.0,$72.1K
Harbor Point,1911.0,sqft,3981.0,3,3.0,1.0,1953.0,Yes,2,4,Y,Y,N,7.0,$546.1K
Old Mill District,1977.0,sqft,3054.0,3,2.0,2.0,2018.0,No,3,10,Y,N,N,7.0,557700.0
Cedar Falls,500.0,sqft,1334.0,1,1.0,2.0,1983.0,No,5,9,Y,Y,N,4.0,$64.6K
Riverside Park,2384.0,sqft,,4,2.0,3.0,1922.0,No,4,8,Y,N,N,6.0,$304.8K
Harbor Point,2733.0,sqft,7284.0,4,4.0,1.0,1979.0,No,5,6,Y,Y,N,6.0,$786.9K
Riverside Park,2822.0,sqft,8618.0,4,3.5,1.5,2013.0,No,4,10,Y,N,N,5.0,$599.2K
Cedar Falls,1494.0,sqft,4810.0,2,1.0,2.0,1961.0,No,3,4,Y,Y,N,6.0,$176.8K
Cedar Falls,1563.0,sqft,3589.0,3,3.0,1.0,1994.0,Yes,4,9,Y,Y,Y,7.0,255400.0
Harbor Point,2645.0,sqft,8132.0,4,3.0,2.0,,No,3,3,N,N,N,7.0,724800.0
Maple Grove,1983.0,sqft,4668.0,3,3.0,1.0,2022.0,No,4,6,N,N,N,,$311.4K
Brookhaven,500.0,sqft,1644.0,2,1.5,1.0,1994.0,No,3,9,Y,Y,N,7.0,107500.0
Riverside Park,166.7,sqm,6482.0,2,2.0,1.5,2006.0,No,2,6,Y,N,N,7.0,$278.1K
Harbor Point,2084.0,sqft,4115.0,3,2.0,2.0,2013.0,No,4,9,Y,Y,N,8.0,591200.0
Cedar Falls,1983.0,sqft,7482.0,3,2.0,2.0,1942.0,No,3,4,Y,Y,N,3.0,183200.0
Northgate,193.0,sqm,4889.0,3,2.5,1.5,1925.0,No,1,4,Y,N,N,5.0,$159.0K
Maple Grove,1873.0,sqft,4906.0,2,2.5,2.0,1921.0,No,3,7,Y,N,N,8.0,$247.0K
Riverside Park,228.3,sqm,5200.0,5,4.0,2.0,1963.0,Yes,4,7,Y,N,N,5.0,$381.3K
Cedar Falls,199.2,sqm,7979.0,4,3.5,2.0,2004.0,No,4,4,Y,N,N,6.0,273900.0
Maple Grove,2531.0,sqft,4643.0,3,2.0,1.0,1963.0,Yes,3,10,N,Y,N,3.0,356400.0
Cedar Falls,1506.0,sqft,4765.0,2,1.5,1.0,1934.0,No,3,10,N,Y,N,9.0,$185.8K
Maple Grove,598.0,sqft,1498.0,1,1.5,2.0,1967.0,Yes,1,9,N,N,N,6.0,$81.7K
Maple Grove,750.0,sqft,2572.0,1,1.0,1.0,1970.0,No,4,5,Y,N,N,5.0,84000.0
Sunridge,170.4,sqm,4208.0,3,2.0,2.0,1996.0,No,4,8,Y,N,N,7.0,224300.0
Northgate,1386.0,sqft,2735.0,3,2.0,1.5,1935.0,Yes,4,3,N,N,N,8.0,$102.8K
Northgate,1950.0,sqft,3463.0,3,2.5,1.5,1931.0,No,5,6,Y,N,N,8.0,174700.0
Maple Grove,1973.0,sqft,3863.0,4,3.0,2.0,1979.0,Yes,3,6,Y,N,N,6.0,$328.8K
Old Mill District,2201.0,sqft,8393.0,4,3.0,1.5,1971.0,No,3,9,Y,Y,N,,582300.0
Northgate,1776.0,sqft,3236.0,3,3.0,3.0,1944.0,No,3,6,Y,Y,N,6.0,$125.4K
Cedar Falls,1636.0,sqft,4467.0,3,2.5,1.0,1949.0,No,5,6,N,N,N,8.0,$230.2K
Old Mill District,500.0,sqft,951.0,1,1.0,1.0,2018.0,No,4,8,N,Y,N,5.0,$143.6K
Old Mill District,1111.0,sqft,2589.0,2,1.0,2.5,2014.0,No,5,4,Y,N,N,4.0,307200.0
Riverside Park,1323.0,sqft,4467.0,3,2.0,2.0,1976.0,Yes,3,7,Y,N,N,6.0,188000.0
Maple Grove,220.5,sqm,3881.0,3,2.5,2.0,1953.0,No,2,4,N,N,N,6.0,$278.3K
Maple Grove,2517.0,sqft,6817.0,4,3.0,1.0,2006.0,No,1,9,Y,N,N,5.0,$394.7K
Sunridge,1448.0,sqft,4717.0,2,2.0,1.0,2011.0,No,5,3,N,Y,N,7.0,111200.0
Riverside Park,1654.0,sqft,2918.0,3,2.0,3.0,1987.0,No,1,7,Y,Y,N,8.0,311300.0
Brookhaven,1827.0,sqft,4492.0,4,3.0,3.0,1962.0,No,1,9,Y,N,N,9.0,$377.1K
Riverside Park,2750.0,sqft,9708.0,5,3.5,2.0,1990.0,No,5,10,N,Y,N,8.0,548500.0
Northgate,2752.0,sqft,9041.0,4,3.0,2.0,1966.0,Yes,3,4,N,Y,N,6.0,$235.4K
Old Mill District,2146.0,sqft,8327.0,4,3.0,1.0,1958.0,No,3,10,N,Y,N,7.0,516300.0
Northgate,1395.0,sqft,4079.0,2,2.5,2.0,2019.0,No,4,9,Y,N,N,3.0,134200.0
Maple Grove,928.0,sqft,2721.0,1,1.0,1.0,1965.0,No,4,3,Y,Y,N,7.0,$130.5K
Northgate,1913.0,sqft,7042.0,4,4.0,1.0,1960.0,No,4,10,N,N,N,8.0,$166.0K
Brookhaven,2004.0,sqft,7835.0,4,3.0,2.0,1921.0,No,5,10,N,N,N,5.0,$411.0K
Maple Grove,2352.0,sqft,8784.0,3,1.5,1.5,1949.0,No,2,10,Y,N,N,3.0,300300.0
Brookhaven,2075.0,sqft,7680.0,3,1.5,2.0,,Yes,4,4,Y,Y,N,9.0,520500.0
Maple Grove,1879.0,sqft,,2,1.5,1.0,1985.0,No,2,10,N,N,N,5.0,271600.0
Sunridge,1238.0,sqft,2230.0,1,1.0,1.0,2004.0,No,3,6,Y,N,N,5.0,$132.2K
Northgate,2792.0,sqft,5021.0,4,3.0,1.0,1958.0,No,3,8,Y,N,N,7.0,$211.4K
Harbor Point,716.0,sqft,,1,1.0,2.0,1953.0,No,4,5,Y,Y,N,5.0,$170.4K
Maple Grove,2221.0,sqft,2788.0,3,2.5,1.5,2017.0,No,3,6,Y,N,N,5.0,$389.7K
Maple Grove,115.5,sqm,2078.0,2,1.0,1.0,2022.0,No,5,9,N,Y,N,3.0,$147.9K
Cedar Falls,1301.0,sqft,3339.0,2,2.5,2.0,1930.0,No,2,8,N,N,N,7.0,139300.0
Harbor Point,1631.0,sqft,2363.0,2,2.0,1.0,1979.0,No,5,4,Y,N,N,,$464.6K
Harbor Point,2073.0,sqft,7786.0,4,3.5,3.0,1980.0,No,4,9,N,N,N,7.0,615400.0
Maple Grove,207.7,sqm,2819.0,3,2.0,1.5,2001.0,No,4,9,Y,N,N,,355900.0
Brookhaven,852.0,sqft,2281.0,1,1.0,1.0,2001.0,No,5,7,Y,Y,N,10.0,$198.5K
Old Mill District,145.5,sqm,5288.0,2,2.0,2.0,1968.0,Yes,4,9,Y,N,N,5.0,447500.0
Old Mill District,199.3,sqm,3765.0,4,3.0,2.0,1934.0,No,5,5,N,N,N,8.0,408300.0
Sunridge,165.1,sqm,3759.0,3,2.5,2.5,1958.0,No,4,3,Y,Y,N,6.0,140000.0
Brookhaven,1938.0,sqft,5319.0,2,1.0,1.0,1939.0,Yes,4,8,Y,N,N,6.0,318100.0
Maple Grove,1017.0,sqft,3077.0,2,1.5,3.0,1927.0,No,5,5,Y,N,N,,$104.8K
Maple Grove,2429.0,sqft,5293.0,4,3.0,2.0,2023.0,No,3,4,Y,Y,N,3.0,$464.9K
Brookhaven,2413.0,sqft,6008.0,4,3.5,2.0,1969.0,Yes,4,8,N,N,N,7.0,478200.0
Maple Grove,2037.0,sqft,7419.0,3,3.0,2.0,1980.0,Yes,4,5,Y,N,N,7.0,334600.0
Harbor Point,1800.0,sqft,3164.0,2,1.0,1.0,1963.0,No,2,7,Y,N,N,7.0,433900.0
Northgate,2204.0,sqft,8062.0,3,1.5,2.0,1923.0,Yes,4,10,Y,N,N,10.0,$172.8K
Sunridge,127.1,sqm,2691.0,1,1.0,1.0,1978.0,No,3,9,N,N,N,7.0,$142.9K
Northgate,1222.0,sqft,2404.0,3,2.0,3.0,2013.0,No,3,10,Y,Y,N,6.0,$154.4K
Northgate,1935.0,sqft,3360.0,4,3.0,2.0,1967.0,Yes,4,6,Y,N,N,4.0,163000.0
Harbor Point,1367.0,sqft,2069.0,2,2.0,2.5,1980.0,No,4,3,N,N,N,6.0,$337.9K
Maple Grove,238.0,sqm,7391.0,5,4.0,1.0,1939.0,No,4,3,Y,Y,N,6.0,$288.9K
Sunridge,1168.0,sqft,2877.0,2,1.0,2.0,1921.0,No,1,6,Y,N,N,6.0,$114.8K
Sunridge,1714.0,sqft,4093.0,3,2.5,1.0,1964.0,No,4,10,Y,N,Y,4.0,$195.9K
Harbor Point,1495.0,sqft,2671.0,1,1.5,1.0,1923.0,No,4,10,Y,N,N,10.0,$359.4K
Harbor Point,785.0,sqft,2454.0,2,1.5,1.0,1993.0,No,1,4,Y,Y,N,5.0,235300.0
Brookhaven,162.3,sqm,4491.0,2,1.5,1.0,1992.0,No,2,3,N,N,N,8.0,$376.5K
Brookhaven,2641.0,sqft,4437.0,5,4.0,2.5,1941.0,Yes,1,3,Y,N,N,7.0,$385.6K
Harbor Point,3117.0,sqft,7407.0,5,4.0,1.5,1987.0,No,3,7,Y,N,N,5.0,$756.4K
Brookhaven,1804.0,sqft,3369.0,3,2.5,2.0,1999.0,No,3,9,Y,Y,N,9.0,$438.1K
Maple Grove,1615.0,sqft,2894.0,3,3.0,2.0,1926.0,Yes,4,3,Y,N,N,8.0,207800.0
Riverside Park,1336.0,sqft,,1,1.0,1.0,1969.0,Yes,3,10,Y,Y,N,6.0,267900.0
Harbor Point,2510.0,sqft,8225.0,3,2.5,2.5,2003.0,No,4,9,Y,N,N,5.0,701600.0
Old Mill District,2489.0,sqft,8738.0,5,3.0,2.0,1921.0,No,2,9,Y,Y,N,4.0,558900.0
Maple Grove,2064.0,sqft,7138.0,4,2.5,1.0,1930.0,No,3,5,Y,Y,N,6.0,237300.0
Riverside Park,3048.0,sqft,3926.0,3,3.0,3.0,2018.0,No,4,9,Y,Y,N,7.0,694000.0
Harbor Point,1253.0,sqft,4471.0,2,1.0,1.0,1938.0,No,4,9,N,Y,N,7.0,$313.9K
Riverside Park,1716.0,sqft,6767.0,3,1.5,2.0,1974.0,No,5,7,N,,N,8.0,301100.0
Maple Grove,1836.0,sqft,5523.0,2,2.0,1.0,1938.0,No,1,10,Y,N,N,6.0,192400.0
Northgate,1135.0,sqft,2527.0,2,2.0,2.0,1985.0,No,2,5,N,Y,N,9.0,$101.2K
Sunridge,3413.0,sqft,10897.0,6,4.0,1.0,1979.0,No,3,6,Y,Y,N,4.0,$397.1K
Harbor Point,1185.0,sqft,2640.0,1,1.0,1.0,2010.0,Yes,5,7,Y,Y,N,8.0,439900.0
Sunridge,2312.0,sqft,3972.0,3,2.5,2.0,1978.0,Yes,4,8,Y,N,Y,5.0,302900.0
Sunridge,2185.0,sqft,4832.0,2,1.0,3.0,1954.0,No,1,5,N,N,N,9.0,$185.3K
Cedar Falls,163.6,sqm,2696.0,1,1.0,1.0,1985.0,Yes,4,6,Y,Y,N,6.0,$228.5K
Brookhaven,2020.0,sqft,2664.0,3,1.5,2.0,1935.0,No,4,9,N,N,Y,3.0,$304.1K
Old Mill District,1462.0,sqft,2993.0,2,1.5,3.0,1954.0,Yes,2,6,Y,Y,N,5.0,375300.0
Sunridge,1251.0,sqft,2600.0,2,1.5,1.0,2005.0,No,3,7,Y,Y,N,6.0,$142.9K
Harbor Point,1843.0,sqft,5008.0,3,3.0,2.0,1990.0,Yes,4,6,N,,N,5.0,580600.0
Harbor Point,135.4,sqm,2908.0,1,1.0,1.0,1956.0,No,5,10,N,Y,N,4.0,$358.1K
Maple Grove,2382.0,sqft,3331.0,3,3.0,1.0,1945.0,Yes,3,4,Y,Y,N,6.0,$264.3K
Northgate,1168.0,sqft,2443.0,2,2.0,2.0,2021.0,No,2,7,N,N,N,5.0,119100.0
Old Mill District,232.9,sqm,9581.0,3,2.0,1.5,,No,2,7,Y,N,N,10.0,$629.5K
Harbor Point,2175.0,sqft,7540.0,4,4.0,2.0,1974.0,No,4,6,Y,N,N,1.0,$444.9K
Riverside Park,2165.0,sqft,5355.0,3,2.0,2.0,1996.0,Yes,2,10,Y,Y,N,7.0,438500.0
Northgate,1817.0,sqft,5058.0,2,1.5,2.0,1978.0,No,4,4,Y,N,N,5.0,148300.0
Brookhaven,967.0,sqft,1918.0,2,1.0,2.5,1964.0,No,2,9,Y,Y,N,5.0,$204.0K
Riverside Park,1776.0,sqft,5526.0,3,2.5,2.0,2009.0,No,5,5,Y,N,N,8.0,364800.0
Cedar Falls,3054.0,sqft,6008.0,5,4.0,2.5,1956.0,Yes,4,3,Y,N,N,9.0,388000.0
Cedar Falls,2786.0,sqft,10570.0,3,2.0,3.0,2023.0,No,3,5,Y,N,N,6.0,$343.5K
Old Mill District,2628.0,sqft,8432.0,4,4.5,1.0,1935.0,Yes,3,9,Y,Y,N,8.0,$612.6K
Maple Grove,1764.0,sqft,6465.0,2,1.5,2.0,1945.0,No,5,9,N,Y,N,4.0,219200.0
Maple Grove,2599.0,sqft,8214.0,4,3.0,1.0,1952.0,No,3,6,Y,Y,N,6.0,382500.0
Northgate,1273.0,sqft,2802.0,2,1.0,2.0,1998.0,Yes,4,9,Y,N,Y,6.0,$139.2K
Harbor Point,1803.0,sqft,4811.0,3,2.5,2.5,1988.0,Yes,3,5,Y,N,N,8.0,$585.5K
Brookhaven,2664.0,sqft,9882.0,3,2.5,2.5,2011.0,No,4,6,Y,Y,N,7.0,698500.0
Brookhaven,1554.0,sqft,5328.0,2,2.0,1.0,2023.0,No,2,9,N,Y,N,6.0,336100.0
Sunridge,172.5,sqm,2686.0,4,3.0,1.0,1954.0,No,3,8,N,N,N,7.0,$171.2K
Northgate,1567.0,sqft,4158.0,3,3.0,3.0,2000.0,No,3,7,Y,N,N,7.0,179000.0
Cedar Falls,2338.0,sqft,5278.0,4,3.0,2.0,1962.0,No,3,7,Y,N,Y,7.0,253800.0
Harbor Point,2735.0,sqft,7303.0,3,2.0,1.0,2005.0,No,3,8,Y,Y,N,5.0,$765.5K
Maple Grove,2914.0,sqft,9161.0,4,3.5,2.0,1980.0,Yes,2,3,N,N,Y,5.0,530200.0
Maple Grove,3005.0,sqft,9399.0,5,3.5,1.0,1923.0,No,1,7,Y,Y,N,3.0,$324.5K
Sunridge,1948.0,sqft,2510.0,4,3.0,3.0,2002.0,No,3,4,N,Y,N,2.0,192100.0
Maple Grove,1493.0,sqft,3150.0,2,1.5,1.0,1984.0,No,4,8,N,Y,N,6.0,$207.9K
Northgate,1865.0,sqft,6661.0,3,2.0,2.0,1953.0,Yes,4,7,N,N,N,7.0,$175.0K
Northgate,1676.0,sqft,6551.0,2,1.5,2.0,,Yes,4,5,N,Y,N,6.0,158800.0
Harbor Point,1509.0,sqft,2508.0,2,1.5,2.0,2006.0,No,3,8,Y,N,N,7.0,$426.0K
Cedar Falls,2776.0,sqft,4580.0,4,3.0,2.5,2021.0,No,5,7,Y,Y,N,7.0,432800.0
Brookhaven,2732.0,sqft,7889.0,5,3.0,1.0,1981.0,No,3,10,Y,N,N,2.0,$498.0K
Brookhaven,1602.0,sqft,5777.0,2,1.0,1.0,2009.0,No,4,4,N,Y,N,5.0,313100.0
Northgate,2940.0,sqft,11457.0,3,1.5,2.0,2013.0,No,4,7,Y,Y,N,7.0,$308.2K
Cedar Falls,2336.0,sqft,4538.0,3,3.0,2.0,2001.0,No,3,5,Y,N,N,7.0,320600.0
Northgate,2195.0,sqft,8525.0,3,2.5,1.0,1967.0,No,2,6,N,N,N,6.0,$170.5K
Cedar Falls,182.1,sqm,7837.0,4,3.5,2.0,1971.0,No,5,8,Y,Y,N,5.0,$239.4K
Northgate,2800.0,sqft,7793.0,4,3.5,2.0,2004.0,No,1,9,Y,Y,N,9.0,264600.0
Riverside Park,2884.0,sqft,6842.0,4,3.5,2.0,2000.0,No,3,4,Y,N,N,6.0,$420.0K
Sunridge,2811.0,sqft,10736.0,4,3.0,2.0,1940.0,No,5,4,Y,N,N,7.0,218200.0
Harbor Point,198.2,sqm,8490.0,3,2.0,1.0,1952.0,No,3,7,N,N,N,3.0,$414.3K
Northgate,195.0,sqm,8227.0,3,3.0,2.0,1973.0,No,5,3,Y,N,N,5.0,166300.0
Northgate,1664.0,sqft,5641.0,3,2.5,1.0,2023.0,No,4,5,N,Y,N,10.0,201700.0
Sunridge,1680.0,sqft,5663.0,3,2.0,1.0,1927.0,No,2,3,Y,N,N,5.0,136100.0
Cedar Falls,2509.0,sqft,9635.0,4,3.0,2.0,1959.0,No,2,5,Y,Y,N,6.0,$277.8K
Maple Grove,1357.0,sqft,4906.0,3,2.5,1.5,1965.0,No,3,4,Y,N,N,6.0,167100.0
Old Mill District,2214.0,sqft,6655.0,3,1.5,1.0,1935.0,Yes,1,9,Y,N,N,4.0,$447.0K
Old Mill District,1740.0,sqft,5592.0,2,1.5,1.0,1932.0,No,4,9,N,Y,N,5.0,$406.5K
Sunridge,1479.0,sqft,4676.0,3,2.0,2.0,1950.0,No,5,5,N,Y,N,7.0,$139.4K
Brookhaven,2364.0,sqft,6668.0,4,3.5,1.0,1994.0,Yes,4,10,Y,N,N,8.0,$552.5K
Northgate,3188.0,sqft,12389.0,4,3.5,2.0,1928.0,No,3,6,Y,Y,N,,255500.0
Riverside Park,2805.0,sqft,4787.0,5,4.5,2.0,1989.0,No,4,10,N,N,N,5.0,$435.5K
Brookhaven,3214.0,sqft,5955.0,5,3.5,1.0,1947.0,No,3,9,Y,N,N,,485300.0
Cedar Falls,2436.0,sqft,5965.0,4,4.0,1.5,2016.0,No,4,10,N,Y,N,5.0,$328.7K
Brookhaven,2120.0,sqft,7470.0,3,2.0,1.0,2018.0,No,3,4,Y,N,Y,8.0,$428.5K
Old Mill District,2021.0,sqft,6363.0,4,3.0,2.0,1954.0,Yes,4,5,Y,Y,N,5.0,492800.0
Brookhaven,2133.0,sqft,4972.0,4,2.0,2.0,1960.0,Yes,3,6,Y,Y,N,8.0,449000.0
Sunridge,203.4,sqm,8304.0,3,2.0,1.0,1927.0,No,4,10,Y,N,Y,6.0,208400.0
Cedar Falls,1728.0,sqft,4274.0,2,1.0,1.0,1951.0,Yes,3,10,N,Y,N,7.0,$214.4K
Harbor Point,83.1,sqm,2873.0,1,1.0,1.0,1983.0,Yes,3,4,Y,Y,N,7.0,$247.8K
Old Mill District,772.0,sqft,1317.0,1,1.0,1.0,2014.0,No,2,5,N,Y,N,7.0,$228.1K
Sunridge,238.8,sqm,8429.0,4,3.5,1.0,1932.0,No,4,10,Y,Y,Y,6.0,299700.0
Riverside Park,1330.0,sqft,1797.0,1,1.0,2.0,1938.0,No,4,4,Y,Y,N,5.0,187100.0
Old Mill District,1534.0,sqft,5926.0,2,1.5,1.0,1993.0,No,3,8,Y,,N,6.0,376200.0
Maple Grove,1785.0,sqft,4713.0,2,1.0,1.5,1944.0,No,5,7,N,Y,N,9.0,246800.0
Cedar Falls,1013.0,sqft,2618.0,1,1.0,2.0,1990.0,No,1,10,Y,Y,N,7.0,146200.0
Maple Grove,2752.0,sqft,3847.0,5,4.0,2.0,1992.0,Yes,4,6,Y,N,N,5.0,$461.2K
Maple Grove,1441.0,sqft,5027.0,3,1.0,3.0,1924.0,No,3,3,Y,Y,N,5.0,187700.0
Old Mill District,113.8,sqm,3962.0,1,1.0,2.0,1952.0,Yes,3,7,Y,Y,N,,$303.0K
Old Mill District,261.1,sqm,6569.0,5,4.5,1.5,1927.0,No,4,6,Y,N,N,6.0,611900.0
Harbor Point,1089.0,sqft,4347.0,2,1.0,1.0,2020.0,No,4,4,Y,Y,N,5.0,$335.7K
Cedar Falls,1798.0,sqft,5213.0,3,2.5,2.0,2019.0,No,5,5,Y,Y,N,8.0,$312.2K
Old Mill District,1384.0,sqft,4856.0,1,1.0,1.0,1924.0,No,3,3,Y,Y,N,4.0,265400.0
Northgate,1160.0,sqft,4268.0,1,1.0,1.0,2023.0,No,3,6,Y,Y,N,6.0,128600.0
Sunridge,200.1,sqm,2889.0,3,1.5,1.0,1937.0,No,2,3,Y,Y,N,6.0,199500.0
Riverside Park,587.0,sqft,2317.0,2,1.5,1.5,1953.0,No,4,7,N,Y,N,5.0,$73.4K
Brookhaven,1870.0,sqft,4740.0,3,2.5,2.0,1960.0,No,3,8,Y,N,N,6.0,410900.0
Harbor Point,139.3,sqm,4788.0,2,1.5,1.0,1942.0,Yes,4,4,Y,N,N,8.0,$322.0K
Northgate,1841.0,sqft,3727.0,3,2.0,2.5,1970.0,Yes,4,10,Y,Y,N,6.0,$147.4K
Riverside Park,1386.0,sqft,4441.0,3,2.5,2.5,1999.0,No,5,5,Y,Y,N,6.0,278800.0
Northgate,173.7,sqm,6339.0,2,1.0,2.0,1948.0,No,4,9,N,Y,N,7.0,$164.8K
Riverside Park,2509.0,sqft,7365.0,5,3.5,1.5,1965.0,Yes,3,6,Y,Y,N,8.0,451900.0
Old Mill District,2173.0,sqft,3403.0,5,4.5,2.0,,No,3,9,Y,Y,N,5.0,$589.4K
Sunridge,2660.0,sqft,7199.0,3,2.0,2.5,1968.0,No,2,4,Y,N,N,3.0,$199.5K
Harbor Point,2528.0,sqft,9396.0,4,3.0,1.5,1936.0,No,3,5,N,N,N,7.0,$545.0K
Brookhaven,1249.0,sqft,2265.0,3,3.0,2.0,1948.0,No,4,9,Y,Y,N,,231300.0
Sunridge,1729.0,sqft,6805.0,3,2.0,2.0,1926.0,No,2,8,N,N,N,7.0,$164.8K
Harbor Point,728.0,sqft,955.0,1,1.5,1.0,1931.0,No,1,9,N,N,N,6.0,162400.0
Maple Grove,1905.0,sqft,4275.0,3,3.0,2.5,1943.0,No,3,8,Y,Y,N,2.0,$239.5K
Cedar Falls,905.0,sqft,2017.0,1,1.5,2.0,2023.0,No,4,5,N,N,N,7.0,115200.0
Old Mill District,2811.0,sqft,5436.0,4,4.5,1.0,1920.0,Yes,2,5,Y,N,N,8.0,$672.7K
Brookhaven,2570.0,sqft,5689.0,5,3.5,2.0,1959.0,No,3,5,N,N,N,6.0,$460.1K
Harbor Point,203.7,sqm,3909.0,3,1.5,1.0,2001.0,No,3,8,Y,Y,N,5.0,785600.0
Sunridge,1926.0,sqft,2915.0,1,1.0,3.0,1932.0,No,5,9,Y,Y,N,3.0,157000.0
Riverside Park,1174.0,sqft,1929.0,2,2.0,1.0,1973.0,No,3,7,Y,N,N,6.0,$201.3K
Cedar Falls,589.0,sqft,1409.0,1,1.5,2.0,1977.0,Yes,3,7,Y,N,N,7.0,$79.8K
Cedar Falls,2651.0,sqft,8053.0,4,3.0,2.5,1958.0,No,5,10,N,N,N,7.0,$336.7K
Cedar Falls,1141.0,sqft,3608.0,3,1.5,2.5,1999.0,No,5,8,Y,Y,N,4.0,174000.0
Sunridge,155.5,sqm,3614.0,2,1.0,2.0,1940.0,Yes,3,10,N,N,N,8.0,170000.0
Riverside Park,1834.0,sqft,5721.0,3,2.5,3.0,1982.0,No,2,10,Y,N,N,7.0,$330.9K
Brookhaven,1801.0,sqft,2967.0,3,2.5,1.0,2009.0,Yes,4,4,Y,N,N,7.0,400500.0
Cedar Falls,237.7,sqm,6152.0,5,3.5,1.5,2014.0,No,2,4,N,N,Y,6.0,349600.0
Maple Grove,2341.0,sqft,8834.0,3,2.0,1.0,2007.0,No,4,7,N,N,N,6.0,331300.0
Old Mill District,1733.0,sqft,5240.0,3,2.0,1.0,1961.0,No,3,9,Y,Y,N,8.0,$421.4K
Riverside Park,2121.0,sqft,3521.0,3,2.0,1.0,1988.0,No,4,7,Y,N,N,6.0,302200.0
Sunridge,109.1,sqm,4052.0,2,1.0,1.0,1946.0,No,3,9,Y,Y,N,4.0,$112.8K
Riverside Park,953.0,sqft,2931.0,2,2.0,2.0,1991.0,Yes,1,9,Y,N,N,4.0,$172.0K
Sunridge,1775.0,sqft,3767.0,3,2.0,1.0,1935.0,No,5,9,N,Y,N,6.0,161500.0
Old Mill District,2556.0,sqft,9462.0,5,3.0,2.0,1940.0,No,3,3,N,Y,N,6.0,$492.9K
Maple Grove,1505.0,sqft,5252.0,3,3.5,3.0,1981.0,Yes,2,10,Y,N,N,2.0,215400.0
Northgate,2235.0,sqft,8007.0,3,1.5,2.0,2001.0,No,5,7,N,N,N,4.0,215000.0
Northgate,2971.0,sqft,10621.0,5,4.0,1.0,1994.0,No,2,6,N,N,N,6.0,331000.0
Harbor Point,1701.0,sqft,4603.0,3,2.0,2.5,1960.0,Yes,5,8,Y,N,N,5.0,$503.4K
Cedar Falls,1182.0,sqft,3344.0,3,2.0,2.0,1981.0,No,3,7,Y,N,N,7.0,158300.0
Sunridge,2268.0,sqft,6499.0,3,2.5,3.0,1940.0,No,2,10,Y,N,N,5.0,195700.0
Maple Grove,2452.0,sqft,3090.0,4,2.0,2.0,1974.0,No,1,5,Y,N,N,6.0,$329.3K
Sunridge,202.8,sqm,6048.0,3,1.5,2.0,2007.0,No,2,8,N,N,N,6.0,224300.0
Cedar Falls,84.3,sqm,3283.0,1,1.0,2.0,2019.0,No,3,5,Y,Y,N,4.0,$136.7K
Maple Grove,2538.0,sqft,7076.0,4,3.0,1.0,1934.0,Yes,1,5,N,Y,Y,7.0,344600.0
Cedar Falls,195.2,sqm,7377.0,3,2.0,1.5,1983.0,No,5,6,Y,N,N,7.0,$298.5K
Cedar Falls,2312.0,sqft,8399.0,5,4.5,2.0,1994.0,No,5,4,Y,,N,3.0,296800.0
Old Mill District,1573.0,sqft,4460.0,2,2.0,1.0,1975.0,Yes,4,9,Y,Y,N,7.0,$402.7K
Harbor Point,2167.0,sqft,8354.0,4,3.5,1.5,2022.0,No,5,4,N,Y,N,4.0,$659.7K
Cedar Falls,1247.0,sqft,4549.0,3,2.5,1.0,2004.0,No,4,8,Y,Y,N,8.0,224300.0
Riverside Park,1890.0,sqft,5172.0,3,2.5,2.0,2023.0,No,4,4,Y,N,N,8.0,442000.0
Riverside Park,1023.0,sqft,3284.0,2,1.5,1.5,1994.0,No,4,5,N,Y,N,7.0,$151.5K
Cedar Falls,231.6,sqm,9764.0,5,4.0,2.0,1977.0,No,3,10,Y,N,N,2.0,318800.0
Old Mill District,877.0,sqft,2658.0,2,1.0,2.5,1946.0,Yes,5,10,N,N,N,6.0,$214.1K
Harbor Point,94.9,sqm,1461.0,3,2.0,1.0,1953.0,Yes,3,3,Y,Y,N,4.0,$242.1K
Harbor Point,856.0,sqft,2813.0,1,1.5,2.0,1930.0,Yes,1,7,Y,N,N,6.0,$233.0K
Cedar Falls,2168.0,sqft,7539.0,3,3.0,3.0,1934.0,Yes,4,9,Y,Y,N,8.0,$269.4K
Riverside Park,875.0,sqft,2861.0,2,1.5,1.0,1927.0,No,1,9,Y,Y,N,5.0,$141.9K
Cedar Falls,1311.0,sqft,5154.0,2,1.0,1.0,1925.0,No,4,4,Y,N,N,7.0,145500.0
Old Mill District,2144.0,sqft,4227.0,3,2.0,1.5,1923.0,No,5,7,N,Y,N,5.0,390400.0
Harbor Point,2145.0,sqft,5619.0,3,2.5,1.0,1940.0,No,5,10,Y,N,N,5.0,507800.0
Brookhaven,2398.0,sqft,3731.0,4,2.5,1.0,1956.0,Yes,4,9,N,N,N,6.0,$501.3K
Cedar Falls,1864.0,sqft,3679.0,3,2.0,1.0,1980.0,Yes,3,8,Y,Y,N,10.0,335000.0
Sunridge,1882.0,sqft,7243.0,2,2.0,1.0,1975.0,Yes,5,9,Y,N,N,9.0,236300.0
Maple Grove,216.7,sqm,8847.0,4,4.0,2.0,1963.0,No,3,9,N,,Y,3.0,350300.0
Northgate,2183.0,sqft,4746.0,4,3.0,2.0,1979.0,Yes,4,10,N,Y,N,6.0,$247.8K
Brookhaven,3050.0,sqft,6438.0,4,2.5,2.0,1983.0,No,1,7,Y,Y,N,6.0,567200.0
Cedar Falls,1921.0,sqft,4002.0,3,2.5,3.0,1929.0,Yes,4,6,Y,Y,N,8.0,$261.8K
Riverside Park,2678.0,sqft,4307.0,4,3.5,1.0,1971.0,No,4,9,Y,,N,8.0,$519.4K
Maple Grove,1483.0,sqft,,2,1.0,2.0,1972.0,No,2,7,N,Y,N,4.0,188000.0
Sunridge,1961.0,sqft,3520.0,3,2.0,2.0,1957.0,No,3,8,N,N,N,10.0,$194.9K
Harbor Point,500.0,sqft,1898.0,1,1.0,1.0,2015.0,No,4,7,N,N,Y,6.0,162400.0
Old Mill District,2573.0,sqft,6367.0,3,1.5,2.0,1931.0,Yes,4,5,Y,N,N,5.0,506300.0
Harbor Point,3006.0,sqft,5858.0,4,3.0,1.5,2006.0,No,3,9,Y,Y,N,6.0,922500.0
Cedar Falls,2501.0,sqft,8290.0,3,3.0,1.0,1958.0,No,4,8,Y,N,N,7.0,$290.6K
Cedar Falls,1752.0,sqft,3051.0,2,1.0,1.0,1960.0,Yes,3,6,Y,Y,Y,6.0,$260.7K
Harbor Point,1528.0,sqft,5596.0,1,1.5,1.5,1929.0,Yes,3,8,Y,N,N,8.0,390200.0
Cedar Falls,2440.0,sqft,3001.0,5,3.5,1.0,1920.0,No,3,10,Y,N,N,5.0,$299.5K
Cedar Falls,500.0,sqft,1379.0,1,1.5,1.0,1970.0,No,2,8,Y,Y,N,3.0,53300.0
Riverside Park,1829.0,sqft,5782.0,2,1.5,2.0,1957.0,No,3,5,Y,N,N,7.0,$290.5K
Riverside Park,202.5,sqm,8541.0,4,3.0,2.5,2004.0,No,4,9,N,Y,N,9.0,$468.0K
Sunridge,2075.0,sqft,5414.0,3,2.0,1.0,1966.0,Yes,3,7,N,Y,N,4.0,$226.1K
Maple Grove,1714.0,sqft,3340.0,3,3.0,1.0,1981.0,Yes,4,5,Y,Y,N,6.0,251500.0
Cedar Falls,1991.0,sqft,3870.0,5,3.0,2.5,1938.0,No,3,7,N,Y,N,5.0,$191.8K
Sunridge,1325.0,sqft,2626.0,2,1.5,3.0,1945.0,No,3,7,Y,N,N,5.0,109700.0
Northgate,1661.0,sqft,5813.0,2,1.0,1.0,,No,5,9,Y,N,N,8.0,$131.2K
Maple Grove,2947.0,sqft,9328.0,4,3.0,1.0,1943.0,Yes,4,5,N,N,N,6.0,330900.0
Cedar Falls,2240.0,sqft,8900.0,5,4.5,2.0,1951.0,No,2,4,N,N,N,7.0,258300.0
Old Mill District,811.0,sqft,3121.0,1,1.0,2.0,1968.0,No,5,10,Y,N,N,7.0,$210.5K
Cedar Falls,1563.0,sqft,4427.0,2,2.0,3.0,1993.0,No,3,6,N,Y,N,5.0,$165.9K
Old Mill District,163.6,sqm,6917.0,2,2.0,1.5,2012.0,No,4,4,N,Y,N,6.0,433900.0
Brookhaven,92.1,sqm,1302.0,1,1.0,2.5,1984.0,No,2,6,N,Y,N,4.0,185700.0
Sunridge,2353.0,sqft,8316.0,4,4.0,1.0,1969.0,No,3,7,Y,Y,N,4.0,$238.8K
Harbor Point,1846.0,sqft,4285.0,2,1.5,2.0,2011.0,No,4,4,Y,N,N,9.0,$634.5K
Riverside Park,208.0,sqm,3171.0,3,2.5,2.0,1975.0,No,3,8,N,Y,N,7.0,301100.0
Cedar Falls,1083.0,sqft,1326.0,2,1.5,2.0,1985.0,Yes,4,5,N,N,N,7.0,$136.0K
Brookhaven,1701.0,sqft,2767.0,4,3.0,1.0,1927.0,No,1,8,Y,N,N,8.0,$290.0K
Riverside Park,1523.0,sqft,2741.0,1,1.0,3.0,1933.0,No,3,4,Y,N,N,4.0,$198.8K
Harbor Point,175.3,sqm,7156.0,3,3.0,1.0,1987.0,No,3,3,Y,Y,N,2.0,550000.0
Riverside Park,808.0,sqft,3146.0,2,1.5,3.0,1926.0,No,3,8,Y,Y,N,9.0,$116.1K
Sunridge,1731.0,sqft,4638.0,3,2.0,1.0,1960.0,No,4,4,Y,Y,N,5.0,$159.2K
Old Mill District,2490.0,sqft,4587.0,4,2.5,2.0,1963.0,No,5,7,Y,N,N,6.0,581900.0
Riverside Park,1295.0,sqft,3809.0,2,1.5,3.0,1925.0,No,4,8,N,Y,N,4.0,173000.0
Northgate,1490.0,sqft,1900.0,3,1.5,2.5,2010.0,No,4,3,Y,Y,N,6.0,161300.0
Sunridge,1188.0,sqft,4712.0,3,1.0,2.0,1934.0,No,3,5,Y,N,N,8.0,$103.5K
Brookhaven,1334.0,sqft,3093.0,2,1.5,2.5,1982.0,Yes,4,9,N,N,N,7.0,317900.0
Harbor Point,3465.0,sqft,12999.0,6,4.5,2.0,2021.0,No,5,8,Y,N,N,6.0,$1123.3K
Sunridge,2123.0,sqft,6262.0,3,3.0,1.0,1944.0,Yes,2,10,Y,Y,N,7.0,236600.0
Maple Grove,1617.0,sqft,5252.0,3,2.5,2.0,2010.0,No,3,10,N,Y,N,3.0,$268.8K
Harbor Point,2381.0,sqft,9446.0,4,4.0,3.0,1982.0,No,2,8,Y,N,N,3.0,625100.0
Northgate,2133.0,sqft,3314.0,2,1.5,2.0,1961.0,No,3,10,Y,Y,N,7.0,$211.8K
Harbor Point,2739.0,sqft,8843.0,4,3.5,1.0,1930.0,Yes,3,4,Y,Y,N,5.0,561000.0
Maple Grove,1915.0,sqft,3913.0,3,2.5,2.0,1972.0,No,1,4,Y,N,N,7.0,$265.4K
Cedar Falls,1768.0,sqft,4578.0,3,3.0,2.0,1946.0,No,4,5,N,N,N,6.0,$190.0K
Maple Grove,1474.0,sqft,4750.0,3,2.5,2.0,1951.0,No,5,8,Y,Y,N,4.0,177800.0
Maple Grove,1839.0,sqft,6992.0,3,2.5,1.0,1922.0,No,4,3,N,Y,N,6.0,223100.0
Sunridge,2310.0,sqft,6253.0,4,2.5,1.0,1957.0,Yes,3,6,Y,Y,Y,8.0,241700.0
Old Mill District,1602.0,sqft,2374.0,2,1.0,2.5,2020.0,Yes,1,10,Y,N,N,3.0,461100.0
Old Mill District,1893.0,sqft,3523.0,2,1.0,1.0,1937.0,No,3,4,Y,,Y,5.0,$401.0K
Maple Grove,2995.0,sqft,8963.0,3,2.5,2.0,2010.0,Yes,3,5,Y,N,N,5.0,481500.0
Harbor Point,2150.0,sqft,4157.0,4,2.5,1.0,2016.0,No,3,7,Y,Y,N,7.0,715400.0
Riverside Park,1222.0,sqft,3918.0,2,1.0,1.0,1947.0,Yes,5,8,Y,Y,N,5.0,192800.0
Riverside Park,77.6,sqm,1776.0,1,1.0,2.0,1947.0,No,3,5,Y,N,N,3.0,$105.2K
Maple Grove,1580.0,sqft,3081.0,2,2.0,1.0,2018.0,No,3,8,Y,N,N,,$235.7K
Northgate,2178.0,sqft,6265.0,3,2.5,2.0,1948.0,Yes,5,9,Y,N,N,8.0,$190.3K
Old Mill District,2162.0,sqft,5961.0,4,3.5,1.0,2020.0,No,5,9,Y,N,N,7.0,$683.0K
Brookhaven,1108.0,sqft,3189.0,1,1.0,2.0,1997.0,No,2,4,Y,N,N,5.0,$232.1K
Old Mill District,692.0,sqft,1056.0,1,1.5,2.0,2003.0,No,2,3,Y,N,N,7.0,190600.0
Riverside Park,2428.0,sqft,3056.0,3,2.0,2.0,2020.0,No,5,8,Y,Y,N,4.0,460800.0
Cedar Falls,2952.0,sqft,10419.0,6,4.5,3.0,2001.0,No,3,5,Y,N,N,3.0,$361.4K
Maple Grove,3205.0,sqft,7199.0,5,4.5,2.0,1941.0,No,4,7,Y,Y,N,6.0,431600.0
Northgate,193.8,sqm,2677.0,3,2.0,2.0,1942.0,No,5,3,Y,N,N,4.0,145600.0
Northgate,862.0,sqft,3240.0,2,1.5,3.0,1983.0,Yes,2,9,N,Y,N,7.0,$91.9K
Sunridge,2071.0,sqft,6166.0,2,1.5,3.0,2020.0,No,4,8,Y,Y,N,7.0,237400.0
Maple Grove,2960.0,sqft,10644.0,4,2.5,2.0,1947.0,No,3,5,Y,N,N,7.0,270300.0
Harbor Point,1310.0,sqft,4074.0,2,2.5,2.5,1987.0,No,2,4,Y,N,Y,5.0,387000.0
Sunridge,148.1,sqm,4390.0,3,2.5,2.0,1986.0,Yes,4,3,N,,N,9.0,190000.0
Harbor Point,778.0,sqft,1800.0,1,1.0,3.0,1973.0,Yes,3,8,Y,N,N,7.0,$224.5K
Brookhaven,2085.0,sqft,8141.0,4,3.5,2.5,1985.0,Yes,2,4,N,N,N,3.0,436400.0
Old Mill District,2234.0,sqft,6692.0,3,2.5,1.0,1941.0,No,3,8,Y,N,N,,$490.3K
Old Mill District,1433.0,sqft,4658.0,3,2.0,2.0,1998.0,No,4,10,N,N,N,10.0,382100.0
Old Mill District,1743.0,sqft,5256.0,4,3.5,1.0,1945.0,No,3,4,N,Y,N,5.0,$345.0K
Riverside Park,1279.0,sqft,3075.0,1,1.0,1.0,1954.0,Yes,3,8,Y,N,N,5.0,$198.9K
Cedar Falls,1997.0,sqft,6396.0,2,1.0,2.0,1949.0,No,5,8,Y,Y,Y,3.0,265400.0
Sunridge,1725.0,sqft,4906.0,3,3.0,1.5,2004.0,No,2,7,Y,N,N,7.0,193900.0
Maple Grove,1240.0,sqft,3510.0,1,1.0,1.0,2000.0,No,4,8,Y,Y,N,6.0,195400.0
Old Mill District,122.9,sqm,4855.0,1,1.0,1.0,2006.0,No,3,4,Y,N,N,4.0,$323.9K
Sunridge,2492.0,sqft,6836.0,4,3.0,1.0,2006.0,No,1,8,Y,Y,N,6.0,308700.0
Brookhaven,2082.0,sqft,3852.0,3,1.5,2.0,1973.0,Yes,3,8,Y,N,N,7.0,442100.0
Old Mill District,1552.0,sqft,4278.0,3,2.5,1.0,1969.0,No,3,3,Y,N,N,9.0,$372.5K
Sunridge,1984.0,sqft,5164.0,3,2.5,1.0,1981.0,No,4,6,N,Y,N,7.0,$178.1K
Maple Grove,1786.0,sqft,2695.0,3,2.5,3.0,1969.0,Yes,4,3,Y,Y,N,6.0,276700.0
Riverside Park,1623.0,sqft,3523.0,1,1.0,1.0,2014.0,No,5,3,Y,N,N,6.0,$286.1K
Brookhaven,1945.0,sqft,6357.0,3,2.5,2.0,1962.0,No,4,4,N,N,N,8.0,308800.0
Northgate,150.3,sqm,2006.0,3,1.5,3.0,1935.0,Yes,2,9,Y,N,Y,4.0,$150.6K
Old Mill District,1875.0,sqft,7467.0,3,1.5,1.0,2004.0,No,3,5,Y,Y,N,7.0,518200.0
Old Mill District,1355.0,sqft,3816.0,2,1.5,3.0,1921.0,Yes,4,7,Y,Y,N,5.0,313900.0
Northgate,2164.0,sqft,3773.0,4,3.5,1.5,1937.0,No,5,8,N,N,N,4.0,$131.2K
Old Mill District,1701.0,sqft,5308.0,3,2.0,1.0,1925.0,Yes,3,6,N,N,N,5.0,392700.0
Maple Grove,2310.0,sqft,5979.0,3,1.5,1.0,1975.0,No,2,9,N,N,N,6.0,303800.0
Riverside Park,2127.0,sqft,2584.0,2,2.0,1.0,1931.0,No,2,4,Y,N,N,10.0,296900.0
Brookhaven,1347.0,sqft,3801.0,2,1.0,2.0,1974.0,No,4,3,Y,N,N,9.0,267400.0
Old Mill District,1833.0,sqft,3688.0,4,3.0,2.5,1993.0,Yes,3,5,Y,Y,N,2.0,424800.0
Cedar Falls,77.6,sqm,2593.0,1,1.0,3.0,2002.0,No,2,3,Y,Y,N,3.0,$108.1K
Brookhaven,1232.0,sqft,4073.0,2,2.0,1.0,1980.0,No,3,7,Y,Y,N,5.0,249300.0
Northgate,2444.0,sqft,6620.0,3,2.5,1.5,1957.0,Yes,4,10,N,Y,Y,4.0,$252.7K
Brookhaven,125.3,sqm,3447.0,2,1.5,2.0,1999.0,No,2,9,Y,Y,N,5.0,$264.9K
Riverside Park,2241.0,sqft,5305.0,3,2.0,1.0,1947.0,No,2,9,Y,N,N,,330300.0
Northgate,1778.0,sqft,4496.0,2,1.5,2.0,1962.0,Yes,5,8,Y,N,N,5.0,$141.5K
Northgate,2286.0,sqft,7039.0,4,3.0,1.0,1999.0,No,3,6,Y,Y,N,4.0,200400.0
Sunridge,2312.0,sqft,4056.0,4,3.5,2.0,1972.0,No,4,5,N,N,N,8.0,$205.2K
Maple Grove,2134.0,sqft,4273.0,3,2.0,1.0,1943.0,No,3,5,Y,N,N,6.0,251900.0
Harbor Point,133.9,sqm,3526.0,3,3.0,3.0,1955.0,No,4,5,N,N,N,5.0,301900.0
Sunridge,1942.0,sqft,2349.0,3,3.0,1.0,2015.0,No,3,5,N,Y,N,7.0,175900.0
Maple Grove,2779.0,sqft,7601.0,4,2.5,1.0,1965.0,No,3,3,Y,Y,Y,4.0,316000.0
Riverside Park,2572.0,sqft,7850.0,4,2.5,1.0,1968.0,No,4,3,Y,Y,Y,5.0,421500.0
Maple Grove,2384.0,sqft,9427.0,4,3.0,2.5,1952.0,Yes,3,8,Y,Y,N,8.0,$351.6K
Old Mill District,3131.0,sqft,11088.0,5,3.5,2.0,1973.0,Yes,4,10,Y,N,N,4.0,$870.5K
Cedar Falls,1794.0,sqft,5357.0,4,3.0,2.0,2004.0,No,2,4,Y,N,N,8.0,$261.1K
Riverside Park,1960.0,sqft,6647.0,3,2.5,1.0,2016.0,No,4,10,Y,N,N,9.0,$451.2K
Old Mill District,1767.0,sqft,7031.0,2,1.5,2.0,2011.0,No,3,9,N,N,N,6.0,534000.0
Riverside Park,3248.0,sqft,8727.0,5,3.5,1.5,1935.0,Yes,4,9,Y,N,N,3.0,$550.5K
Brookhaven,2026.0,sqft,6384.0,2,1.0,1.0,2014.0,Yes,3,3,Y,N,Y,2.0,$425.2K
Sunridge,1773.0,sqft,4951.0,3,1.5,1.0,1987.0,Yes,3,8,Y,N,N,5.0,206900.0
Sunridge,1533.0,sqft,4910.0,2,1.0,1.0,1922.0,No,3,7,Y,Y,N,7.0,155500.0
Cedar Falls,2068.0,sqft,4384.0,4,2.5,3.0,2009.0,No,1,6,Y,Y,N,5.0,$315.5K
Sunridge,2406.0,sqft,6788.0,3,3.0,2.0,1962.0,Yes,3,9,Y,N,N,6.0,254800.0
Maple Grove,1989.0,sqft,3270.0,3,2.5,2.0,1939.0,No,4,6,N,N,N,9.0,$266.9K
Cedar Falls,2591.0,sqft,3746.0,4,2.5,2.0,1985.0,No,2,9,Y,N,N,4.0,290600.0
Sunridge,249.2,sqm,3262.0,4,3.0,1.0,1928.0,No,4,10,N,Y,N,6.0,242300.0
Sunridge,186.2,sqm,5328.0,3,1.5,2.0,1996.0,No,4,4,N,N,N,7.0,$222.8K
Brookhaven,1749.0,sqft,3224.0,3,2.0,2.0,1989.0,No,4,9,Y,Y,N,8.0,401400.0
Old Mill District,125.1,sqm,4467.0,2,1.0,2.0,1982.0,No,5,7,N,Y,N,7.0,$297.1K
Harbor Point,1708.0,sqft,4237.0,3,2.5,1.0,1968.0,No,3,4,Y,N,N,7.0,$475.3K
Brookhaven,1650.0,sqft,4469.0,2,2.0,2.5,2016.0,No,4,7,N,Y,N,6.0,370200.0
Maple Grove,210.2,sqm,4850.0,3,1.5,2.5,2004.0,No,3,10,Y,N,N,6.0,$406.3K
Sunridge,2057.0,sqft,7423.0,3,2.0,2.0,1981.0,Yes,3,10,Y,,N,6.0,$231.0K
Brookhaven,2453.0,sqft,9759.0,3,2.5,2.0,2007.0,No,5,4,Y,N,N,7.0,596100.0
Old Mill District,2870.0,sqft,11214.0,5,4.5,2.0,1927.0,Yes,3,4,Y,Y,N,9.0,758800.0
Maple Grove,2728.0,sqft,9299.0,4,2.0,2.5,1980.0,No,4,5,Y,Y,N,7.0,$372.2K
Maple Grove,2882.0,sqft,3941.0,4,3.5,2.5,2020.0,No,2,8,N,N,N,5.0,$542.9K
Sunridge,1051.0,sqft,2255.0,2,1.0,1.0,2001.0,Yes,2,5,N,Y,N,7.0,$121.8K
Old Mill District,1420.0,sqft,4518.0,1,1.0,1.0,2000.0,No,4,3,N,N,N,7.0,321500.0
Harbor Point,2558.0,sqft,8347.0,3,2.5,2.5,1967.0,No,4,7,Y,N,Y,5.0,$800.4K
Riverside Park,1811.0,sqft,6251.0,3,2.0,2.0,1921.0,Yes,3,4,Y,N,N,5.0,309000.0
Brookhaven,3370.0,sqft,9654.0,5,2.5,2.0,1960.0,Yes,3,8,Y,Y,N,5.0,651100.0
Cedar Falls,227.3,sqm,6013.0,4,4.0,1.0,1945.0,Yes,4,10,Y,Y,N,1.0,282600.0
Maple Grove,2534.0,sqft,3523.0,3,3.0,3.0,1979.0,Yes,2,4,N,N,N,9.0,367800.0
Cedar Falls,2510.0,sqft,7477.0,3,2.5,1.0,1945.0,Yes,2,3,N,Y,N,7.0,$346.8K
Harbor Point,2004.0,sqft,6999.0,4,3.5,1.5,2001.0,No,3,8,Y,Y,Y,5.0,$685.6K
Northgate,2073.0,sqft,4120.0,4,3.0,2.0,1920.0,No,2,5,Y,Y,N,10.0,$172.3K
Old Mill District,2350.0,sqft,4813.0,3,2.5,1.0,2019.0,No,3,5,N,Y,N,8.0,$703.4K
Northgate,1131.0,sqft,2028.0,1,1.5,2.0,2012.0,No,2,9,Y,N,N,6.0,$114.8K
Riverside Park,1920.0,sqft,2694.0,4,2.5,2.0,1989.0,Yes,3,8,Y,N,N,,$320.6K
Cedar Falls,2716.0,sqft,4205.0,4,2.0,3.0,1983.0,No,3,10,N,Y,N,3.0,411000.0
Riverside Park,1550.0,sqft,5053.0,3,1.5,1.0,1968.0,No,4,10,Y,N,N,7.0,260700.0
Harbor Point,846.0,sqft,2522.0,1,1.5,1.0,1941.0,No,1,10,Y,N,N,6.0,$153.8K
Harbor Point,2241.0,sqft,7523.0,4,3.5,2.5,2000.0,No,3,6,Y,N,Y,5.0,775700.0
Cedar Falls,2142.0,sqft,4384.0,4,2.5,1.0,1921.0,No,4,3,Y,Y,N,7.0,246000.0
Old Mill District,1980.0,sqft,6013.0,3,2.0,2.5,1940.0,No,2,4,Y,Y,N,2.0,401600.0
Northgate,158.0,sqm,5265.0,4,3.5,1.5,1993.0,No,4,8,Y,Y,N,6.0,173900.0
Brookhaven,1310.0,sqft,1793.0,3,2.0,2.0,1936.0,Yes,3,10,N,N,N,6.0,217800.0
Maple Grove,255.8,sqm,7179.0,5,3.5,3.0,2017.0,No,3,4,Y,N,N,9.0,399300.0
Northgate,163.1,sqm,6282.0,3,3.0,2.0,1993.0,No,3,9,Y,N,N,9.0,$189.6K
Old Mill District,1619.0,sqft,4512.0,2,1.0,2.0,1942.0,Yes,2,5,N,N,N,6.0,$302.4K
Harbor Point,2772.0,sqft,5820.0,4,3.5,2.0,1998.0,Yes,3,5,N,N,N,,717300.0
Sunridge,1389.0,sqft,,2,1.0,1.0,1926.0,No,5,6,Y,N,N,5.0,$108.3K
Sunridge,2997.0,sqft,10476.0,4,2.5,1.0,2015.0,Yes,5,10,N,,Y,9.0,394100.0
Northgate,500.0,sqft,1328.0,1,1.0,2.0,2020.0,No,3,6,Y,Y,N,4.0,$53.8K
Brookhaven,214.5,sqm,7120.0,3,3.0,3.0,2021.0,No,3,9,N,,N,4.0,$439.9K
Harbor Point,2443.0,sqft,9595.0,5,4.5,2.0,1992.0,No,1,10,Y,N,N,6.0,$723.1K
Harbor Point,1171.0,sqft,2465.0,2,2.0,1.0,2019.0,No,3,7,Y,,N,6.0,$344.8K
Riverside Park,1382.0,sqft,2449.0,1,1.0,2.0,1925.0,No,4,3,N,N,Y,3.0,$216.1K
Cedar Falls,185.8,sqm,6812.0,4,2.0,2.5,1992.0,No,1,5,Y,N,N,8.0,289700.0
Cedar Falls,1594.0,sqft,5726.0,2,1.0,1.0,1945.0,No,3,9,Y,N,N,2.0,$148.1K
Cedar Falls,1699.0,sqft,3621.0,3,1.5,3.0,,No,4,3,N,Y,N,6.0,229500.0
Harbor Point,2737.0,sqft,3572.0,4,3.0,2.0,1927.0,No,4,4,Y,Y,N,7.0,$595.1K
Brookhaven,46.4,sqm,1989.0,2,1.0,1.0,2019.0,No,4,10,Y,Y,N,6.0,$120.4K
Old Mill District,2339.0,sqft,3881.0,4,3.5,2.0,1978.0,No,3,3,Y,Y,N,5.0,$439.7K
Brookhaven,2441.0,sqft,5082.0,4,3.5,2.0,2022.0,No,4,6,Y,N,N,4.0,539600.0
Cedar Falls,1405.0,sqft,3325.0,2,2.0,1.0,1958.0,No,4,10,N,Y,N,7.0,$151.6K
Maple Grove,2726.0,sqft,5228.0,3,3.5,1.0,1988.0,No,3,3,Y,Y,N,,347500.0
Maple Grove,1556.0,sqft,5891.0,1,1.0,2.5,1969.0,No,4,4,Y,N,N,9.0,$193.4K
Maple Grove,1917.0,sqft,4989.0,3,2.5,1.0,1981.0,No,4,7,N,N,N,8.0,282600.0
Cedar Falls,2588.0,sqft,4115.0,4,3.5,2.5,1951.0,Yes,3,9,Y,Y,N,6.0,276700.0
Harbor Point,154.2,sqm,2311.0,2,1.0,1.0,1937.0,No,5,4,Y,N,N,,413900.0
Riverside Park,1751.0,sqft,6597.0,3,2.5,3.0,1991.0,No,4,8,Y,N,N,9.0,325900.0
Northgate,1522.0,sqft,3090.0,2,2.5,2.5,1989.0,No,3,8,Y,N,N,8.0,150400.0
Sunridge,1808.0,sqft,5848.0,2,1.0,2.0,1930.0,Yes,3,9,N,Y,N,6.0,201100.0
Riverside Park,3122.0,sqft,11902.0,4,2.5,1.0,1952.0,No,5,9,Y,N,Y,8.0,558400.0
Old Mill District,1573.0,sqft,2443.0,2,1.5,1.0,1941.0,No,2,3,Y,Y,N,8.0,375000.0
Sunridge,216.5,sqm,8165.0,4,3.0,1.0,1993.0,Yes,3,3,N,N,N,5.0,$266.1K
Riverside Park,2171.0,sqft,3878.0,4,3.0,1.0,1994.0,Yes,3,8,Y,N,N,6.0,479300.0
Riverside Park,1711.0,sqft,6207.0,3,2.5,3.0,1955.0,Yes,4,9,N,N,N,3.0,$268.7K
Brookhaven,1820.0,sqft,2973.0,2,1.0,1.5,1985.0,No,5,8,N,N,N,5.0,$423.7K
Cedar Falls,3149.0,sqft,6833.0,6,4.5,1.0,2017.0,No,3,4,N,Y,N,7.0,$435.9K
Old Mill District,1570.0,sqft,6130.0,3,2.5,1.0,1932.0,Yes,3,8,Y,N,N,5.0,380100.0
Harbor Point,1952.0,sqft,7002.0,5,3.5,3.0,1993.0,No,3,3,Y,N,N,10.0,625900.0
Cedar Falls,3045.0,sqft,8824.0,5,3.0,1.0,2021.0,No,4,4,Y,Y,Y,9.0,504400.0
Harbor Point,2556.0,sqft,8982.0,4,3.5,3.0,1978.0,No,4,7,Y,N,N,5.0,841100.0
Harbor Point,1853.0,sqft,6841.0,3,2.0,2.5,1950.0,No,3,6,N,N,N,7.0,$480.6K
Brookhaven,2250.0,sqft,8032.0,5,4.0,2.0,2003.0,No,2,3,Y,N,N,5.0,382500.0
Sunridge,1602.0,sqft,2239.0,4,3.5,1.0,1994.0,No,2,7,N,Y,N,8.0,155700.0
Harbor Point,2378.0,sqft,5016.0,5,3.5,2.5,1923.0,No,3,10,Y,N,N,8.0,507000.0
Cedar Falls,1686.0,sqft,5497.0,3,2.0,3.0,2006.0,Yes,2,3,N,N,N,7.0,$215.3K
Northgate,1666.0,sqft,4903.0,3,4.0,1.0,1940.0,No,5,4,Y,N,N,9.0,$147.1K
Old Mill District,1806.0,sqft,4136.0,3,1.5,1.0,2007.0,No,3,8,Y,N,N,6.0,$514.4K
Riverside Park,1878.0,sqft,6412.0,4,3.5,2.0,1937.0,No,5,6,Y,N,N,4.0,261800.0
Harbor Point,2129.0,sqft,4524.0,2,1.0,2.0,1997.0,No,4,9,Y,N,N,5.0,$554.0K
Cedar Falls,2159.0,sqft,4758.0,4,2.5,2.0,2000.0,No,2,3,Y,Y,N,8.0,$296.0K
Northgate,121.6,sqm,3152.0,4,2.5,3.0,1924.0,No,4,6,Y,N,N,6.0,$102.0K
Northgate,278.9,sqm,8702.0,5,3.5,1.0,2007.0,No,5,10,Y,Y,N,3.0,358600.0
Brookhaven,2514.0,sqft,7322.0,3,1.5,2.0,1971.0,Yes,2,10,N,N,N,5.0,515100.0
Northgate,1172.0,sqft,1980.0,2,1.5,2.5,1938.0,No,3,10,N,Y,N,6.0,$86.1K
Old Mill District,122.1,sqm,3925.0,2,3.0,2.0,1958.0,Yes,2,10,Y,Y,N,9.0,369000.0
Harbor Point,2394.0,sqft,4980.0,4,3.5,1.0,1982.0,Yes,3,10,Y,N,N,3.0,664000.0
Cedar Falls,1585.0,sqft,2210.0,3,3.0,1.0,1973.0,No,3,9,Y,Y,N,7.0,$238.3K
Northgate,2417.0,sqft,7441.0,3,2.5,2.0,2019.0,No,4,7,Y,Y,N,5.0,$282.0K
Sunridge,158.7,sqm,2424.0,2,1.5,3.0,1991.0,Yes,3,9,Y,Y,N,7.0,$215.4K
Riverside Park,1042.0,sqft,3578.0,2,2.5,2.5,1989.0,No,4,5,Y,N,N,8.0,$210.9K
Northgate,901.0,sqft,1484.0,1,1.0,2.0,1934.0,No,1,4,Y,Y,N,5.0,$53.7K
Sunridge,152.2,sqm,3113.0,2,2.5,3.0,1972.0,Yes,2,9,N,Y,N,8.0,169200.0
Northgate,1674.0,sqft,3622.0,3,2.0,2.0,1978.0,No,3,7,Y,,N,3.0,139700.0
Sunridge,1676.0,sqft,5566.0,2,2.5,2.0,1961.0,No,3,4,Y,N,N,4.0,168700.0
Brookhaven,2329.0,sqft,3926.0,3,2.0,1.0,2020.0,No,4,8,N,N,N,6.0,$516.0K
Northgate,1404.0,sqft,3592.0,2,1.0,2.5,1972.0,No,3,5,Y,Y,N,5.0,126400.0
Riverside Park,1026.0,sqft,2517.0,1,1.0,2.0,2012.0,No,4,7,Y,Y,N,6.0,192400.0
Harbor Point,1441.0,sqft,3759.0,2,1.0,1.0,1984.0,Yes,4,3,Y,Y,N,6.0,$459.8K
Northgate,975.0,sqft,1746.0,1,1.5,2.0,2023.0,No,5,7,Y,Y,N,8.0,$104.6K
Northgate,2696.0,sqft,6866.0,3,1.0,2.0,1923.0,Yes,1,7,N,N,N,8.0,188600.0
Brookhaven,1825.0,sqft,2679.0,2,2.0,1.0,1975.0,No,5,8,Y,Y,N,3.0,$361.6K
Cedar Falls,1223.0,sqft,1599.0,2,1.5,2.0,1986.0,No,3,3,Y,N,N,4.0,$122.7K
Riverside Park,2042.0,sqft,7868.0,3,2.0,1.0,2012.0,No,4,9,N,N,N,6.0,377900.0
Old Mill District,1785.0,sqft,2666.0,3,1.5,3.0,1993.0,Yes,3,10,N,Y,N,8.0,513800.0
Old Mill District,1073.0,sqft,3484.0,2,1.0,1.5,1974.0,Yes,2,6,Y,N,N,10.0,$300.9K
Northgate,2564.0,sqft,8772.0,4,2.5,2.5,1964.0,No,4,7,N,Y,N,8.0,254400.0
Cedar Falls,500.0,sqft,1528.0,1,1.0,2.5,2004.0,No,3,10,N,N,N,,75600.0
Harbor Point,1797.0,sqft,5171.0,2,1.0,1.0,1973.0,Yes,3,10,N,Y,N,5.0,417100.0
Brookhaven,190.2,sqm,6719.0,3,2.0,1.0,,No,4,8,Y,N,N,,$359.6K
Brookhaven,2288.0,sqft,7688.0,3,1.5,2.0,,Yes,3,4,Y,N,N,5.0,403300.0
Sunridge,1117.0,sqft,4250.0,1,1.5,2.0,1994.0,No,4,9,Y,Y,N,6.0,114300.0
Brookhaven,106.4,sqm,1833.0,1,1.0,2.0,1975.0,No,4,7,Y,N,N,9.0,$224.6K
Northgate,2000.0,sqft,7876.0,3,3.0,2.0,1965.0,Yes,5,5,N,N,N,5.0,$191.7K
Riverside Park,1563.0,sqft,6103.0,3,2.0,1.0,1990.0,Yes,4,7,Y,Y,N,7.0,290800.0
Cedar Falls,1663.0,sqft,4212.0,2,2.0,2.0,1947.0,No,3,3,N,Y,N,2.0,162100.0
Brookhaven,226.9,sqm,3702.0,5,4.5,3.0,1958.0,No,4,10,Y,,N,8.0,494600.0
Cedar Falls,500.0,sqft,1339.0,1,1.0,3.0,2009.0,No,3,3,Y,Y,N,5.0,$74.7K
Cedar Falls,1834.0,sqft,4955.0,2,1.0,1.0,1993.0,Yes,5,10,Y,N,Y,7.0,$296.3K
Harbor Point,1659.0,sqft,3533.0,3,1.5,2.0,1930.0,No,5,9,Y,N,N,8.0,488500.0
Harbor Point,1895.0,sqft,2859.0,3,2.0,2.0,1963.0,No,3,10,Y,N,Y,5.0,$590.2K
Cedar Falls,500.0,sqft,922.0,1,1.0,1.5,1985.0,Yes,3,6,N,N,Y,,$75.9K
Cedar Falls,1831.0,sqft,3339.0,2,1.0,2.0,2022.0,No,3,7,Y,N,Y,4.0,$315.2K
Maple Grove,2097.0,sqft,5414.0,3,2.5,1.0,1999.0,No,4,4,Y,Y,Y,2.0,$310.1K
Riverside Park,2947.0,sqft,5161.0,6,4.5,2.0,1991.0,No,3,5,Y,N,N,5.0,471200.0
Northgate,1706.0,sqft,6006.0,3,2.0,3.0,1950.0,Yes,4,7,N,N,N,5.0,$138.3K
Cedar Falls,2272.0,sqft,6750.0,4,3.0,1.0,1972.0,Yes,2,8,Y,N,N,3.0,270100.0
Cedar Falls,1298.0,sqft,4863.0,2,1.0,1.0,2019.0,No,4,4,Y,N,N,7.0,212800.0
Old Mill District,1420.0,sqft,4850.0,3,2.5,2.0,1928.0,No,2,6,N,N,N,6.0,$269.6K
Old Mill District,1386.0,sqft,2442.0,2,2.0,2.5,1949.0,No,4,6,Y,Y,N,10.0,348400.0
Northgate,152.3,sqm,6076.0,3,2.0,1.0,1935.0,No,4,4,Y,N,N,2.0,$103.7K
Brookhaven,2246.0,sqft,7786.0,3,2.5,2.0,1977.0,No,2,10,N,N,N,,$448.0K
Riverside Park,2431.0,sqft,7822.0,3,2.5,1.0,1999.0,No,2,9,Y,Y,Y,5.0,$499.2K
Northgate,1682.0,sqft,4399.0,2,1.5,2.0,1978.0,No,3,10,N,N,N,6.0,143500.0
Riverside Park,210.1,sqm,5289.0,4,3.5,2.0,1938.0,No,3,4,Y,Y,N,3.0,323600.0
Brookhaven,720.0,sqft,1654.0,1,1.0,1.0,1931.0,Yes,3,4,Y,Y,N,8.0,$158.6K
Brookhaven,1697.0,sqft,4487.0,3,2.5,2.0,2000.0,No,4,6,N,N,N,8.0,412700.0
Sunridge,303.8,sqm,5744.0,5,2.5,2.5,2016.0,No,3,4,N,Y,N,5.0,$298.8K
Harbor Point,256.6,sqm,8614.0,4,3.0,1.0,1943.0,No,4,7,Y,Y,N,7.0,716600.0
Brookhaven,254.9,sqm,7916.0,5,4.5,2.0,1937.0,Yes,3,4,N,Y,N,10.0,507100.0
Harbor Point,1311.0,sqft,3516.0,2,1.5,2.0,1976.0,No,4,7,Y,N,N,9.0,343100.0
Maple Grove,1149.0,sqft,4089.0,2,1.0,3.0,1987.0,Yes,4,10,Y,Y,N,6.0,$222.8K
Old Mill District,2004.0,sqft,2523.0,2,1.0,1.0,1930.0,No,3,10,Y,Y,N,7.0,$454.0K
Old Mill District,1843.0,sqft,5671.0,3,2.5,1.0,1935.0,Yes,4,9,Y,N,N,9.0,$402.4K
Sunridge,1915.0,sqft,6370.0,3,3.0,2.0,1964.0,Yes,3,8,N,N,N,9.0,$214.8K
Old Mill District,2077.0,sqft,4912.0,3,2.5,2.0,2009.0,No,3,5,Y,N,N,,566800.0
Harbor Point,2148.0,sqft,,3,3.0,2.0,2014.0,Yes,2,6,Y,Y,N,5.0,$703.8K
Harbor Point,2005.0,sqft,3225.0,3,1.5,3.0,1955.0,No,3,10,Y,Y,N,6.0,539300.0
Maple Grove,149.8,sqm,2491.0,2,1.5,2.0,1992.0,Yes,4,9,Y,Y,N,8.0,$313.5K
Sunridge,3420.0,sqft,5744.0,6,4.5,1.0,2002.0,No,3,5,N,N,N,5.0,$279.6K
Harbor Point,2349.0,sqft,7560.0,3,2.0,1.5,1924.0,Yes,2,6,Y,N,N,8.0,$450.4K
Old Mill District,1086.0,sqft,3896.0,3,2.0,2.0,2005.0,No,5,6,Y,N,N,7.0,246700.0
Riverside Park,2522.0,sqft,7166.0,4,3.5,2.0,1985.0,No,2,7,Y,N,N,5.0,392200.0
Old Mill District,88.4,sqm,3197.0,2,1.5,1.5,1980.0,No,3,6,Y,Y,N,3.0,216800.0
Northgate,2322.0,sqft,5436.0,3,2.5,2.5,1963.0,No,4,3,Y,Y,Y,5.0,192700.0
Sunridge,930.0,sqft,3521.0,2,2.0,2.0,2002.0,No,5,10,N,Y,N,4.0,$103.1K
Riverside Park,1744.0,sqft,3728.0,2,1.5,1.0,1969.0,No,3,9,Y,N,N,4.0,$228.7K
Brookhaven,261.0,sqm,3376.0,5,3.5,1.5,1964.0,No,3,8,N,N,N,5.0,455600.0
Sunridge,1521.0,sqft,3924.0,2,1.0,1.5,1982.0,No,4,4,Y,Y,N,8.0,$159.1K
Harbor Point,3151.0,sqft,8176.0,5,3.0,2.0,1997.0,Yes,4,4,Y,N,N,5.0,856500.0
Harbor Point,1139.0,sqft,1902.0,2,1.5,1.0,1990.0,Yes,4,3,Y,Y,N,7.0,$354.5K
Sunridge,2617.0,sqft,7462.0,5,4.5,3.0,1979.0,No,4,9,N,Y,N,3.0,249900.0
Harbor Point,1957.0,sqft,4684.0,4,4.0,3.0,1989.0,No,5,4,Y,N,N,7.0,$571.2K
Riverside Park,1388.0,sqft,3603.0,2,1.0,1.5,1998.0,No,2,6,Y,Y,N,8.0,$219.0K
Northgate,228.1,sqm,5332.0,3,2.5,2.0,1976.0,No,2,6,N,N,Y,4.0,$218.1K
Northgate,121.2,sqm,2030.0,1,1.0,3.0,2017.0,No,3,6,Y,N,Y,6.0,$140.2K
Cedar Falls,1781.0,sqft,2393.0,2,1.5,1.0,1920.0,Yes,3,10,N,N,N,6.0,$196.7K
Brookhaven,1984.0,sqft,5365.0,3,3.0,1.0,1990.0,No,1,10,Y,N,N,,432400.0
Cedar Falls,1380.0,sqft,5445.0,2,1.0,2.0,2001.0,No,5,4,Y,,N,8.0,$169.9K
Northgate,2560.0,sqft,4705.0,4,2.5,1.0,1945.0,No,3,3,Y,Y,N,4.0,169200.0
Riverside Park,1390.0,sqft,1990.0,2,1.0,2.0,1998.0,No,4,6,Y,Y,Y,6.0,$274.2K
Sunridge,1364.0,sqft,1710.0,3,2.5,1.0,1932.0,No,3,6,Y,Y,N,5.0,124500.0
Riverside Park,1244.0,sqft,3140.0,2,1.0,2.0,1972.0,Yes,3,8,Y,Y,N,7.0,$285.1K
Cedar Falls,226.3,sqm,7296.0,4,4.0,1.0,2015.0,No,3,6,Y,N,N,6.0,409800.0
Maple Grove,2217.0,sqft,8434.0,3,1.5,1.0,1964.0,No,2,3,Y,Y,N,6.0,$252.8K
Brookhaven,1319.0,sqft,2021.0,2,1.0,2.0,1945.0,No,3,8,Y,Y,N,3.0,215300.0
Old Mill District,2487.0,sqft,5843.0,5,4.5,2.0,2022.0,No,4,8,Y,N,N,4.0,852500.0
Cedar Falls,1108.0,sqft,2357.0,1,1.0,2.5,1963.0,No,5,8,Y,N,N,5.0,127600.0
Maple Grove,2327.0,sqft,3298.0,3,3.0,1.0,1924.0,No,2,9,N,N,N,8.0,$266.5K
Riverside Park,243.0,sqm,9965.0,3,2.5,2.0,1943.0,No,5,7,Y,Y,N,7.0,466200.0
Brookhaven,1530.0,sqft,3645.0,2,2.0,1.0,1982.0,Yes,4,10,Y,N,N,8.0,396700.0
Cedar Falls,2005.0,sqft,5410.0,4,3.5,2.5,2003.0,No,5,8,Y,Y,N,10.0,$343.5K
Old Mill District,1860.0,sqft,5900.0,3,2.0,2.0,1926.0,No,3,10,N,N,N,5.0,$358.1K
Cedar Falls,1676.0,sqft,4758.0,3,1.5,2.0,1934.0,Yes,5,4,Y,N,N,5.0,$200.1K
Brookhaven,981.0,sqft,1178.0,2,2.0,1.0,1951.0,No,4,3,N,Y,N,5.0,$157.8K
Maple Grove,2081.0,sqft,3834.0,2,1.5,2.0,1923.0,Yes,4,10,Y,Y,N,7.0,$302.9K
Maple Grove,2251.0,sqft,4446.0,4,3.5,1.0,1957.0,No,3,10,N,N,N,5.0,$282.0K
Sunridge,2299.0,sqft,6725.0,3,2.0,2.5,1932.0,Yes,2,10,N,N,N,9.0,229400.0
Old Mill District,880.0,sqft,2593.0,2,2.0,1.0,1941.0,No,4,7,N,N,N,4.0,$168.6K
Maple Grove,2772.0,sqft,5539.0,5,3.5,3.0,1937.0,Yes,4,3,N,N,N,6.0,$328.3K
Brookhaven,1857.0,sqft,2488.0,3,2.5,1.0,1989.0,Yes,3,5,N,N,N,5.0,$376.5K
Old Mill District,1660.0,sqft,3553.0,3,2.5,2.0,1969.0,No,4,8,Y,Y,N,8.0,400800.0
Maple Grove,2263.0,sqft,7582.0,3,1.0,2.5,1924.0,No,4,8,Y,N,N,8.0,$283.5K
Harbor Point,78.9,sqm,1298.0,2,1.0,2.5,1943.0,Yes,5,9,N,N,N,6.0,$220.1K
Harbor Point,1036.0,sqft,2154.0,2,2.5,2.0,1985.0,No,5,7,Y,N,N,7.0,$322.9K
Riverside Park,112.5,sqm,1900.0,1,1.0,1.0,2012.0,No,3,3,Y,N,N,6.0,224200.0
Maple Grove,2337.0,sqft,6284.0,4,2.5,2.5,1972.0,No,4,5,Y,N,N,4.0,283700.0
Cedar Falls,1997.0,sqft,6119.0,3,2.5,2.0,1965.0,No,4,3,Y,Y,N,8.0,$196.3K
Old Mill District,1070.0,sqft,1782.0,2,1.5,2.0,1923.0,Yes,3,6,N,N,N,6.0,240700.0
Riverside Park,2040.0,sqft,6368.0,3,2.5,1.0,2008.0,No,1,9,Y,N,N,5.0,$352.4K
Riverside Park,2482.0,sqft,3825.0,3,3.0,1.5,1958.0,No,2,3,N,Y,N,6.0,273500.0
Harbor Point,3452.0,sqft,5536.0,6,5.0,1.0,1973.0,Yes,3,8,Y,Y,N,7.0,954900.0
Brookhaven,1703.0,sqft,4391.0,3,2.0,2.0,,No,3,9,Y,N,N,6.0,$321.6K
Sunridge,1505.0,sqft,5027.0,3,2.5,2.0,1982.0,Yes,3,9,Y,N,N,6.0,179100.0
Cedar Falls,1961.0,sqft,4710.0,4,3.0,2.0,1991.0,Yes,4,6,Y,Y,N,7.0,259200.0
Maple Grove,153.4,sqm,5321.0,2,2.0,1.0,1999.0,No,4,5,Y,N,N,5.0,236100.0
Maple Grove,1913.0,sqft,6496.0,2,1.5,1.0,2023.0,No,1,8,N,N,N,9.0,327400.0
Maple Grove,1824.0,sqft,7009.0,3,1.5,2.0,1952.0,No,3,7,Y,Y,N,8.0,$230.5K
Cedar Falls,1843.0,sqft,2919.0,2,1.5,2.0,1955.0,No,1,6,N,Y,N,6.0,$225.1K
Riverside Park,2081.0,sqft,4594.0,3,2.5,2.0,2006.0,Yes,4,8,Y,Y,N,5.0,414400.0
Riverside Park,1769.0,sqft,5231.0,3,2.0,1.0,1990.0,No,3,10,Y,Y,N,10.0,361300.0
Harbor Point,1720.0,sqft,4953.0,3,2.5,1.0,1966.0,Yes,3,10,Y,N,N,,499300.0
Brookhaven,2118.0,sqft,5760.0,2,2.5,2.0,1934.0,No,4,6,Y,Y,N,6.0,316000.0
Old Mill District,1509.0,sqft,5216.0,2,2.0,2.0,1943.0,No,4,5,Y,N,N,4.0,304500.0
Brookhaven,2140.0,sqft,7784.0,3,2.5,1.5,2004.0,No,3,7,Y,N,N,5.0,$495.3K
Sunridge,2532.0,sqft,6042.0,5,4.0,2.0,1991.0,No,3,7,Y,N,N,7.0,$254.3K
Northgate,164.8,sqm,,3,2.0,1.5,1943.0,No,4,4,N,N,N,10.0,132800.0
Cedar Falls,178.9,sqm,5909.0,2,1.5,2.0,1928.0,Yes,3,5,Y,Y,N,3.0,$230.2K
Riverside Park,298.5,sqm,10613.0,4,2.0,1.0,1960.0,No,4,6,Y,Y,Y,5.0,$533.5K
Old Mill District,2046.0,sqft,5387.0,4,2.5,1.5,1999.0,No,4,5,Y,Y,N,5.0,556900.0
Harbor Point,1527.0,sqft,5037.0,2,2.0,2.0,1963.0,No,4,5,N,N,N,7.0,$428.0K
Northgate,2908.0,sqft,9012.0,6,4.5,2.0,1972.0,Yes,1,4,Y,Y,N,9.0,279400.0
Northgate,2020.0,sqft,7437.0,4,3.5,1.0,1931.0,No,4,3,Y,Y,N,7.0,177900.0
Northgate,1072.0,sqft,3941.0,1,1.0,2.5,1956.0,No,4,8,N,N,N,4.0,$88.3K
Harbor Point,191.8,sqm,5081.0,3,3.0,2.0,1985.0,Yes,3,7,Y,N,N,6.0,$582.4K
Old Mill District,1897.0,sqft,5094.0,2,1.5,2.0,1935.0,No,4,8,N,N,N,5.0,$317.5K
Harbor Point,943.0,sqft,2228.0,1,1.0,2.5,1939.0,Yes,5,9,N,N,Y,5.0,240700.0
Harbor Point,1905.0,sqft,7344.0,3,2.0,2.5,1990.0,Yes,4,6,Y,N,N,,$662.1K
Brookhaven,1166.0,sqft,3105.0,2,1.0,2.5,1946.0,No,2,5,Y,N,N,4.0,$200.0K
Riverside Park,1782.0,sqft,3253.0,3,2.5,1.5,1971.0,No,4,6,Y,Y,N,7.0,300800.0
Riverside Park,2470.0,sqft,9227.0,3,3.0,1.0,2010.0,No,4,10,Y,N,N,5.0,$504.8K
Harbor Point,1647.0,sqft,5168.0,3,2.0,1.0,1925.0,Yes,2,10,Y,Y,Y,7.0,483900.0
Harbor Point,1606.0,sqft,4520.0,2,1.0,2.5,,No,5,9,Y,N,N,,351300.0
Old Mill District,2181.0,sqft,3599.0,4,2.5,2.0,1925.0,No,1,8,Y,Y,N,6.0,477100.0
Riverside Park,1974.0,sqft,2904.0,3,2.0,2.0,1952.0,No,5,9,N,Y,N,6.0,253600.0
Sunridge,1773.0,sqft,6056.0,3,2.0,2.5,2002.0,No,4,10,Y,Y,N,4.0,197400.0
Northgate,1293.0,sqft,4880.0,2,1.5,2.5,1969.0,Yes,3,8,Y,N,N,7.0,$121.3K
Maple Grove,579.0,sqft,1169.0,1,1.0,2.0,1986.0,Yes,5,3,Y,Y,N,5.0,97600.0
Maple Grove,117.8,sqm,2309.0,1,2.0,2.5,1980.0,No,2,8,Y,N,N,6.0,218300.0
Riverside Park,2298.0,sqft,5656.0,3,2.0,2.5,1962.0,No,4,6,N,Y,N,4.0,$323.4K
Maple Grove,2262.0,sqft,8678.0,4,3.0,1.0,1954.0,No,5,10,Y,Y,N,8.0,$289.1K
Maple Grove,1638.0,sqft,5281.0,2,1.5,2.0,1959.0,No,2,7,Y,N,N,6.0,$202.7K
Riverside Park,164.7,sqm,5901.0,3,2.5,2.0,1978.0,Yes,2,3,Y,Y,N,8.0,$288.3K
Sunridge,500.0,sqft,835.0,2,2.0,1.0,,No,4,7,Y,Y,N,5.0,64400.0
Cedar Falls,2650.0,sqft,7052.0,5,4.0,1.0,1950.0,Yes,4,4,Y,N,N,7.0,$236.0K
Sunridge,1279.0,sqft,2338.0,2,1.5,2.5,1988.0,No,5,9,Y,Y,N,6.0,$139.7K
Brookhaven,123.8,sqm,2617.0,1,1.0,1.0,1998.0,Yes,4,8,N,N,N,6.0,$282.2K
Old Mill District,500.0,sqft,921.0,1,1.0,2.0,2007.0,No,2,8,Y,N,N,9.0,$132.0K
Maple Grove,2390.0,sqft,4956.0,4,3.5,1.0,1981.0,No,2,6,Y,N,N,5.0,303400.0
Brookhaven,730.0,sqft,1952.0,2,2.0,2.5,1962.0,Yes,5,5,Y,Y,N,5.0,$139.7K
Northgate,176.3,sqm,3857.0,3,2.0,1.0,1985.0,No,3,8,N,Y,N,7.0,173900.0
Northgate,673.0,sqft,2174.0,1,1.0,2.0,1960.0,No,3,8,Y,N,Y,4.0,55900.0
Maple Grove,298.8,sqm,11717.0,6,4.5,2.0,,Yes,3,6,Y,N,N,8.0,$410.8K
Northgate,1985.0,sqft,5299.0,2,2.0,2.0,2003.0,No,3,3,Y,N,N,6.0,$164.1K
Sunridge,998.0,sqft,1400.0,1,1.0,2.0,1961.0,Yes,4,5,Y,Y,N,4.0,110500.0
Sunridge,1640.0,sqft,5521.0,2,2.0,3.0,1930.0,No,2,5,Y,N,N,2.0,120100.0
Harbor Point,1502.0,sqft,3922.0,2,2.0,2.0,1968.0,No,5,6,Y,Y,N,,384900.0
Old Mill District,2659.0,sqft,9340.0,4,3.0,2.5,1948.0,No,2,4,N,Y,N,6.0,$476.8K
Harbor Point,1218.0,sqft,1929.0,2,1.5,2.5,1961.0,No,4,3,Y,Y,N,5.0,275500.0
Sunridge,3050.0,sqft,7534.0,5,4.0,1.0,2006.0,No,3,6,Y,N,N,3.0,304600.0
Riverside Park,2314.0,sqft,4780.0,4,2.5,1.0,1981.0,Yes,3,8,N,Y,N,6.0,$405.1K
Sunridge,1436.0,sqft,3256.0,2,2.5,2.5,1965.0,Yes,5,8,Y,N,N,10.0,168000.0
Old Mill District,2718.0,sqft,6248.0,4,3.5,1.0,2018.0,No,4,7,Y,Y,N,6.0,$696.7K
Cedar Falls,124.8,sqm,1990.0,2,1.0,3.0,1922.0,No,4,10,Y,Y,N,4.0,$163.8K
Cedar Falls,1486.0,sqft,2357.0,2,1.5,1.5,2001.0,No,4,7,Y,Y,N,4.0,$197.8K
Old Mill District,1646.0,sqft,3457.0,3,2.5,2.0,1937.0,No,4,10,N,N,N,5.0,$315.8K
Riverside Park,229.6,sqm,4358.0,4,2.5,1.0,1931.0,No,3,10,Y,N,N,3.0,$376.3K
Sunridge,2083.0,sqft,8226.0,3,2.5,1.0,1951.0,Yes,3,8,Y,N,Y,,255900.0
Harbor Point,2083.0,sqft,5346.0,4,3.0,2.0,1993.0,Yes,2,6,Y,Y,Y,4.0,836500.0
Sunridge,155.7,sqm,6609.0,2,1.0,2.0,1943.0,No,4,5,Y,N,N,,$153.0K
Northgate,991.0,sqft,3847.0,2,1.5,2.5,1967.0,No,2,9,Y,N,N,8.0,$89.3K
Brookhaven,2940.0,sqft,9051.0,4,2.5,1.0,1984.0,Yes,4,9,Y,N,Y,,$886.4K
Riverside Park,3618.0,sqft,12895.0,6,4.0,1.0,1996.0,No,2,9,Y,N,Y,6.0,$813.9K
Riverside Park,227.6,sqm,7037.0,3,2.5,2.0,1978.0,No,1,10,N,Y,N,4.0,$337.7K
Sunridge,2091.0,sqft,5795.0,3,2.0,1.5,1942.0,No,4,5,N,Y,N,5.0,190200.0
Harbor Point,249.9,sqm,8806.0,4,3.0,1.0,2011.0,No,3,6,Y,Y,N,7.0,871700.0
Northgate,2172.0,sqft,4223.0,3,2.5,2.0,2018.0,No,1,7,N,N,Y,3.0,215200.0
Cedar Falls,1957.0,sqft,5527.0,3,2.0,2.0,1947.0,No,3,5,N,N,N,7.0,216000.0
Sunridge,1490.0,sqft,4324.0,2,2.0,1.0,1934.0,No,3,8,Y,N,N,5.0,144300.0
Harbor Point,1835.0,sqft,5589.0,3,1.5,1.0,1976.0,No,4,7,N,N,N,6.0,544100.0
Riverside Park,2072.0,sqft,4611.0,3,2.0,2.0,2021.0,No,4,5,Y,Y,N,5.0,$404.0K
Cedar Falls,2076.0,sqft,2892.0,3,2.5,1.0,2016.0,No,3,4,Y,N,N,7.0,$358.9K
Northgate,1429.0,sqft,3035.0,2,2.0,2.0,,No,5,6,Y,Y,N,,$181.2K
Cedar Falls,1985.0,sqft,4228.0,4,3.0,2.0,1974.0,No,2,6,Y,N,N,5.0,$225.5K
Northgate,2107.0,sqft,4469.0,4,3.0,1.0,1984.0,No,3,9,Y,N,N,5.0,$151.6K
Sunridge,1787.0,sqft,5348.0,2,1.5,2.0,1921.0,Yes,3,6,Y,N,N,9.0,$180.0K
Northgate,1790.0,sqft,4962.0,3,2.0,2.0,2004.0,No,2,7,Y,N,Y,8.0,$193.7K
Harbor Point,1883.0,sqft,2680.0,2,1.5,2.0,2003.0,Yes,3,6,Y,N,N,7.0,643500.0
Sunridge,1216.0,sqft,1612.0,2,1.5,2.0,1939.0,No,1,6,Y,Y,N,,$114.0K
Old Mill District,1407.0,sqft,1693.0,2,1.0,2.0,2001.0,No,2,6,Y,Y,N,7.0,$373.7K
Sunridge,1257.0,sqft,1549.0,2,2.0,2.0,1964.0,No,1,8,Y,N,N,7.0,104600.0
Riverside Park,2301.0,sqft,6126.0,4,4.0,1.0,1948.0,No,5,5,N,N,N,2.0,$235.3K
Maple Grove,2749.0,sqft,6784.0,3,3.0,2.0,1984.0,No,2,4,Y,Y,N,6.0,410300.0
Riverside Park,2312.0,sqft,4056.0,3,2.5,3.0,1932.0,Yes,4,4,Y,N,N,8.0,$415.8K
Maple Grove,2407.0,sqft,4749.0,3,2.5,2.0,2012.0,No,3,3,Y,Y,N,6.0,378400.0
Old Mill District,1708.0,sqft,5101.0,3,2.5,2.0,2006.0,No,3,9,Y,N,N,6.0,512900.0
Harbor Point,2749.0,sqft,9064.0,4,3.5,1.0,1954.0,No,5,3,Y,Y,N,4.0,$587.9K
Cedar Falls,149.9,sqm,5627.0,2,2.0,2.0,,No,4,6,N,Y,N,8.0,$183.7K
Cedar Falls,1829.0,sqft,2934.0,2,1.5,2.0,1982.0,No,4,6,Y,N,N,,252800.0
Riverside Park,1744.0,sqft,3829.0,3,2.5,1.5,2006.0,No,3,10,Y,Y,N,,$374.0K
Cedar Falls,2787.0,sqft,5934.0,3,2.0,2.0,1925.0,No,3,10,Y,Y,N,10.0,$353.8K
Northgate,2369.0,sqft,6822.0,4,3.5,2.0,1962.0,No,4,5,Y,Y,Y,7.0,$242.0K
Sunridge,2534.0,sqft,7895.0,4,3.5,1.0,1979.0,Yes,3,10,Y,Y,N,8.0,275000.0
Old Mill District,1416.0,sqft,3535.0,3,2.0,2.0,1927.0,Yes,3,6,N,N,N,6.0,342700.0
Harbor Point,903.0,sqft,3010.0,1,1.0,2.0,1985.0,No,3,4,Y,N,N,5.0,212700.0
Brookhaven,1178.0,sqft,1885.0,2,1.5,2.0,1999.0,No,3,10,N,Y,N,7.0,$246.4K
Northgate,1521.0,sqft,5068.0,2,2.0,1.5,2019.0,Yes,3,8,Y,N,N,7.0,$178.9K
Maple Grove,1215.0,sqft,2080.0,3,2.5,3.0,1959.0,No,3,8,Y,,N,6.0,161000.0
Cedar Falls,961.0,sqft,2298.0,1,1.0,1.0,2021.0,No,5,10,N,Y,N,7.0,150000.0
Cedar Falls,500.0,sqft,800.0,1,1.0,1.0,1988.0,Yes,4,9,Y,N,N,7.0,$77.8K
Cedar Falls,1547.0,sqft,5984.0,3,2.5,2.0,1967.0,No,4,6,Y,Y,N,5.0,203100.0
Maple Grove,1507.0,sqft,3003.0,4,3.0,1.0,2022.0,No,4,10,Y,N,N,4.0,$245.2K
Northgate,1945.0,sqft,7076.0,3,2.0,3.0,1940.0,No,2,7,Y,N,N,6.0,$178.4K
Old Mill District,1607.0,sqft,3407.0,2,1.5,1.5,2011.0,No,1,10,Y,N,N,4.0,404200.0
Harbor Point,1421.0,sqft,2051.0,2,1.5,1.5,1979.0,No,3,7,Y,N,N,7.0,387600.0
Northgate,255.9,sqm,6754.0,4,3.0,2.5,1948.0,No,3,7,N,N,N,7.0,$225.1K
Sunridge,662.0,sqft,855.0,2,1.0,2.0,1964.0,No,3,6,Y,N,N,4.0,$61.5K
Sunridge,176.7,sqm,6080.0,4,2.0,3.0,1964.0,Yes,3,4,N,Y,N,5.0,198100.0
Old Mill District,1980.0,sqft,5407.0,3,3.5,1.0,2023.0,No,4,7,N,Y,N,7.0,$539.6K
Cedar Falls,2072.0,sqft,3896.0,3,2.0,2.0,1929.0,No,5,3,Y,N,N,7.0,210000.0
Riverside Park,1824.0,sqft,4983.0,2,1.5,1.0,1944.0,Yes,4,8,Y,N,N,9.0,$305.0K
Old Mill District,2317.0,sqft,6526.0,3,2.0,3.0,2002.0,Yes,5,3,Y,Y,N,6.0,$610.5K
Northgate,2008.0,sqft,5810.0,3,3.0,1.0,1958.0,No,5,10,Y,N,N,6.0,$171.3K
Northgate,1218.0,sqft,4723.0,2,1.5,1.0,1935.0,No,2,9,Y,Y,N,,103800.0
Maple Grove,1561.0,sqft,3971.0,3,3.0,1.5,2013.0,Yes,2,8,Y,Y,Y,9.0,380700.0
Harbor Point,1856.0,sqft,5988.0,2,1.5,1.0,1920.0,No,3,4,Y,Y,N,6.0,$424.9K
Brookhaven,1799.0,sqft,6148.0,3,3.0,1.0,1934.0,No,5,7,N,Y,N,7.0,$305.0K
Sunridge,2215.0,sqft,5737.0,4,3.0,1.0,2015.0,Yes,5,8,Y,N,Y,6.0,$354.8K
Riverside Park,1189.0,sqft,3048.0,1,1.0,2.5,1996.0,No,4,10,Y,Y,N,5.0,201800.0
Maple Grove,1952.0,sqft,2596.0,2,1.0,1.0,1993.0,No,1,9,Y,N,N,8.0,336900.0
Northgate,1487.0,sqft,4129.0,3,2.5,1.0,1975.0,No,3,10,Y,Y,N,4.0,125000.0
Northgate,106.6,sqm,2850.0,2,2.0,2.0,1983.0,Yes,2,3,Y,N,N,4.0,$79.9K
Riverside Park,1675.0,sqft,2709.0,2,1.0,2.0,1955.0,No,4,8,N,Y,N,5.0,238900.0
Northgate,2502.0,sqft,9461.0,4,4.0,1.0,1954.0,No,3,6,Y,Y,N,7.0,$191.3K
Northgate,2463.0,sqft,5096.0,3,2.0,2.0,1931.0,No,4,6,Y,Y,N,7.0,$186.9K
Old Mill District,2075.0,sqft,8179.0,2,2.0,1.0,2017.0,No,3,7,Y,N,N,7.0,564400.0
Sunridge,2080.0,sqft,6934.0,3,2.5,3.0,1957.0,Yes,2,6,Y,Y,N,5.0,$204.0K
Riverside Park,1882.0,sqft,7505.0,3,2.0,1.0,1995.0,No,2,7,N,N,N,7.0,$272.0K
Sunridge,202.1,sqm,3216.0,3,1.5,1.0,1978.0,No,3,5,Y,Y,N,6.0,$223.5K
Sunridge,693.0,sqft,2074.0,1,1.5,1.5,1969.0,Yes,3,8,Y,Y,N,6.0,$69.2K
Sunridge,124.2,sqm,3566.0,3,2.5,1.0,1938.0,No,5,6,Y,Y,N,,$119.3K
Cedar Falls,706.0,sqft,1934.0,1,1.0,2.0,1939.0,Yes,3,7,Y,N,N,7.0,$90.9K
Maple Grove,2466.0,sqft,,3,2.5,1.5,1951.0,No,2,6,N,N,N,5.0,$279.6K
Cedar Falls,1609.0,sqft,6157.0,4,3.0,1.5,1995.0,No,3,9,N,Y,N,3.0,$180.4K
Sunridge,1977.0,sqft,5954.0,3,1.5,3.0,2014.0,No,3,3,Y,Y,N,6.0,$228.9K
Northgate,1340.0,sqft,4722.0,3,2.5,2.5,1974.0,No,4,9,Y,N,N,9.0,$133.4K
Maple Grove,1880.0,sqft,3517.0,2,2.0,2.0,1941.0,No,4,6,Y,N,N,5.0,$191.8K
Harbor Point,2194.0,sqft,3307.0,3,2.0,1.0,1950.0,No,1,8,Y,Y,N,8.0,504100.0
Sunridge,606.0,sqft,2220.0,1,1.0,2.0,1933.0,No,1,3,N,Y,N,6.0,45000
Riverside Park,1761.0,sqft,2382.0,2,2.0,1.0,2017.0,No,5,5,Y,N,N,,361400.0
Sunridge,2526.0,sqft,4049.0,4,3.0,2.0,2012.0,No,4,9,N,N,N,10.0,$289.0K
Old Mill District,2655.0,sqft,5885.0,4,3.0,2.0,1957.0,Yes,3,5,N,Y,N,6.0,$614.9K
Brookhaven,2870.0,sqft,6132.0,5,4.5,1.0,1939.0,Yes,5,9,Y,Y,N,5.0,$501.5K
Northgate,1290.0,sqft,1888.0,2,1.5,2.5,2004.0,No,3,9,Y,N,N,6.0,144500.0
Riverside Park,1651.0,sqft,2838.0,3,1.0,1.0,1984.0,No,4,5,N,Y,N,10.0,$295.5K
Sunridge,169.4,sqm,5556.0,4,3.0,1.0,1993.0,Yes,3,6,N,N,N,6.0,$225.3K
Harbor Point,245.0,sqm,5958.0,4,3.0,2.5,1949.0,Yes,4,10,N,Y,Y,8.0,933500.0
Northgate,886.0,sqft,1129.0,1,1.0,2.0,1952.0,Yes,2,9,N,Y,N,5.0,$72.6K
Brookhaven,234.8,sqm,5629.0,4,3.5,1.0,2010.0,No,2,7,Y,Y,Y,5.0,$680.8K
Riverside Park,1947.0,sqft,5461.0,3,3.0,3.0,1998.0,No,1,8,N,N,N,7.0,$267.4K
Maple Grove,2053.0,sqft,3955.0,3,1.5,1.0,1987.0,No,5,3,Y,Y,N,5.0,291400.0
Cedar Falls,2109.0,sqft,6202.0,3,2.0,1.5,1936.0,No,3,8,N,Y,N,8.0,$254.2K
Harbor Point,1712.0,sqft,3889.0,3,2.0,2.0,2010.0,No,4,4,Y,N,N,6.0,577700.0
Riverside Park,1738.0,sqft,2299.0,2,1.0,1.5,2002.0,Yes,2,9,Y,N,N,6.0,305300.0
Brookhaven,1457.0,sqft,,2,1.5,2.5,1923.0,No,3,8,Y,N,N,5.0,241200.0
Harbor Point,2053.0,sqft,7807.0,4,3.0,1.0,1941.0,No,4,6,N,Y,N,7.0,508700.0
Maple Grove,224.3,sqm,7550.0,5,4.5,1.0,2005.0,No,3,3,Y,Y,N,8.0,$326.0K
Riverside Park,2170.0,sqft,8499.0,3,2.5,1.0,1987.0,No,3,5,Y,Y,N,4.0,$384.3K
Maple Grove,2101.0,sqft,4909.0,4,2.5,1.0,1962.0,Yes,2,5,Y,Y,N,4.0,220100.0
Harbor Point,1778.0,sqft,5109.0,3,2.5,2.0,1953.0,Yes,5,9,Y,N,Y,5.0,508100.0
Cedar Falls,3434.0,sqft,8175.0,5,4.0,2.0,1939.0,Yes,3,6,Y,N,N,,$430.6K
Old Mill District,1961.0,sqft,,3,2.5,1.5,1953.0,No,3,10,Y,N,N,7.0,$491.5K
Cedar Falls,2776.0,sqft,5063.0,5,3.5,2.0,1986.0,No,4,9,N,N,N,6.0,350100.0
Maple Grove,114.3,sqm,3049.0,1,1.0,1.0,1962.0,Yes,3,5,Y,Y,N,4.0,162200.0
Old Mill District,1934.0,sqft,7005.0,2,1.5,2.0,1999.0,No,3,9,Y,,N,9.0,$514.5K
Maple Grove,2153.0,sqft,4571.0,3,2.5,1.0,1974.0,Yes,3,9,N,Y,N,,$346.2K
Maple Grove,2040.0,sqft,7097.0,3,2.0,1.0,1989.0,Yes,2,9,Y,N,N,9.0,$357.1K
Old Mill District,1723.0,sqft,2656.0,2,1.5,1.0,2015.0,No,1,3,Y,Y,N,7.0,$430.2K
Sunridge,3602.0,sqft,14244.0,6,5.5,2.5,1988.0,No,3,3,Y,N,N,6.0,$298.3K
Harbor Point,2540.0,sqft,7499.0,4,3.0,1.0,2019.0,No,4,8,Y,N,N,7.0,$842.6K
Northgate,1974.0,sqft,2543.0,3,2.0,1.0,1939.0,Yes,4,3,N,Y,N,3.0,156900.0
Harbor Point,1947.0,sqft,6604.0,3,2.5,2.0,2021.0,No,5,8,N,N,N,8.0,$679.8K
Northgate,2050.0,sqft,7140.0,3,2.0,2.0,1938.0,Yes,4,10,N,N,N,7.0,$196.2K
Old Mill District,1312.0,sqft,1717.0,2,1.5,2.0,1979.0,No,4,4,N,N,N,5.0,$281.4K
Northgate,2098.0,sqft,8019.0,3,2.0,3.0,2000.0,Yes,4,8,Y,Y,N,6.0,224100.0
Brookhaven,237.5,sqm,9208.0,4,3.5,3.0,2019.0,No,3,4,Y,Y,N,5.0,$597.4K
Maple Grove,1097.0,sqft,3844.0,1,1.5,2.0,,No,5,5,Y,N,N,8.0,$172.0K
Northgate,2348.0,sqft,7030.0,3,2.5,1.5,1964.0,No,4,10,Y,,N,8.0,200900.0
Brookhaven,2651.0,sqft,10386.0,4,2.5,1.0,1938.0,No,4,8,N,N,N,2.0,$374.7K
Cedar Falls,207.5,sqm,5127.0,5,4.0,2.0,1965.0,No,5,6,N,N,N,7.0,251100.0
Old Mill District,2540.0,sqft,9546.0,4,3.0,2.5,2006.0,No,4,8,Y,N,N,9.0,$727.9K
Riverside Park,1960.0,sqft,4381.0,4,3.5,1.5,1946.0,Yes,3,5,N,N,N,7.0,303700.0
Harbor Point,2384.0,sqft,6779.0,2,1.5,2.0,1998.0,No,3,9,Y,Y,Y,8.0,$824.6K
Maple Grove,2056.0,sqft,5713.0,2,1.5,2.0,2004.0,No,5,4,Y,N,N,8.0,313000.0
Brookhaven,1967.0,sqft,3784.0,4,3.0,1.0,2006.0,No,3,4,Y,Y,N,5.0,$397.8K
Riverside Park,1365.0,sqft,3796.0,1,1.0,3.0,1921.0,Yes,1,10,Y,,N,7.0,178200.0
Brookhaven,172.1,sqm,4471.0,4,3.0,3.0,1958.0,No,5,9,Y,N,N,9.0,384700.0
Harbor Point,2340.0,sqft,3273.0,4,3.0,2.0,1947.0,Yes,2,8,Y,Y,N,4.0,$530.8K
Northgate,2013.0,sqft,4582.0,3,2.5,2.0,1967.0,Yes,4,9,Y,Y,Y,5.0,206300.0
Old Mill District,1775.0,sqft,3292.0,4,2.5,1.5,1982.0,No,4,5,Y,Y,N,3.0,$426.1K
Harbor Point,191.1,sqm,2521.0,3,2.0,1.0,2012.0,No,2,9,N,Y,N,6.0,618400.0
Harbor Point,2174.0,sqft,5550.0,4,2.5,3.0,1992.0,Yes,5,3,Y,N,N,4.0,$571.3K
Sunridge,1919.0,sqft,6034.0,2,1.0,1.0,2015.0,No,3,9,Y,N,N,8.0,191000.0
Brookhaven,1559.0,sqft,5959.0,4,3.5,3.0,2010.0,No,3,4,Y,Y,N,5.0,$345.6K
Brookhaven,1966.0,sqft,5793.0,3,1.5,1.5,1970.0,No,5,9,Y,N,Y,5.0,400700.0
Brookhaven,605.0,sqft,1735.0,1,1.0,2.0,1976.0,No,4,7,Y,,N,7.0,$125.1K
Maple Grove,169.5,sqm,2923.0,3,2.0,2.5,1940.0,No,4,10,Y,N,N,8.0,$268.5K
Brookhaven,46.4,sqm,1930.0,1,1.5,1.0,1946.0,Yes,1,5,Y,Y,N,8.0,$101.4K
Sunridge,1101.0,sqft,2397.0,2,1.0,1.0,1971.0,No,4,10,N,N,N,6.0,115800.0
Old Mill District,1310.0,sqft,4668.0,3,1.5,1.5,1923.0,No,4,7,Y,N,Y,6.0,315700.0
Cedar Falls,1592.0,sqft,5330.0,3,2.0,2.0,2015.0,No,3,9,N,Y,N,8.0,239900.0
Old Mill District,1900.0,sqft,2909.0,4,3.0,2.0,1997.0,No,5,7,Y,Y,N,4.0,458400.0
Cedar Falls,1142.0,sqft,4371.0,2,1.5,2.0,1998.0,No,3,3,N,Y,N,7.0,$130.4K
Northgate,3102.0,sqft,4380.0,4,3.5,2.5,2003.0,No,5,9,N,Y,N,7.0,309300.0
Northgate,166.3,sqm,5429.0,3,2.5,2.0,1944.0,No,4,3,Y,N,N,10.0,109300.0
Brookhaven,2202.0,sqft,4288.0,3,2.5,2.0,2012.0,No,1,7,Y,N,N,5.0,470300.0
Brookhaven,1384.0,sqft,4382.0,2,1.0,2.5,1955.0,Yes,2,4,N,N,N,,$271.3K
Brookhaven,133.8,sqm,3840.0,2,1.0,1.0,1989.0,No,4,4,Y,N,N,4.0,286800.0
Maple Grove,2930.0,sqft,5882.0,4,2.5,2.0,1926.0,No,1,3,Y,N,N,4.0,$258.7K
Riverside Park,1574.0,sqft,5806.0,2,2.5,3.0,2015.0,No,3,5,Y,Y,N,9.0,254600.0
Northgate,256.9,sqm,3658.0,6,5.0,1.0,1935.0,No,2,5,N,N,N,4.0,192700.0
Brookhaven,1634.0,sqft,2411.0,3,2.0,1.0,1953.0,No,3,8,Y,Y,N,5.0,279700.0
Riverside Park,1999.0,sqft,6036.0,3,2.0,2.0,1926.0,No,3,5,Y,Y,N,5.0,$260.8K
Northgate,2381.0,sqft,7267.0,5,3.5,1.5,1933.0,No,5,3,Y,N,N,9.0,185700.0
Old Mill District,3292.0,sqft,10241.0,5,4.0,2.0,1932.0,Yes,3,4,N,N,N,7.0,722400.0
Maple Grove,2149.0,sqft,4350.0,4,2.5,1.0,1925.0,No,5,4,Y,Y,N,,$261.8K
Northgate,1076.0,sqft,3010.0,1,1.0,3.0,1984.0,No,4,10,N,N,N,7.0,98500.0
Brookhaven,2027.0,sqft,6033.0,3,2.5,2.0,1954.0,Yes,4,4,Y,Y,N,3.0,329100.0
Brookhaven,2331.0,sqft,8901.0,3,2.5,2.0,1989.0,Yes,4,9,N,N,N,10.0,$483.9K
Maple Grove,1658.0,sqft,2013.0,3,2.0,2.0,1991.0,No,2,10,Y,N,N,8.0,$259.5K
Cedar Falls,1420.0,sqft,2995.0,3,2.5,1.0,1974.0,No,5,5,Y,N,Y,5.0,$156.6K
Maple Grove,587.0,sqft,837.0,1,1.0,2.0,1966.0,Yes,5,5,Y,Y,N,8.0,$100.6K
Riverside Park,1450.0,sqft,2737.0,3,3.0,2.0,1975.0,No,4,3,Y,Y,N,5.0,$209.1K
Cedar Falls,2681.0,sqft,10205.0,4,3.0,1.0,1969.0,Yes,3,6,N,N,N,6.0,377900.0
Brookhaven,2753.0,sqft,3863.0,4,4.0,1.5,1987.0,No,3,4,Y,N,N,6.0,573700.0
Harbor Point,2512.0,sqft,8615.0,4,2.5,2.0,1932.0,No,3,4,Y,N,N,7.0,$606.2K
Northgate,2474.0,sqft,9609.0,4,2.5,2.0,1925.0,Yes,3,5,Y,N,N,6.0,$201.3K
Sunridge,3185.0,sqft,4783.0,4,3.5,1.0,1961.0,Yes,4,9,Y,N,N,5.0,$330.7K
Sunridge,2163.0,sqft,8004.0,3,2.0,3.0,2000.0,No,4,7,Y,N,N,,$262.7K
Old Mill District,3121.0,sqft,9667.0,5,3.5,2.0,1960.0,Yes,3,5,Y,Y,N,6.0,814000.0
Cedar Falls,2242.0,sqft,7454.0,4,2.5,1.0,1972.0,No,4,9,Y,N,N,7.0,$241.9K
Maple Grove,1752.0,sqft,5478.0,3,2.0,1.5,1969.0,No,3,6,N,N,N,,$206.3K
Riverside Park,2424.0,sqft,4004.0,4,3.5,1.0,1921.0,Yes,1,9,Y,,N,5.0,393700.0
Old Mill District,1316.0,sqft,5002.0,2,1.0,2.0,1981.0,Yes,3,8,Y,Y,N,6.0,394700.0
Sunridge,1243.0,sqft,4246.0,2,1.0,2.0,1959.0,No,3,6,Y,Y,N,9.0,127000.0
Old Mill District,718.0,sqft,1514.0,1,1.0,3.0,1975.0,No,3,7,Y,N,Y,4.0,$200.1K
Maple Grove,2532.0,sqft,5164.0,5,3.0,1.5,1924.0,Yes,3,5,N,,N,6.0,$365.0K
Riverside Park,1887.0,sqft,5459.0,3,2.5,2.0,1924.0,No,3,3,Y,Y,N,6.0,323800.0
Harbor Point,60.3,sqm,970.0,1,1.5,1.0,1955.0,Yes,4,6,Y,Y,N,4.0,151900.0
Riverside Park,1153.0,sqft,4003.0,1,1.0,2.0,1973.0,No,3,7,N,Y,N,6.0,$187.8K
Maple Grove,1084.0,sqft,1456.0,2,1.0,1.0,1990.0,No,3,9,N,Y,N,8.0,$179.1K
Old Mill District,2773.0,sqft,,5,3.0,1.0,1964.0,Yes,3,5,Y,N,N,8.0,768700.0
Brookhaven,1110.0,sqft,2864.0,3,2.5,2.0,1994.0,No,5,9,Y,N,N,9.0,278100.0
Cedar Falls,1916.0,sqft,6396.0,3,2.5,2.0,1977.0,No,4,3,N,N,N,9.0,220300.0
Riverside Park,2220.0,sqft,8179.0,4,3.0,3.0,2010.0,No,4,6,Y,Y,N,6.0,$416.2K
Riverside Park,2296.0,sqft,5245.0,3,2.0,3.0,1986.0,No,5,4,Y,Y,N,7.0,$430.8K
Northgate,2382.0,sqft,3436.0,2,2.5,3.0,2013.0,No,5,8,Y,N,N,5.0,$219.6K
Harbor Point,2294.0,sqft,7721.0,3,2.0,1.0,1975.0,No,4,6,N,N,Y,7.0,567000.0
Maple Grove,3417.0,sqft,9377.0,5,3.5,2.0,1958.0,No,3,9,Y,N,N,1.0,403900.0
Cedar Falls,1817.0,sqft,2396.0,2,1.0,2.0,1948.0,No,4,3,N,N,N,7.0,$198.5K
Maple Grove,156.2,sqm,6241.0,2,1.5,2.0,2012.0,No,3,9,Y,Y,N,5.0,$223.1K
Sunridge,1029.0,sqft,3336.0,2,1.5,1.0,1966.0,Yes,3,10,Y,Y,N,5.0,$92.5K
Harbor Point,1901.0,sqft,7106.0,3,1.5,1.0,1959.0,No,3,9,Y,Y,N,8.0,$581.4K
Northgate,1873.0,sqft,7219.0,4,3.5,2.0,1968.0,No,4,10,Y,N,N,3.0,167000.0
Maple Grove,107.9,sqm,4575.0,1,1.5,1.5,1950.0,Yes,3,4,Y,N,N,4.0,127800.0
Brookhaven,3058.0,sqft,4000.0,5,4.0,2.0,,Yes,2,8,Y,Y,N,5.0,$561.4K
Northgate,3069.0,sqft,12275.0,4,3.0,2.0,1940.0,Yes,1,10,N,Y,N,6.0,$278.1K
Brookhaven,1556.0,sqft,3792.0,2,1.5,3.0,1937.0,No,4,8,N,N,N,9.0,$224.2K
Riverside Park,798.0,sqft,2942.0,2,1.0,2.5,2011.0,No,3,10,N,N,N,8.0,142800.0
Northgate,56.6,sqm,1933.0,1,1.0,2.0,1965.0,Yes,3,5,N,Y,N,5.0,52200.0
Old Mill District,2452.0,sqft,5781.0,4,3.0,2.0,2011.0,No,2,5,N,Y,N,3.0,575300.0
Brookhaven,1045.0,sqft,1640.0,2,1.5,2.5,2002.0,No,3,3,Y,,N,,$196.4K
Maple Grove,2509.0,sqft,4776.0,4,3.0,2.0,1944.0,Yes,3,10,Y,N,Y,5.0,$375.9K
Sunridge,192.7,sqm,5583.0,4,2.5,1.0,2023.0,No,3,3,Y,Y,N,6.0,245000.0
Maple Grove,1599.0,sqft,3878.0,2,1.0,1.5,1945.0,No,5,7,Y,Y,N,6.0,166000.0
Maple Grove,1132.0,sqft,4511.0,2,1.0,2.5,1990.0,Yes,3,10,Y,Y,N,8.0,205600.0
Harbor Point,2099.0,sqft,4964.0,4,3.5,1.0,1952.0,No,2,10,Y,N,N,1.0,498000.0
Harbor Point,1685.0,sqft,6269.0,3,2.5,1.0,1981.0,Yes,3,5,Y,,N,8.0,$481.2K
Cedar Falls,2690.0,sqft,6868.0,4,2.5,1.5,1975.0,No,4,3,N,N,N,6.0,$265.0K
Riverside Park,500.0,sqft,1868.0,1,1.0,2.0,1933.0,Yes,1,3,Y,Y,N,7.0,$78.4K
Riverside Park,1987.0,sqft,3421.0,3,3.5,1.0,1952.0,Yes,4,6,Y,N,N,6.0,333300.0
Harbor Point,1869.0,sqft,5747.0,3,2.5,1.0,1989.0,Yes,3,6,Y,Y,N,5.0,547400.0
Maple Grove,2087.0,sqft,3644.0,4,3.0,1.0,1997.0,Yes,3,6,N,Y,N,8.0,364400.0
Maple Grove,2705.0,sqft,7977.0,5,3.5,2.0,2015.0,No,4,7,Y,Y,N,6.0,471500.0
Riverside Park,1919.0,sqft,4073.0,2,1.5,1.0,1964.0,No,4,5,Y,N,N,5.0,274800.0
Old Mill District,1873.0,sqft,5903.0,3,2.0,2.0,1927.0,Yes,4,5,Y,,Y,7.0,511900.0
Maple Grove,1287.0,sqft,4865.0,3,3.0,3.0,1990.0,Yes,5,10,Y,Y,N,8.0,$216.8K
Cedar Falls,2451.0,sqft,3731.0,4,4.0,1.0,1951.0,No,5,5,N,,N,8.0,295900.0
Riverside Park,2150.0,sqft,6952.0,4,2.5,1.0,1923.0,No,4,6,Y,N,N,8.0,$288.8K
Riverside Park,2016.0,sqft,6137.0,3,3.0,2.5,1924.0,No,4,7,Y,N,N,5.0,$291.3K
Old Mill District,1367.0,sqft,4820.0,2,1.0,2.0,1935.0,No,4,4,Y,N,N,7.0,$274.3K
Old Mill District,204.9,sqm,3085.0,3,3.0,2.0,2012.0,No,3,10,N,Y,N,5.0,$479.5K
Harbor Point,2057.0,sqft,4553.0,3,2.5,1.0,1996.0,Yes,3,3,Y,N,N,10.0,696400.0
Northgate,763.0,sqft,2614.0,2,1.0,1.5,1953.0,No,5,5,N,N,N,8.0,58100.0
Maple Grove,763.0,sqft,2011.0,2,1.0,1.0,1926.0,No,3,8,Y,N,N,5.0,$106.2K
Old Mill District,2559.0,sqft,5338.0,3,2.5,1.0,,No,3,3,Y,Y,N,5.0,585900.0
Brookhaven,2469.0,sqft,9032.0,4,2.5,2.5,1950.0,Yes,3,6,N,N,N,7.0,495100.0
Riverside Park,2406.0,sqft,5106.0,4,2.5,1.0,1997.0,Yes,4,8,Y,Y,N,8.0,420500.0
Northgate,1278.0,sqft,4811.0,3,1.5,3.0,1977.0,Yes,2,5,N,N,N,4.0,$96.7K
Northgate,1139.0,sqft,3790.0,1,1.0,2.0,1963.0,Yes,3,4,Y,N,N,2.0,$101.8K
Maple Grove,1179.0,sqft,3854.0,3,3.0,1.0,2008.0,No,4,9,Y,N,N,5.0,$184.1K
Northgate,201.2,sqm,7326.0,4,4.0,1.5,2003.0,No,4,7,Y,Y,N,5.0,$198.3K
Northgate,640.0,sqft,1079.0,2,1.0,1.0,1937.0,Yes,4,4,Y,Y,N,3.0,$48.0K
Brookhaven,1901.0,sqft,3227.0,3,3.5,1.0,1927.0,Yes,4,3,Y,N,N,6.0,306500.0
Riverside Park,1482.0,sqft,2864.0,2,1.0,2.0,2002.0,No,3,8,N,,N,5.0,223700.0
Cedar Falls,952.0,sqft,3532.0,1,1.0,1.5,1953.0,No,3,3,Y,Y,N,3.0,95700.0
Old Mill District,1749.0,sqft,4915.0,3,2.0,2.0,1953.0,Yes,2,7,Y,Y,N,5.0,394300.0
Maple Grove,2468.0,sqft,6205.0,4,2.5,1.0,1955.0,No,2,3,Y,Y,N,8.0,$328.2K
Riverside Park,2109.0,sqft,7336.0,3,3.0,1.0,1967.0,No,3,8,N,N,N,7.0,$332.3K
Sunridge,978.0,sqft,1231.0,2,2.0,1.0,1961.0,Yes,3,7,N,Y,N,7.0,91300.0
Cedar Falls,2315.0,sqft,5566.0,4,2.5,2.0,1972.0,No,4,6,Y,Y,N,6.0,315300.0
Sunridge,1529.0,sqft,3804.0,2,1.0,2.0,1989.0,No,3,7,Y,N,Y,8.0,193700.0
Brookhaven,1439.0,sqft,5544.0,3,3.0,2.0,1946.0,No,3,10,N,N,N,5.0,280200.0
Harbor Point,1635.0,sqft,4581.0,2,1.0,2.0,1984.0,No,4,6,Y,N,N,9.0,415500.0
Riverside Park,1980.0,sqft,7830.0,4,3.0,2.0,1980.0,No,4,10,Y,Y,N,4.0,346400.0
Brookhaven,1802.0,sqft,5723.0,2,2.0,2.5,1941.0,No,4,3,N,N,N,7.0,309400.0
Maple Grove,46.4,sqm,800.0,1,2.0,2.5,,Yes,5,8,Y,N,N,6.0,$71.2K
Old Mill District,1666.0,sqft,3421.0,3,3.5,1.0,1939.0,Yes,5,9,Y,N,N,5.0,410100.0
Riverside Park,2225.0,sqft,4970.0,4,2.5,3.0,2016.0,No,5,5,Y,N,N,4.0,$387.7K
Sunridge,1019.0,sqft,2284.0,2,1.5,1.5,1944.0,Yes,3,3,Y,Y,N,,$89.5K
Maple Grove,2505.0,sqft,6050.0,4,4.0,2.0,1953.0,Yes,5,7,Y,N,N,7.0,377700.0
Harbor Point,2132.0,sqft,3588.0,3,3.0,1.5,1990.0,No,4,3,Y,Y,N,2.0,593200.0
Sunridge,2455.0,sqft,6158.0,3,2.0,1.0,1951.0,Yes,3,8,N,Y,N,4.0,268200.0
Maple Grove,1905.0,sqft,3853.0,3,3.0,2.0,1922.0,Yes,5,7,Y,Y,N,7.0,318500.0
Maple Grove,3058.0,sqft,7836.0,5,4.5,2.5,1935.0,No,4,7,N,N,N,5.0,357400.0
Old Mill District,184.2,sqm,4587.0,3,2.0,2.5,1967.0,No,3,8,Y,N,N,6.0,$513.6K
Brookhaven,1101.0,sqft,1362.0,1,2.0,2.0,1942.0,Yes,4,5,Y,Y,N,6.0,207600.0
Brookhaven,1137.0,sqft,2018.0,1,1.0,1.0,2023.0,No,3,3,Y,Y,N,8.0,$254.3K
Harbor Point,2368.0,sqft,6903.0,3,2.5,2.0,2021.0,Yes,3,8,Y,N,N,8.0,916600.0
Riverside Park,1216.0,sqft,3530.0,1,1.5,2.0,1960.0,No,2,10,Y,Y,N,7.0,222900.0
Northgate,3673.0,sqft,14586.0,5,4.0,1.5,2018.0,No,5,10,Y,N,N,8.0,$460.7K
Harbor Point,866.0,sqft,1121.0,2,2.0,1.0,,Yes,4,6,N,,Y,8.0,251300.0
Brookhaven,2209.0,sqft,3853.0,3,2.5,2.0,2021.0,No,3,7,Y,N,N,4.0,$456.6K
Old Mill District,2357.0,sqft,6028.0,4,3.5,2.5,1975.0,No,4,4,Y,N,N,8.0,559100.0
Sunridge,2332.0,sqft,5076.0,3,2.5,2.5,1923.0,No,3,8,N,Y,N,7.0,200300.0
Sunridge,1636.0,sqft,5897.0,4,3.0,1.0,1945.0,No,4,8,Y,Y,Y,6.0,$155.3K
Northgate,2064.0,sqft,7062.0,2,1.5,2.0,2000.0,No,2,5,N,N,N,7.0,191300.0
Sunridge,2126.0,sqft,6227.0,3,2.5,2.0,2010.0,No,3,7,N,N,N,9.0,$263.7K
Cedar Falls,1120.0,sqft,3664.0,2,1.5,2.0,1930.0,Yes,2,7,N,N,N,7.0,$143.8K
Maple Grove,907.0,sqft,1874.0,1,1.0,2.0,2009.0,No,5,4,Y,N,N,8.0,$122.0K
Harbor Point,1829.0,sqft,3083.0,2,1.5,1.5,1988.0,Yes,4,3,Y,Y,N,4.0,$578.0K
Old Mill District,1578.0,sqft,5090.0,3,2.5,2.0,2013.0,Yes,3,10,Y,,N,3.0,534700.0
Sunridge,2817.0,sqft,10060.0,4,2.5,1.0,1985.0,Yes,4,8,Y,Y,N,6.0,$295.1K
Riverside Park,500.0,sqft,1831.0,1,1.0,2.0,1977.0,No,3,9,Y,N,N,5.0,$91.0K
Harbor Point,191.9,sqm,6313.0,3,2.5,2.0,1999.0,Yes,3,5,Y,Y,N,6.0,694900.0
Maple Grove,2311.0,sqft,4597.0,3,2.5,2.5,2018.0,No,4,5,Y,Y,N,5.0,$409.7K
Northgate,1450.0,sqft,4996.0,3,3.0,2.0,1987.0,No,4,8,Y,N,N,7.0,$130.1K
Northgate,1299.0,sqft,2214.0,2,1.0,2.0,,No,3,6,Y,N,N,,109900.0
Old Mill District,2919.0,sqft,7114.0,5,3.5,2.5,1941.0,Yes,5,6,Y,Y,N,4.0,681400.0
Brookhaven,147.2,sqm,3890.0,2,1.5,2.0,1937.0,No,4,7,Y,N,N,4.0,268900.0
Sunridge,1285.0,sqft,1900.0,2,1.0,1.5,1993.0,No,3,5,N,N,N,6.0,$118.1K
Riverside Park,2293.0,sqft,7646.0,3,2.5,2.0,1924.0,Yes,2,4,Y,N,N,7.0,$309.6K
Cedar Falls,2091.0,sqft,3485.0,3,1.5,1.5,1997.0,Yes,2,9,Y,Y,N,4.0,265700.0
Harbor Point,1503.0,sqft,5273.0,4,3.5,2.0,1961.0,Yes,3,7,Y,Y,N,4.0,$381.2K
Brookhaven,2858.0,sqft,4506.0,5,3.5,1.0,1979.0,No,1,8,Y,N,N,7.0,551300.0
Northgate,1535.0,sqft,5747.0,2,1.0,2.0,1969.0,No,4,10,Y,N,Y,8.0,146800.0
Harbor Point,1484.0,sqft,2834.0,2,2.0,2.5,1979.0,No,5,8,N,N,N,7.0,$390.3K
Old Mill District,2845.0,sqft,,5,4.0,1.0,1992.0,Yes,4,6,Y,Y,N,3.0,$755.6K
Maple Grove,1864.0,sqft,6774.0,3,2.0,2.0,1992.0,Yes,2,10,Y,Y,N,7.0,320000.0
Maple Grove,1802.0,sqft,5440.0,2,1.5,1.5,1971.0,No,3,8,Y,N,N,3.0,215200.0
Brookhaven,1497.0,sqft,3709.0,3,2.0,1.0,1943.0,No,3,10,N,N,N,4.0,$208.5K
Riverside Park,1674.0,sqft,5034.0,4,2.5,3.0,1975.0,Yes,4,7,Y,N,N,5.0,$330.1K
Maple Grove,2129.0,sqft,6237.0,2,1.5,1.5,1950.0,No,3,6,N,N,N,6.0,$262.7K
Northgate,1061.0,sqft,2256.0,2,2.0,1.0,1927.0,No,1,5,Y,Y,Y,6.0,74200.0
Sunridge,4026.0,sqft,5638.0,6,4.5,1.5,1952.0,No,4,5,Y,N,N,6.0,$322.6K
Maple Grove,1018.0,sqft,1594.0,1,1.0,1.0,1961.0,Yes,4,4,Y,Y,N,4.0,125900.0
Sunridge,2199.0,sqft,7918.0,3,3.0,1.5,1990.0,Yes,3,4,N,N,N,10.0,$212.1K
Riverside Park,1885.0,sqft,4224.0,4,3.0,1.0,1927.0,Yes,4,6,Y,N,N,7.0,271800.0
Harbor Point,2895.0,sqft,7722.0,5,3.5,2.0,1994.0,No,4,9,Y,N,N,6.0,815500.0
Harbor Point,2515.0,sqft,7663.0,4,3.0,1.5,1971.0,No,5,4,N,Y,Y,5.0,634000.0
Northgate,2024.0,sqft,4548.0,3,2.0,2.0,2000.0,No,4,5,Y,N,N,5.0,$171.3K
Sunridge,2469.0,sqft,8720.0,3,2.5,2.0,2021.0,No,5,5,Y,Y,N,5.0,294900.0
Sunridge,147.0,sqm,5908.0,2,1.5,2.5,1970.0,Yes,5,4,N,N,N,6.0,$170.5K
Riverside Park,252.2,sqm,3645.0,4,3.5,1.0,1937.0,Yes,5,4,Y,Y,N,5.0,340100.0
Harbor Point,1122.0,sqft,4477.0,2,1.5,1.0,1993.0,Yes,3,4,Y,N,N,4.0,$300.5K
Cedar Falls,935.0,sqft,3356.0,1,1.0,3.0,1976.0,No,4,4,Y,Y,N,10.0,133800.0
Brookhaven,2153.0,sqft,4570.0,3,2.0,2.0,2014.0,Yes,3,10,Y,Y,N,7.0,$534.9K
Old Mill District,1846.0,sqft,7185.0,3,2.0,2.0,1985.0,Yes,2,9,N,N,N,6.0,$504.2K
Northgate,1366.0,sqft,4522.0,2,2.0,1.0,2002.0,No,3,4,Y,Y,N,5.0,135400.0
Northgate,1851.0,sqft,2367.0,5,3.5,1.0,1956.0,No,3,7,N,N,N,6.0,$128.9K
Cedar Falls,2425.0,sqft,5720.0,5,4.5,1.0,1987.0,Yes,3,8,Y,N,N,8.0,$356.9K
Old Mill District,1243.0,sqft,3892.0,2,1.5,1.5,1930.0,No,3,4,Y,Y,N,5.0,232100.0
Harbor Point,2044.0,sqft,4806.0,3,2.0,2.0,1979.0,No,4,10,Y,N,N,5.0,$584.4K
Sunridge,2590.0,sqft,6535.0,4,2.0,1.0,1935.0,No,3,9,Y,N,N,8.0,212400.0
Cedar Falls,967.0,sqft,1444.0,1,1.5,1.0,1999.0,No,4,10,Y,N,N,5.0,$171.0K
Harbor Point,1022.0,sqft,2271.0,1,1.0,1.0,1977.0,Yes,3,4,Y,N,N,9.0,$311.6K
Maple Grove,1139.0,sqft,2467.0,2,1.0,1.5,2001.0,No,4,3,N,Y,N,3.0,$145.7K
Cedar Falls,2245.0,sqft,7557.0,4,2.5,1.0,1995.0,Yes,3,3,Y,,N,10.0,358400.0
Harbor Point,1324.0,sqft,4068.0,2,1.0,2.0,1996.0,No,4,4,N,Y,N,,387700.0
Old Mill District,2101.0,sqft,5521.0,3,2.5,2.0,1981.0,No,4,8,Y,N,N,,$482.0K
Northgate,2431.0,sqft,6647.0,4,3.0,2.5,2012.0,No,4,7,N,Y,N,8.0,$223.7K
Cedar Falls,1370.0,sqft,5275.0,2,2.0,2.5,1932.0,No,4,8,Y,Y,N,4.0,$163.6K
Northgate,2929.0,sqft,10842.0,4,4.0,2.0,1922.0,Yes,3,8,Y,N,N,5.0,266300.0
Sunridge,1768.0,sqft,3894.0,2,2.0,2.0,1959.0,No,3,10,Y,Y,N,7.0,161600.0
Northgate,2415.0,sqft,8742.0,3,2.5,2.0,2009.0,No,4,8,Y,Y,N,6.0,251300.0
Sunridge,160.5,sqm,5030.0,3,2.0,2.0,1934.0,No,2,5,Y,Y,N,9.0,$151.3K
Sunridge,2097.0,sqft,7966.0,3,2.0,1.0,1968.0,Yes,3,7,N,Y,N,4.0,$232.5K
Riverside Park,1894.0,sqft,7144.0,3,2.5,1.0,2000.0,No,2,6,N,Y,N,5.0,$304.7K
Maple Grove,1782.0,sqft,5539.0,3,2.5,2.0,1989.0,No,3,3,N,,N,,$241.6K
Riverside Park,98.3,sqm,,3,2.0,1.0,1981.0,No,3,9,Y,N,N,7.0,$162.3K
Maple Grove,3542.0,sqft,5024.0,6,4.0,1.0,1927.0,No,1,6,Y,N,N,3.0,341200.0
Harbor Point,1107.0,sqft,1648.0,2,1.0,2.0,1959.0,No,4,7,N,N,N,3.0,$245.6K
Cedar Falls,3092.0,sqft,8150.0,5,4.0,1.0,1986.0,No,3,8,Y,Y,N,9.0,420600.0
Sunridge,1762.0,sqft,4912.0,2,1.0,1.0,1953.0,No,4,6,Y,N,N,4.0,$164.8K
Old Mill District,3310.0,sqft,10642.0,5,4.0,1.5,2001.0,No,3,9,N,Y,N,5.0,876100.0
Harbor Point,2690.0,sqft,7800.0,3,1.0,2.5,1983.0,Yes,2,7,Y,N,N,10.0,808600.0
Brookhaven,1447.0,sqft,2832.0,2,1.5,1.0,1960.0,No,3,9,Y,Y,N,3.0,276400.0
Brookhaven,1644.0,sqft,5693.0,3,2.5,2.0,1924.0,Yes,3,7,Y,N,N,4.0,286800.0
Old Mill District,152.5,sqm,2254.0,3,2.0,1.0,2013.0,No,2,4,Y,N,N,7.0,410500.0
Northgate,2173.0,sqft,8247.0,4,4.0,3.0,1965.0,No,3,8,N,Y,N,6.0,201300.0
Northgate,2009.0,sqft,6614.0,3,2.5,1.0,1929.0,Yes,5,4,Y,N,N,4.0,159700.0
Brookhaven,2342.0,sqft,,4,2.5,2.0,2009.0,No,3,5,Y,N,N,9.0,$460.5K
Sunridge,2288.0,sqft,8084.0,4,2.5,2.0,1953.0,No,4,3,Y,N,N,3.0,$161.2K
Brookhaven,2189.0,sqft,5170.0,4,3.0,1.5,1949.0,No,3,3,Y,N,N,9.0,$371.8K
Brookhaven,1781.0,sqft,4999.0,2,1.0,2.0,2019.0,No,4,9,Y,Y,Y,5.0,$487.4K
Maple Grove,1543.0,sqft,3335.0,2,1.5,1.0,1935.0,No,3,9,Y,Y,N,8.0,$226.7K
Cedar Falls,1906.0,sqft,5995.0,3,2.5,2.0,1970.0,No,2,3,Y,Y,Y,5.0,257500.0
Harbor Point,1857.0,sqft,6409.0,3,2.0,1.5,1931.0,No,3,6,Y,N,N,6.0,$408.0K
Cedar Falls,208.1,sqm,7766.0,3,2.0,1.0,1961.0,No,3,8,N,N,N,7.0,269900.0
Cedar Falls,2430.0,sqft,4505.0,3,2.0,2.0,1922.0,No,4,4,Y,Y,Y,4.0,$342.5K
Sunridge,186.8,sqm,3098.0,3,3.0,2.5,1980.0,No,4,7,N,Y,N,7.0,206100.0
Riverside Park,1703.0,sqft,5845.0,1,1.0,2.5,1982.0,No,3,4,N,Y,N,8.0,306000.0
Harbor Point,2857.0,sqft,6897.0,4,2.0,1.5,1995.0,No,3,5,N,N,N,4.0,$905.3K
Old Mill District,1323.0,sqft,4179.0,1,1.0,1.0,1962.0,No,3,3,N,N,N,6.0,273800.0
Harbor Point,1596.0,sqft,5903.0,2,2.0,1.0,1997.0,Yes,2,10,Y,Y,N,5.0,577400.0
Riverside Park,1192.0,sqft,4387.0,3,2.0,2.0,2016.0,Yes,4,5,N,N,N,6.0,$228.8K
Cedar Falls,2862.0,sqft,3991.0,4,3.5,3.0,1944.0,Yes,2,4,N,Y,Y,6.0,$377.6K
Old Mill District,1060.0,sqft,2996.0,1,1.5,1.0,1934.0,No,1,4,N,N,N,7.0,196000.0
Cedar Falls,500.0,sqft,1826.0,1,1.0,1.0,1972.0,Yes,3,6,N,,N,8.0,$68.0K
Cedar Falls,1564.0,sqft,3401.0,2,1.0,1.5,1987.0,No,5,10,Y,N,N,7.0,$233.6K
Harbor Point,1003.0,sqft,3246.0,3,2.5,2.0,1934.0,Yes,5,6,N,N,N,4.0,196500.0
Riverside Park,953.0,sqft,3534.0,1,1.5,2.0,1937.0,Yes,5,3,Y,N,N,6.0,133600.0
Old Mill District,2208.0,sqft,6463.0,4,2.5,1.0,1966.0,No,3,5,Y,N,N,8.0,$504.0K
Harbor Point,1483.0,sqft,3753.0,3,2.5,1.0,1980.0,No,2,4,Y,N,N,8.0,$430.9K
Northgate,2311.0,sqft,8015.0,4,3.0,2.5,2005.0,No,5,10,Y,N,N,7.0,$220.8K
Sunridge,1170.0,sqft,3515.0,2,2.0,1.0,1993.0,Yes,2,10,Y,N,N,10.0,$147.8K
Maple Grove,1916.0,sqft,6555.0,2,1.5,1.0,1931.0,No,4,5,N,Y,N,6.0,240800.0
Riverside Park,1641.0,sqft,6013.0,2,2.0,2.0,1928.0,Yes,5,4,N,N,N,4.0,$213.6K
Maple Grove,248.0,sqm,4939.0,4,3.0,1.0,1945.0,Yes,4,5,Y,N,N,7.0,$297.4K
Riverside Park,2198.0,sqft,2832.0,4,3.0,3.0,1929.0,No,1,6,Y,Y,Y,5.0,$328.8K
Brookhaven,2121.0,sqft,7327.0,3,2.0,1.0,1921.0,Yes,4,10,Y,N,N,4.0,$357.6K
Riverside Park,1190.0,sqft,4211.0,1,1.0,1.0,2020.0,No,4,6,N,N,N,8.0,$199.5K
Riverside Park,1653.0,sqft,6156.0,3,2.5,2.0,1964.0,No,3,8,Y,Y,N,5.0,256600.0
Old Mill District,1547.0,sqft,4316.0,3,2.0,2.0,1945.0,No,3,6,Y,Y,N,1.0,$283.6K
Northgate,207.9,sqm,6151.0,4,3.0,1.0,1923.0,No,5,6,Y,N,N,3.0,$142.7K
Old Mill District,1824.0,sqft,4860.0,2,2.5,3.0,1965.0,No,4,6,N,N,N,5.0,$343.1K
Northgate,1947.0,sqft,7425.0,2,1.0,2.5,1962.0,No,4,7,Y,,N,6.0,171500.0
Cedar Falls,105.3,sqm,1938.0,2,1.0,2.5,1946.0,No,1,9,N,N,N,5.0,109000.0
Harbor Point,963.0,sqft,2849.0,1,1.0,1.0,1952.0,Yes,2,7,Y,N,N,,239300.0
Riverside Park,1914.0,sqft,4699.0,3,2.5,3.0,1986.0,Yes,2,7,N,N,N,6.0,309000.0
Maple Grove,2161.0,sqft,4045.0,2,1.0,1.0,2006.0,No,3,9,Y,Y,N,6.0,399700.0
Northgate,2679.0,sqft,8607.0,4,2.5,1.5,2008.0,No,4,8,Y,N,N,9.0,$282.1K
Brookhaven,2291.0,sqft,7772.0,3,3.0,1.5,1988.0,No,3,4,Y,N,N,5.0,$463.5K
Harbor Point,2448.0,sqft,6099.0,4,3.0,3.0,1924.0,No,4,6,Y,N,N,3.0,561500.0
Northgate,234.2,sqm,3613.0,4,3.5,3.0,1982.0,No,2,4,Y,Y,N,6.0,191100.0
Harbor Point,1979.0,sqft,5708.0,4,3.0,2.5,1990.0,Yes,2,6,N,Y,N,,574400.0
Sunridge,242.0,sqm,9949.0,4,2.5,3.0,2012.0,No,5,7,Y,N,N,5.0,260900.0
Riverside Park,1521.0,sqft,1906.0,2,1.0,2.0,2019.0,No,5,3,Y,N,N,4.0,266300.0
Maple Grove,2609.0,sqft,9505.0,4,4.0,2.5,2015.0,No,4,10,Y,Y,N,7.0,408100.0
Cedar Falls,1703.0,sqft,2812.0,3,3.0,1.0,1920.0,No,4,10,Y,Y,N,4.0,196200.0
Harbor Point,1353.0,sqft,1651.0,2,2.0,2.0,2000.0,No,3,9,Y,N,N,5.0,$374.2K
Brookhaven,129.5,sqm,3537.0,2,2.0,2.0,1946.0,No,4,6,Y,N,N,9.0,$216.5K
Harbor Point,163.4,sqm,5751.0,2,1.0,2.5,1967.0,No,2,3,Y,N,N,7.0,506000.0
Old Mill District,1506.0,sqft,5467.0,2,1.5,2.0,1975.0,No,4,3,Y,Y,N,9.0,$330.7K
Harbor Point,2197.0,sqft,7823.0,4,2.5,1.0,1947.0,Yes,1,5,Y,N,N,7.0,$559.2K
Northgate,1241.0,sqft,3462.0,1,1.0,3.0,1973.0,No,3,8,Y,N,N,6.0,$107.5K
Maple Grove,2078.0,sqft,4131.0,3,2.0,3.0,1950.0,No,3,3,Y,Y,N,7.0,226700.0
Sunridge,192.2,sqm,2627.0,3,2.0,1.5,1958.0,No,4,4,Y,N,N,5.0,$158.8K
Sunridge,2762.0,sqft,10688.0,4,3.5,2.5,1986.0,No,3,5,Y,N,N,7.0,318200.0
Harbor Point,2822.0,sqft,6662.0,4,4.0,1.0,1985.0,No,2,4,Y,Y,N,5.0,$777.2K
Old Mill District,999.0,sqft,2191.0,1,1.0,2.0,1957.0,No,4,9,Y,Y,N,7.0,262100.0
Northgate,2416.0,sqft,5893.0,4,3.5,1.5,2021.0,No,3,5,Y,Y,N,8.0,290200.0
Harbor Point,2176.0,sqft,8654.0,3,2.0,2.5,1943.0,No,3,9,N,Y,N,8.0,586200.0
Cedar Falls,2413.0,sqft,7769.0,3,2.0,3.0,1954.0,Yes,3,5,Y,N,N,3.0,$266.9K
Maple Grove,83.7,sqm,3410.0,1,1.5,1.5,1960.0,Yes,3,5,Y,Y,N,3.0,115200.0
Cedar Falls,723.0,sqft,1512.0,1,1.0,2.0,1968.0,No,5,8,Y,Y,N,10.0,103700.0
Harbor Point,212.2,sqm,8573.0,3,2.0,2.0,1925.0,Yes,4,7,Y,Y,N,3.0,653400.0
Cedar Falls,239.9,sqm,8129.0,5,4.0,2.0,1996.0,No,4,8,Y,N,N,3.0,$374.9K
Maple Grove,500.0,sqft,800.0,1,1.0,2.0,1997.0,Yes,4,4,Y,,N,8.0,$84.4K
Old Mill District,1156.0,sqft,4002.0,1,1.0,2.0,1977.0,No,4,7,Y,N,N,8.0,259200.0
Sunridge,1762.0,sqft,3345.0,3,2.5,3.0,2020.0,No,4,4,N,Y,Y,3.0,$198.6K
Brookhaven,2024.0,sqft,5401.0,4,3.0,1.0,2004.0,No,3,4,Y,Y,N,7.0,532500.0
Cedar Falls,1975.0,sqft,5242.0,4,2.5,2.5,1953.0,Yes,3,3,Y,Y,Y,10.0,$245.7K
Riverside Park,1490.0,sqft,3310.0,3,2.0,1.0,1986.0,No,3,8,N,N,N,10.0,$234.3K
Riverside Park,1300.0,sqft,5144.0,2,1.5,1.0,1947.0,No,4,8,N,N,N,8.0,222400.0
Riverside Park,1637.0,sqft,4318.0,3,3.0,1.0,1925.0,No,2,5,Y,N,N,1.0,188200.0
Northgate,231.3,sqm,3530.0,2,1.5,2.0,1944.0,No,4,5,Y,Y,N,9.0,$219.1K
Sunridge,500.0,sqft,1404.0,1,1.0,2.0,1931.0,No,3,6,Y,Y,N,5.0,45000
Northgate,1518.0,sqft,1828.0,3,2.5,1.0,1990.0,Yes,1,5,Y,Y,N,6.0,133200.0
Riverside Park,2082.0,sqft,3630.0,3,2.0,1.0,1937.0,Yes,2,6,Y,N,N,7.0,$309.5K
Harbor Point,144.0,sqm,3894.0,3,3.0,2.0,2001.0,No,4,7,N,N,N,8.0,421900.0
Sunridge,2662.0,sqft,4109.0,5,3.0,1.0,1971.0,Yes,2,4,N,N,N,3.0,211600.0
Brookhaven,1917.0,sqft,6927.0,2,2.0,2.0,1933.0,Yes,4,5,Y,Y,N,7.0,398600.0
Old Mill District,1252.0,sqft,4874.0,3,2.5,2.0,2018.0,No,3,3,Y,Y,Y,10.0,$407.3K
Sunridge,2272.0,sqft,8574.0,3,2.5,1.0,1976.0,Yes,1,5,Y,N,N,6.0,$219.1K
Brookhaven,2513.0,sqft,6491.0,4,3.5,1.0,1950.0,No,4,8,Y,Y,Y,8.0,561200.0
Northgate,3054.0,sqft,11275.0,4,2.5,3.0,1933.0,No,3,8,Y,,N,4.0,$229.2K
Northgate,1099.0,sqft,3477.0,1,1.0,1.0,1979.0,No,3,7,Y,N,Y,7.0,122000.0
Maple Grove,2278.0,sqft,6559.0,3,1.5,1.5,2014.0,No,4,6,Y,N,N,2.0,283200.0
Northgate,1718.0,sqft,2136.0,3,2.5,3.0,1954.0,Yes,3,7,Y,N,N,4.0,135300.0
Sunridge,1499.0,sqft,5743.0,1,1.0,2.0,2017.0,No,5,6,Y,N,N,7.0,157600.0
Maple Grove,2265.0,sqft,4608.0,3,1.0,2.0,1931.0,No,3,3,Y,N,N,6.0,$237.8K
Sunridge,46.4,sqm,1336.0,1,1.0,1.0,1932.0,No,3,7,N,Y,N,6.0,$46.9K
Maple Grove,1481.0,sqft,3984.0,1,1.0,3.0,1994.0,No,2,3,Y,N,N,6.0,209300.0
Brookhaven,1174.0,sqft,4522.0,1,1.0,2.5,2005.0,Yes,2,3,Y,N,N,7.0,$269.8K
Riverside Park,183.4,sqm,4989.0,4,3.0,2.0,1961.0,No,4,5,Y,Y,N,7.0,284300.0
Northgate,1399.0,sqft,3013.0,3,1.5,2.0,1982.0,No,3,5,Y,Y,N,5.0,$128.3K
Maple Grove,1835.0,sqft,4328.0,3,1.5,2.5,1990.0,No,4,10,Y,N,N,4.0,281600.0
Brookhaven,113.0,sqm,2209.0,3,2.5,2.0,1924.0,No,5,10,Y,N,N,9.0,$222.1K
Harbor Point,2124.0,sqft,3947.0,3,2.0,2.0,1943.0,Yes,4,10,Y,N,N,5.0,602500.0
Riverside Park,2308.0,sqft,4898.0,3,1.5,2.0,,No,2,6,Y,Y,N,5.0,$312.7K
Harbor Point,2512.0,sqft,6642.0,4,3.5,2.0,1943.0,No,4,8,Y,Y,N,6.0,517700.0
Riverside Park,1534.0,sqft,2359.0,2,1.5,3.0,1937.0,No,3,4,Y,Y,N,4.0,178100.0
Cedar Falls,114.5,sqm,1944.0,1,1.0,2.5,2011.0,Yes,3,5,Y,N,N,6.0,$221.6K
Riverside Park,1941.0,sqft,3519.0,3,1.5,1.5,1984.0,No,4,3,Y,Y,N,5.0,$284.5K
Maple Grove,2464.0,sqft,5560.0,3,3.0,2.5,2021.0,No,3,6,Y,N,N,3.0,$385.2K
Riverside Park,1871.0,sqft,4076.0,2,2.5,1.0,1940.0,No,3,8,Y,N,N,5.0,263100.0
Maple Grove,1846.0,sqft,6398.0,3,2.0,1.0,1943.0,No,4,8,N,Y,N,5.0,198700.0
Maple Grove,2475.0,sqft,4740.0,4,3.0,3.0,1999.0,No,4,8,Y,N,N,6.0,385500.0
Old Mill District,2293.0,sqft,8560.0,3,1.0,2.0,1963.0,Yes,3,8,Y,Y,N,6.0,$608.4K
Cedar Falls,1965.0,sqft,7488.0,3,2.5,3.0,1951.0,Yes,3,9,Y,N,N,6.0,$227.3K
Sunridge,1912.0,sqft,5613.0,2,2.0,2.0,1972.0,No,3,3,N,Y,N,4.0,$199.6K
Northgate,1722.0,sqft,5308.0,2,2.0,2.0,1973.0,Yes,5,9,Y,N,N,5.0,$166.9K
Maple Grove,2043.0,sqft,3959.0,3,2.5,1.0,2015.0,No,2,8,Y,N,N,6.0,$347.5K
Brookhaven,160.9,sqm,5370.0,3,1.5,2.0,1921.0,No,3,5,Y,Y,N,10.0,$331.3K
Riverside Park,1870.0,sqft,7026.0,4,3.0,2.0,2002.0,No,4,10,Y,Y,N,9.0,$341.9K
Harbor Point,2293.0,sqft,6814.0,5,3.5,1.5,1937.0,Yes,2,8,Y,N,N,5.0,$577.3K
Riverside Park,1342.0,sqft,5154.0,2,1.0,1.0,1987.0,Yes,5,6,Y,Y,N,6.0,243600.0
Sunridge,221.8,sqm,3736.0,4,3.0,1.0,2018.0,No,3,10,Y,N,N,10.0,$362.4K
Sunridge,1452.0,sqft,5486.0,3,3.0,1.0,1961.0,No,3,7,Y,N,N,7.0,$137.6K
Brookhaven,2589.0,sqft,8402.0,4,4.0,1.0,1980.0,No,3,6,Y,N,N,5.0,490800.0
Northgate,2404.0,sqft,5206.0,4,3.5,2.0,1989.0,Yes,2,9,Y,N,N,7.0,$225.6K
Old Mill District,248.3,sqm,3359.0,4,3.0,1.5,2006.0,No,3,7,N,Y,Y,5.0,891500.0
Sunridge,2673.0,sqft,4782.0,4,2.5,2.0,1930.0,Yes,4,9,N,N,Y,3.0,294000.0
Cedar Falls,1972.0,sqft,7484.0,2,1.0,3.0,1975.0,No,3,8,Y,Y,N,5.0,262700.0
Northgate,231.1,sqm,8375.0,5,4.5,2.0,2009.0,No,4,10,N,N,N,,$243.7K
Maple Grove,240.5,sqm,8557.0,4,2.0,2.5,2012.0,No,4,10,N,Y,N,2.0,$356.5K
Maple Grove,1870.0,sqft,5390.0,3,2.0,2.0,1970.0,No,2,5,N,N,Y,6.0,267000.0
Maple Grove,855.0,sqft,1460.0,1,1.0,2.0,1936.0,No,3,5,Y,N,N,4.0,93700.0
Riverside Park,1629.0,sqft,5359.0,2,2.5,1.0,1971.0,No,3,10,Y,Y,N,6.0,325800.0
Harbor Point,2006.0,sqft,4470.0,4,3.5,2.5,1957.0,Yes,4,3,Y,N,Y,6.0,590100.0
Cedar Falls,1991.0,sqft,6778.0,3,3.0,1.0,1951.0,No,3,9,N,N,N,5.0,$222.2K
Riverside Park,146.5,sqm,3491.0,2,1.0,2.0,1953.0,No,4,3,Y,Y,N,4.0,$221.7K
Brookhaven,2354.0,sqft,4634.0,4,3.5,2.0,1987.0,No,3,6,Y,N,N,4.0,$501.0K
Riverside Park,123.1,sqm,3771.0,2,2.0,1.0,1988.0,Yes,4,6,Y,N,N,6.0,275500.0
Brookhaven,1113.0,sqft,3541.0,1,1.0,2.0,1943.0,Yes,2,9,Y,N,N,5.0,$216.8K
Harbor Point,1774.0,sqft,5464.0,3,2.5,1.0,,Yes,2,7,Y,Y,Y,8.0,$665.2K
Northgate,176.1,sqm,5578.0,4,3.5,1.5,1928.0,Yes,3,5,Y,N,N,3.0,120500.0
Old Mill District,2206.0,sqft,8166.0,3,2.0,2.0,1987.0,No,5,9,Y,N,N,4.0,573700.0
Sunridge,3458.0,sqft,10194.0,6,5.0,2.0,1936.0,No,4,10,N,N,N,6.0,291000.0
Old Mill District,1920.0,sqft,7516.0,2,1.5,1.0,1933.0,Yes,2,4,Y,N,Y,5.0,$473.1K
Cedar Falls,2511.0,sqft,8193.0,4,3.0,2.5,1969.0,Yes,4,4,Y,N,N,7.0,$306.3K
Riverside Park,1770.0,sqft,3294.0,2,1.5,3.0,1922.0,No,5,5,Y,Y,N,5.0,267400.0
Old Mill District,2478.0,sqft,8084.0,4,3.0,1.0,1991.0,No,3,9,Y,N,N,5.0,705800.0
Old Mill District,896.0,sqft,2930.0,1,1.0,1.0,2009.0,No,3,8,Y,Y,N,4.0,$233.9K
Riverside Park,1241.0,sqft,1859.0,2,1.0,3.0,1926.0,No,3,10,Y,N,N,,$186.2K
Brookhaven,500.0,sqft,934.0,2,1.0,2.0,1953.0,Yes,3,3,N,N,N,6.0,$86.8K
Northgate,849.0,sqft,1423.0,1,1.0,1.5,1921.0,No,2,8,Y,Y,N,6.0,$67.1K
Riverside Park,1951.0,sqft,4730.0,3,2.5,2.0,1986.0,No,1,6,Y,N,N,7.0,355700.0
Northgate,1874.0,sqft,6241.0,3,3.0,3.0,1947.0,No,2,4,Y,N,N,8.0,$152.9K
Sunridge,289.9,sqm,9831.0,6,4.5,2.0,2012.0,No,4,10,Y,Y,N,7.0,$421.2K
Cedar Falls,87.2,sqm,1153.0,2,1.5,1.0,2000.0,No,5,8,N,N,N,6.0,126600.0
Harbor Point,111.3,sqm,2927.0,1,1.0,1.0,1990.0,No,3,5,Y,Y,N,6.0,309800.0
Harbor Point,2592.0,sqft,6553.0,4,3.5,1.5,1971.0,No,2,9,Y,Y,N,,609700.0
Brookhaven,3442.0,sqft,7932.0,6,4.5,2.5,1922.0,No,4,5,Y,N,N,8.0,$552.9K
Cedar Falls,1713.0,sqft,,3,3.0,2.0,1998.0,No,5,5,Y,N,N,5.0,$224.8K
Old Mill District,2591.0,sqft,7358.0,4,3.0,2.0,1989.0,Yes,4,5,N,N,N,6.0,640800.0
Brookhaven,500.0,sqft,938.0,1,1.0,1.0,1934.0,Yes,3,4,Y,N,N,,89800.0
Northgate,147.7,sqm,4477.0,2,2.0,1.0,1968.0,Yes,4,6,N,Y,N,6.0,178800.0
Sunridge,689.0,sqft,1624.0,1,1.0,2.0,1997.0,No,3,7,Y,N,N,5.0,$68.8K
Cedar Falls,2369.0,sqft,3824.0,4,3.0,3.0,2020.0,No,4,3,Y,N,N,6.0,$333.2K
Cedar Falls,2043.0,sqft,6592.0,3,2.0,2.5,1935.0,No,3,7,Y,Y,N,6.0,$234.1K
Brookhaven,500.0,sqft,1922.0,1,1.0,2.0,1953.0,No,3,4,Y,Y,N,6.0,$105.0K
Brookhaven,1708.0,sqft,4475.0,2,1.5,2.0,1982.0,Yes,4,3,N,Y,N,7.0,$266.8K
Riverside Park,500.0,sqft,1716.0,1,1.0,1.0,1969.0,Yes,4,5,Y,,N,6.0,$78.5K
Sunridge,1617.0,sqft,5346.0,2,1.0,2.0,1998.0,No,4,6,Y,,Y,5.0,$225.5K
Old Mill District,901.0,sqft,3392.0,2,2.0,1.0,1964.0,Yes,3,4,Y,Y,N,5.0,216100.0
Riverside Park,2889.0,sqft,10809.0,5,5.0,1.0,2022.0,No,3,9,Y,Y,N,7.0,628000.0
Brookhaven,1439.0,sqft,2179.0,2,2.0,2.5,1976.0,Yes,3,3,N,N,N,9.0,296600.0
Harbor Point,1589.0,sqft,3540.0,4,2.5,3.0,2014.0,No,5,3,Y,N,N,,$498.9K
Northgate,1690.0,sqft,5987.0,3,1.5,1.0,1970.0,No,4,9,N,N,N,5.0,$128.5K
Maple Grove,1460.0,sqft,3657.0,2,1.0,2.0,1944.0,No,5,10,N,N,N,4.0,187500.0
Sunridge,2296.0,sqft,5464.0,3,2.5,1.0,1950.0,No,2,10,Y,N,N,7.0,$195.3K
Cedar Falls,2117.0,sqft,3257.0,4,3.5,1.0,1944.0,No,5,8,N,,N,5.0,$191.4K
Sunridge,549.0,sqft,1246.0,1,1.0,1.0,1975.0,Yes,5,5,Y,Y,N,6.0,62900.0
Sunridge,2867.0,sqft,4718.0,4,3.0,1.0,1920.0,No,3,8,N,Y,N,7.0,$303.6K
Cedar Falls,1799.0,sqft,3082.0,4,3.5,2.5,1973.0,No,3,3,Y,N,N,8.0,$184.3K
Cedar Falls,2129.0,sqft,5878.0,4,3.5,1.5,1970.0,Yes,3,4,Y,Y,N,,$265.0K
Brookhaven,2340.0,sqft,7343.0,3,1.5,1.0,2010.0,No,2,9,Y,N,N,3.0,445900.0
Riverside Park,172.8,sqm,5444.0,2,1.5,2.0,1998.0,Yes,3,3,Y,N,N,7.0,$277.7K
Maple Grove,208.7,sqm,2876.0,3,2.0,1.0,2008.0,No,1,3,Y,Y,N,5.0,330400.0
Old Mill District,1211.0,sqft,2083.0,2,2.0,2.0,1994.0,Yes,4,6,Y,N,N,7.0,$359.6K
Old Mill District,2253.0,sqft,8191.0,4,3.5,1.0,1968.0,No,2,10,N,N,N,9.0,$515.5K
Harbor Point,1329.0,sqft,1746.0,2,1.0,2.0,1980.0,No,2,9,Y,N,N,9.0,$422.7K
Cedar Falls,253.1,sqm,8380.0,5,3.5,1.5,1946.0,Yes,3,10,Y,Y,N,6.0,399600.0
Northgate,2093.0,sqft,2531.0,3,2.5,2.0,1920.0,Yes,5,10,Y,N,N,7.0,174800.0
Old Mill District,130.6,sqm,2678.0,2,1.5,1.0,1928.0,Yes,3,9,Y,N,N,8.0,291900.0
Cedar Falls,1526.0,sqft,3451.0,3,2.0,1.0,1985.0,Yes,4,6,Y,N,N,7.0,230600.0
Sunridge,236.4,sqm,6316.0,5,3.0,1.5,1942.0,Yes,4,8,Y,N,N,7.0,272300.0
Harbor Point,1480.0,sqft,4700.0,2,1.5,2.5,1921.0,Yes,3,8,N,N,N,2.0,277300.0
Brookhaven,1379.0,sqft,4300.0,2,1.0,1.0,2013.0,No,3,9,Y,N,N,7.0,$320.2K
Cedar Falls,2373.0,sqft,7122.0,4,3.0,2.0,2018.0,No,2,4,N,Y,N,9.0,322400.0
Old Mill District,1515.0,sqft,2525.0,2,1.5,2.5,,Yes,3,9,Y,N,Y,5.0,$407.4K
Riverside Park,1015.0,sqft,2656.0,1,1.0,1.0,2018.0,No,3,4,Y,N,N,7.0,$202.0K
Harbor Point,140.9,sqm,5964.0,2,1.5,2.0,1998.0,No,4,8,Y,N,N,5.0,440800.0
Riverside Park,2506.0,sqft,5181.0,4,3.0,1.0,1959.0,No,3,8,Y,Y,N,5.0,429300.0
Maple Grove,1935.0,sqft,7358.0,3,1.5,1.0,1989.0,No,4,7,N,Y,N,10.0,297300.0
Maple Grove,795.0,sqft,1676.0,1,1.0,2.0,1938.0,No,3,7,Y,Y,Y,7.0,129900.0
Northgate,1646.0,sqft,6426.0,1,1.5,2.0,1932.0,Yes,3,3,Y,N,N,6.0,$114.1K
Cedar Falls,1425.0,sqft,5649.0,3,3.0,1.5,1927.0,Yes,3,6,Y,Y,N,7.0,174300.0
Northgate,2197.0,sqft,7145.0,3,2.5,1.0,2006.0,No,4,4,N,N,N,6.0,236500.0
Maple Grove,3018.0,sqft,4687.0,4,3.5,1.0,1952.0,No,3,9,Y,Y,N,7.0,$442.8K
Harbor Point,2111.0,sqft,5305.0,2,1.0,2.0,1940.0,No,4,4,Y,N,N,5.0,$435.2K
Riverside Park,1706.0,sqft,4292.0,3,3.0,2.0,2003.0,No,5,10,Y,Y,N,4.0,$325.6K
Maple Grove,1415.0,sqft,3090.0,2,1.0,1.0,2020.0,No,4,6,N,Y,N,8.0,267700.0
Old Mill District,1397.0,sqft,2445.0,2,1.0,1.0,1927.0,No,5,9,Y,Y,N,2.0,300500.0
Brookhaven,1595.0,sqft,2872.0,3,2.5,2.0,2018.0,No,4,8,Y,N,N,9.0,384500.0
Cedar Falls,1199.0,sqft,2745.0,1,1.0,3.0,1976.0,No,3,9,Y,N,N,7.0,162800.0
Cedar Falls,2004.0,sqft,3752.0,3,2.0,2.0,2018.0,No,3,4,Y,N,N,4.0,284500.0
Northgate,114.3,sqm,1806.0,2,1.5,2.5,,No,5,10,N,Y,N,7.0,83800.0
Maple Grove,1940.0,sqft,4950.0,3,2.5,1.0,1989.0,Yes,2,5,Y,N,N,7.0,$262.9K
Cedar Falls,1158.0,sqft,3275.0,2,1.5,2.5,1973.0,Yes,3,4,N,N,N,8.0,161300.0
Maple Grove,1161.0,sqft,4305.0,2,1.5,2.0,1975.0,No,3,8,Y,N,N,8.0,$172.4K
Northgate,1868.0,sqft,7387.0,3,2.5,3.0,1943.0,Yes,3,8,Y,N,N,7.0,$163.3K
Harbor Point,2032.0,sqft,7659.0,3,2.5,2.0,1974.0,No,3,8,N,N,N,6.0,$522.9K
Maple Grove,2499.0,sqft,6337.0,5,3.5,2.0,,Yes,4,7,N,N,N,8.0,365400.0
Riverside Park,89.6,sqm,1591.0,2,1.5,2.0,1967.0,Yes,2,3,Y,N,Y,6.0,188200.0
Cedar Falls,1516.0,sqft,,3,2.5,1.0,1928.0,No,5,10,Y,N,N,8.0,$214.8K
Cedar Falls,82.2,sqm,1613.0,1,1.0,2.5,1983.0,No,4,7,Y,Y,N,5.0,$116.9K
Harbor Point,2284.0,sqft,8902.0,3,2.5,2.0,1991.0,No,5,6,Y,N,N,6.0,$635.8K
Maple Grove,2361.0,sqft,3968.0,4,2.5,1.0,1984.0,Yes,2,6,Y,N,N,5.0,$328.4K
Maple Grove,1706.0,sqft,4189.0,2,1.0,2.0,1931.0,No,5,3,Y,N,N,9.0,208700.0
Cedar Falls,1244.0,sqft,1940.0,1,1.0,1.0,1952.0,Yes,2,10,Y,Y,N,5.0,$169.2K
Riverside Park,3304.0,sqft,9310.0,4,3.0,2.0,2004.0,No,3,5,Y,Y,N,7.0,$585.4K
Northgate,1272.0,sqft,4764.0,1,1.0,2.5,1966.0,No,2,4,Y,N,N,8.0,$88.8K
Harbor Point,1939.0,sqft,6695.0,3,2.5,1.5,2006.0,No,3,3,Y,N,N,6.0,$579.2K
Brookhaven,251.6,sqm,4015.0,3,2.5,1.5,1997.0,Yes,2,8,Y,N,N,1.0,$506.0K
Maple Grove,238.6,sqm,6846.0,4,2.0,1.0,1942.0,No,4,3,Y,Y,N,8.0,321900.0
Harbor Point,204.0,sqm,4360.0,3,3.0,3.0,1921.0,Yes,4,5,Y,Y,N,8.0,$536.5K
Harbor Point,1223.0,sqft,3547.0,1,1.0,2.5,1990.0,Yes,5,6,N,N,N,6.0,$397.0K
Brookhaven,1956.0,sqft,2640.0,3,2.0,1.5,1934.0,Yes,4,8,N,N,N,8.0,348400.0
Northgate,1222.0,sqft,2888.0,2,1.5,2.0,2007.0,Yes,2,8,N,Y,N,6.0,120600.0
Sunridge,1598.0,sqft,2447.0,3,2.5,2.0,1933.0,Yes,3,9,Y,N,N,4.0,158100.0
Harbor Point,1945.0,sqft,4863.0,4,3.0,1.0,2001.0,No,5,6,N,N,N,3.0,467100.0
Maple Grove,255.6,sqm,5210.0,4,2.0,1.0,1951.0,Yes,3,10,N,N,N,10.0,454000.0
Maple Grove,1754.0,sqft,2913.0,3,1.5,1.0,1960.0,Yes,4,5,Y,Y,N,5.0,243900.0
Cedar Falls,1225.0,sqft,3978.0,2,1.0,2.0,1983.0,No,2,8,N,N,N,6.0,$145.6K
Harbor Point,1650.0,sqft,3723.0,3,1.5,2.0,1947.0,Yes,2,6,Y,,Y,5.0,$463.2K
Maple Grove,1972.0,sqft,4474.0,3,3.0,1.0,1962.0,Yes,1,8,Y,N,N,6.0,245600.0
Harbor Point,2857.0,sqft,6094.0,4,3.0,1.5,1941.0,No,4,3,N,N,N,6.0,625700.0
Maple Grove,2739.0,sqft,10930.0,4,3.5,3.0,1963.0,Yes,4,6,Y,Y,N,8.0,$371.1K
Brookhaven,2783.0,sqft,6684.0,5,3.5,1.0,1996.0,No,2,6,Y,N,N,6.0,$455.7K
Maple Grove,1884.0,sqft,4252.0,1,1.0,1.0,2017.0,Yes,5,10,N,Y,Y,7.0,459500.0
Brookhaven,162.5,sqm,4528.0,3,2.0,1.5,1956.0,Yes,4,4,Y,N,N,9.0,$349.8K
Sunridge,1239.0,sqft,3984.0,3,2.5,1.0,1976.0,Yes,2,8,Y,Y,N,6.0,$145.7K
Northgate,1585.0,sqft,2962.0,3,3.0,2.0,1981.0,Yes,4,3,Y,Y,N,6.0,142800.0
Harbor Point,2545.0,sqft,8105.0,4,3.0,1.5,1987.0,No,4,7,Y,N,N,6.0,$683.3K
Brookhaven,2632.0,sqft,6530.0,4,2.5,3.0,1997.0,No,3,4,Y,Y,N,3.0,$510.4K
Northgate,74.0,sqm,1776.0,1,2.0,2.0,1933.0,Yes,3,6,Y,N,N,6.0,$69.5K
Cedar Falls,1140.0,sqft,3381.0,1,1.0,2.0,1943.0,No,4,6,N,N,N,2.0,104200.0
Riverside Park,2247.0,sqft,8113.0,3,2.0,1.5,2006.0,No,4,3,Y,N,N,3.0,$392.6K
Sunridge,2431.0,sqft,8217.0,4,3.0,2.5,1970.0,No,4,3,N,N,N,7.0,199500.0
Brookhaven,1858.0,sqft,2829.0,3,3.5,1.5,1957.0,Yes,4,9,Y,N,N,5.0,$389.4K
Northgate,2130.0,sqft,8004.0,2,2.0,2.0,1966.0,Yes,3,9,Y,Y,N,8.0,$240.8K
Cedar Falls,1519.0,sqft,3022.0,2,1.0,1.0,2007.0,No,4,8,Y,Y,N,8.0,226500.0
Old Mill District,2025.0,sqft,5029.0,2,3.0,2.0,2016.0,No,4,10,Y,N,N,9.0,$615.8K
Riverside Park,1476.0,sqft,4299.0,2,1.0,2.5,1996.0,No,1,9,N,N,N,6.0,254800.0
Harbor Point,1497.0,sqft,3541.0,1,1.0,2.0,1970.0,No,2,8,Y,N,N,7.0,$402.1K
Cedar Falls,2843.0,sqft,6674.0,4,3.0,1.5,1996.0,Yes,5,6,Y,N,N,5.0,$394.2K
Sunridge,2512.0,sqft,4049.0,3,2.0,2.0,1956.0,No,2,8,Y,N,N,4.0,242900.0
Sunridge,3628.0,sqft,12268.0,6,5.0,1.0,1962.0,No,4,9,N,,N,5.0,$314.4K
Northgate,1253.0,sqft,3958.0,2,2.0,3.0,1973.0,No,5,5,Y,N,N,5.0,$107.9K
Cedar Falls,2679.0,sqft,4207.0,5,3.0,2.5,1966.0,Yes,3,10,Y,N,N,9.0,$377.1K
Old Mill District,1531.0,sqft,2284.0,2,1.0,1.0,2023.0,Yes,3,10,Y,N,N,5.0,457100.0
Harbor Point,730.0,sqft,2428.0,1,1.0,1.0,1988.0,Yes,3,3,N,Y,N,8.0,226200.0
Old Mill District,1656.0,sqft,5502.0,2,2.5,2.0,1930.0,No,1,8,N,Y,N,,344400.0
Brookhaven,500.0,sqft,886.0,1,1.0,1.5,1980.0,No,2,5,N,N,N,7.0,72800.0
Riverside Park,1586.0,sqft,5668.0,3,2.0,2.0,1961.0,No,5,6,Y,N,N,2.0,208300.0
Brookhaven,1389.0,sqft,3202.0,2,1.0,1.0,1942.0,Yes,4,9,Y,N,N,6.0,227900.0
Cedar Falls,2934.0,sqft,4598.0,5,4.0,1.0,1920.0,No,2,3,Y,N,N,4.0,$261.0K
Maple Grove,1393.0,sqft,1757.0,2,1.5,3.0,1931.0,No,4,10,N,N,N,6.0,164500.0
Northgate,2596.0,sqft,3923.0,3,2.0,2.0,1947.0,No,1,9,N,Y,N,4.0,201400.0
Riverside Park,2903.0,sqft,10193.0,4,3.0,1.0,1936.0,Yes,3,9,Y,Y,N,4.0,$435.7K
Old Mill District,990.0,sqft,2956.0,1,2.0,1.0,1977.0,No,2,5,Y,N,N,8.0,206400.0
Old Mill District,1877.0,sqft,3357.0,2,1.5,1.0,1994.0,No,3,6,Y,,N,6.0,$501.8K
Cedar Falls,1825.0,sqft,3683.0,3,2.0,1.0,1945.0,No,2,4,Y,N,N,3.0,$195.7K
Cedar Falls,1334.0,sqft,2987.0,2,1.5,2.0,1959.0,No,4,7,Y,Y,N,8.0,192400.0
Cedar Falls,2074.0,sqft,3072.0,3,2.0,2.0,1920.0,No,2,6,N,Y,N,3.0,$226.4K
Brookhaven,242.7,sqm,7569.0,4,3.0,2.0,1977.0,No,3,5,Y,N,N,,$562.8K
Northgate,2102.0,sqft,6100.0,4,3.0,2.0,1971.0,No,3,8,Y,N,N,8.0,189600.0
Sunridge,3071.0,sqft,11620.0,4,2.5,1.0,1990.0,No,5,4,Y,Y,N,8.0,332200.0
Riverside Park,199.9,sqm,4313.0,3,3.0,2.0,1997.0,No,5,9,N,N,N,9.0,$448.0K
Brookhaven,1877.0,sqft,2562.0,3,3.0,2.5,2010.0,No,2,9,Y,N,N,7.0,361800.0
Old Mill District,2403.0,sqft,7632.0,5,3.5,2.0,1920.0,No,1,8,Y,Y,N,5.0,470200.0
Old Mill District,106.7,sqm,3092.0,1,1.0,1.0,1982.0,No,1,8,Y,N,N,8.0,302300.0
Riverside Park,1442.0,sqft,2157.0,2,1.0,3.0,1956.0,No,4,10,Y,N,N,10.0,285700.0
Maple Grove,226.3,sqm,3408.0,2,1.0,1.5,1990.0,Yes,5,3,N,N,N,6.0,347000.0
Northgate,1600.0,sqft,6012.0,2,1.0,2.5,1945.0,Yes,1,7,N,Y,N,6.0,$140.7K
Harbor Point,1510.0,sqft,2121.0,3,2.5,3.0,1961.0,No,3,10,Y,Y,N,5.0,$376.4K
Riverside Park,1313.0,sqft,3013.0,2,2.0,1.5,1980.0,No,3,4,N,N,N,6.0,$195.4K
Old Mill District,139.8,sqm,2313.0,2,1.0,1.0,1975.0,No,5,10,Y,N,N,5.0,$386.7K
Sunridge,2300.0,sqft,2876.0,4,3.0,1.0,2008.0,No,1,3,N,Y,N,5.0,$212.8K
Harbor Point,1549.0,sqft,5906.0,3,2.0,2.0,1920.0,No,5,5,Y,Y,N,7.0,$326.0K
Riverside Park,2287.0,sqft,3153.0,3,2.5,1.5,1983.0,Yes,4,8,Y,N,N,7.0,398700.0
Northgate,1624.0,sqft,2856.0,3,2.0,1.0,1945.0,No,1,6,Y,Y,N,,$117.2K
Sunridge,1923.0,sqft,3447.0,3,2.0,1.0,2016.0,No,4,5,N,N,N,8.0,199300.0
Sunridge,2202.0,sqft,4195.0,4,3.0,2.0,1943.0,No,3,6,N,Y,N,5.0,$210.5K
Riverside Park,2591.0,sqft,5042.0,4,3.0,1.0,1940.0,Yes,4,4,Y,N,N,9.0,456000.0
Harbor Point,2062.0,sqft,5283.0,2,1.0,2.0,1986.0,Yes,3,4,Y,N,N,5.0,627900.0
Sunridge,343.5,sqm,7710.0,6,4.0,3.0,1943.0,No,2,7,Y,N,N,4.0,$344.6K
Sunridge,1569.0,sqft,6056.0,2,1.5,2.0,2007.0,No,3,7,Y,Y,N,7.0,173600.0
Riverside Park,1847.0,sqft,6365.0,4,2.5,2.0,2010.0,No,1,9,Y,N,N,6.0,$336.9K
Harbor Point,1008.0,sqft,3186.0,2,1.0,2.0,1982.0,Yes,3,10,Y,Y,N,6.0,$291.7K
Brookhaven,1629.0,sqft,4337.0,3,1.5,1.0,1940.0,No,1,6,Y,N,N,4.0,$262.1K
Riverside Park,2467.0,sqft,6641.0,3,2.5,2.0,,No,5,10,Y,N,N,8.0,491800.0
Sunridge,2263.0,sqft,6349.0,3,2.0,2.0,1936.0,No,2,9,Y,N,N,5.0,186700.0
Brookhaven,1849.0,sqft,4148.0,3,2.0,1.5,1939.0,No,2,7,Y,N,N,,289200.0
Maple Grove,1932.0,sqft,2613.0,3,2.0,1.0,2020.0,No,4,7,N,Y,N,8.0,332300.0
Riverside Park,1317.0,sqft,4127.0,2,1.0,2.5,2005.0,No,2,3,Y,N,N,9.0,222900.0
Maple Grove,1238.0,sqft,1548.0,1,1.5,2.0,1977.0,No,3,6,Y,Y,N,8.0,$174.5K
Maple Grove,872.0,sqft,3467.0,1,1.0,2.0,1952.0,No,3,3,Y,Y,N,5.0,$88.9K
Brookhaven,1117.0,sqft,4137.0,2,2.0,2.0,2009.0,No,5,6,Y,Y,N,7.0,283200.0
Brookhaven,1882.0,sqft,4102.0,3,2.5,2.0,1943.0,No,4,5,Y,Y,Y,5.0,$302.0K
Brookhaven,2882.0,sqft,7987.0,3,3.0,1.0,2017.0,No,5,10,N,N,N,10.0,$747.7K
Maple Grove,1153.0,sqft,3558.0,1,1.0,1.0,,No,2,7,Y,N,N,6.0,$169.7K
Old Mill District,154.5,sqm,5449.0,3,3.0,1.0,1993.0,No,3,4,Y,Y,N,8.0,415700.0
Riverside Park,985.0,sqft,1921.0,1,1.0,3.0,1928.0,No,3,3,Y,N,N,4.0,$139.8K
Old Mill District,622.0,sqft,1324.0,2,2.0,1.0,1928.0,No,4,4,Y,N,N,7.0,120000.0
Northgate,2364.0,sqft,5856.0,3,1.5,2.0,1959.0,No,3,3,Y,Y,Y,,$184.0K
Northgate,2776.0,sqft,7539.0,5,3.5,2.0,1938.0,No,3,10,Y,Y,N,5.0,$227.5K
Harbor Point,500.0,sqft,1095.0,1,1.5,2.0,1941.0,No,1,3,N,N,Y,8.0,100000.0
Old Mill District,124.9,sqm,2652.0,3,3.0,2.0,1935.0,No,1,4,Y,N,N,8.0,$304.8K
Brookhaven,2601.0,sqft,5909.0,4,3.0,1.0,2023.0,No,5,5,Y,N,Y,4.0,677800.0
Sunridge,1390.0,sqft,2110.0,2,1.0,2.0,1923.0,Yes,3,10,Y,Y,N,6.0,128000.0
Sunridge,2197.0,sqft,7489.0,4,2.5,2.5,2023.0,No,3,7,Y,N,N,6.0,255400.0
Maple Grove,2027.0,sqft,5295.0,3,3.0,2.0,1992.0,No,5,7,Y,N,N,6.0,333100.0
Old Mill District,2458.0,sqft,8936.0,3,2.0,3.0,2020.0,No,4,9,Y,N,N,4.0,$694.1K
Old Mill District,1937.0,sqft,6948.0,3,2.5,2.0,1995.0,No,3,5,Y,N,N,6.0,415500.0
Riverside Park,2003.0,sqft,2442.0,4,2.5,2.5,1995.0,Yes,4,8,Y,Y,N,8.0,352500.0
Sunridge,1943.0,sqft,6138.0,3,2.5,1.0,1938.0,No,4,10,Y,Y,N,6.0,$200.7K
Cedar Falls,2676.0,sqft,6482.0,4,3.0,1.0,2003.0,No,2,4,Y,Y,N,8.0,405200.0
Old Mill District,2051.0,sqft,4955.0,4,3.0,1.0,1946.0,Yes,3,8,Y,N,N,4.0,398400.0
Brookhaven,1656.0,sqft,4667.0,2,1.0,1.0,2008.0,No,2,3,Y,N,N,7.0,$347.9K
Old Mill District,1755.0,sqft,5390.0,3,2.5,1.0,1963.0,No,2,3,Y,Y,N,6.0,335100.0
Cedar Falls,895.0,sqft,2705.0,2,2.5,1.5,1941.0,Yes,4,5,Y,N,N,5.0,$107.9K
Old Mill District,109.8,sqm,2196.0,3,3.0,2.0,2014.0,No,4,3,Y,N,Y,5.0,$292.7K
Brookhaven,1841.0,sqft,4731.0,2,1.5,1.0,1991.0,Yes,2,5,Y,Y,N,6.0,$346.3K
Sunridge,2092.0,sqft,5375.0,4,3.5,1.0,1921.0,No,3,10,Y,Y,N,6.0,$215.0K
Harbor Point,2155.0,sqft,5955.0,4,2.5,2.0,1999.0,No,2,3,Y,N,N,5.0,509600.0
Sunridge,319.0,sqm,6794.0,4,3.5,3.0,,No,5,6,Y,Y,N,9.0,$392.8K
Sunridge,66.8,sqm,2518.0,1,1.0,2.0,1946.0,No,1,6,Y,N,N,6.0,67600.0
Brookhaven,124.0,sqm,5275.0,2,1.0,2.0,1973.0,No,3,9,Y,N,N,5.0,$236.2K
Harbor Point,2517.0,sqft,4148.0,4,3.5,1.0,1975.0,Yes,4,8,Y,Y,N,8.0,$803.0K
Brookhaven,2171.0,sqft,5483.0,6,3.5,3.0,1921.0,Yes,5,10,Y,Y,N,7.0,$409.8K
Riverside Park,3089.0,sqft,7779.0,5,3.5,2.0,1946.0,No,4,4,Y,N,N,5.0,$364.2K
Sunridge,3232.0,sqft,6657.0,5,3.0,1.0,,No,2,9,Y,Y,N,7.0,410400.0
Brookhaven,1764.0,sqft,6973.0,2,1.0,1.0,1945.0,No,4,8,Y,N,N,7.0,290400.0
Harbor Point,1688.0,sqft,4568.0,3,2.5,3.0,1961.0,Yes,2,5,Y,N,N,6.0,432400.0
Harbor Point,1806.0,sqft,5334.0,3,2.5,1.0,1984.0,No,2,5,Y,Y,N,1.0,454700.0
Riverside Park,2854.0,sqft,10528.0,5,4.0,1.0,1930.0,No,2,3,Y,N,N,7.0,$416.5K
Cedar Falls,108.2,sqm,3438.0,2,2.5,2.5,2004.0,No,4,4,N,N,N,4.0,155000.0
Northgate,2167.0,sqft,3384.0,3,2.5,1.0,1930.0,No,2,5,Y,N,N,8.0,166900.0
Sunridge,2880.0,sqft,11237.0,4,3.0,3.0,2011.0,No,5,9,Y,N,N,8.0,402000.0
Maple Grove,2129.0,sqft,5780.0,4,3.5,3.0,1993.0,No,3,6,Y,Y,N,8.0,$346.8K
Sunridge,1499.0,sqft,5560.0,2,1.0,2.0,,No,1,7,N,N,N,8.0,$142.1K
Sunridge,215.1,sqm,4530.0,3,2.5,2.0,1978.0,No,4,5,N,Y,N,4.0,227200.0
Sunridge,1985.0,sqft,3675.0,3,3.0,2.0,1979.0,Yes,3,7,N,Y,N,6.0,229800.0
Northgate,1280.0,sqft,2656.0,2,1.5,2.0,1996.0,Yes,3,3,Y,N,N,,134500.0
Old Mill District,2183.0,sqft,4914.0,3,2.0,1.0,1974.0,Yes,3,7,Y,Y,N,9.0,594000.0
Northgate,1648.0,sqft,6010.0,2,1.5,1.0,2018.0,No,5,8,Y,Y,N,,$180.1K
Sunridge,1419.0,sqft,5126.0,1,1.0,2.0,1977.0,No,3,7,Y,Y,N,6.0,$128.4K
Cedar Falls,2147.0,sqft,7779.0,3,3.0,1.0,1991.0,Yes,2,5,N,Y,N,3.0,$288.0K
Harbor Point,2900.0,sqft,5263.0,3,2.5,1.0,2014.0,No,2,10,N,N,N,6.0,917000.0
Maple Grove,1880.0,sqft,4248.0,3,2.0,2.5,2010.0,No,4,3,Y,,N,7.0,305700.0
Old Mill District,2744.0,sqft,3407.0,4,2.5,1.0,1987.0,No,4,5,N,N,N,7.0,732900.0
Northgate,2019.0,sqft,7503.0,3,2.5,3.0,1967.0,No,4,5,Y,Y,N,6.0,$188.0K
Harbor Point,2163.0,sqft,4360.0,3,2.5,2.0,1944.0,Yes,3,8,Y,,N,,540900.0
Riverside Park,1513.0,sqft,2554.0,2,1.5,2.0,1986.0,No,4,10,Y,N,N,,$229.1K
Harbor Point,71.3,sqm,1261.0,1,1.0,1.0,1970.0,Yes,2,5,Y,N,N,7.0,$217.8K
Brookhaven,1321.0,sqft,2679.0,2,1.5,2.0,1928.0,Yes,3,10,Y,N,N,5.0,271500.0
Riverside Park,1566.0,sqft,5530.0,2,2.0,1.0,2013.0,No,4,3,Y,N,Y,9.0,336800.0
Brookhaven,2064.0,sqft,4161.0,3,3.0,1.0,1956.0,Yes,3,5,Y,N,N,2.0,350500.0
Cedar Falls,1840.0,sqft,4281.0,3,2.5,2.0,2002.0,No,3,3,N,Y,N,8.0,261900.0
Cedar Falls,2155.0,sqft,3461.0,3,2.5,1.5,1921.0,No,2,4,Y,Y,N,3.0,$197.1K
Riverside Park,1312.0,sqft,3721.0,3,2.0,2.5,1957.0,No,5,3,Y,Y,N,3.0,$184.7K
Riverside Park,1319.0,sqft,5077.0,2,2.0,1.0,2011.0,No,5,3,Y,Y,N,8.0,$235.0K
Maple Grove,2084.0,sqft,4791.0,4,3.0,1.0,1936.0,No,3,4,Y,N,N,6.0,234400.0
Sunridge,1387.0,sqft,3882.0,2,2.5,2.0,2013.0,No,3,6,Y,N,N,6.0,171500.0
Maple Grove,2290.0,sqft,4142.0,4,1.5,2.0,1940.0,Yes,3,8,Y,N,N,,320300.0
Sunridge,1446.0,sqft,4952.0,2,1.0,2.0,1981.0,No,3,3,Y,N,N,6.0,145200.0
Brookhaven,1420.0,sqft,2306.0,3,2.0,2.0,1991.0,No,3,10,Y,N,N,7.0,311800.0
Harbor Point,1900.0,sqft,6513.0,4,3.0,2.0,1995.0,No,1,5,Y,,N,7.0,$598.3K
Brookhaven,182.4,sqm,5212.0,3,1.5,1.0,1959.0,Yes,4,8,Y,Y,N,9.0,$424.6K
Cedar Falls,3773.0,sqft,7568.0,6,5.0,1.0,1977.0,No,4,7,N,N,N,7.0,546600.0
Riverside Park,1838.0,sqft,5346.0,3,3.0,3.0,1920.0,Yes,3,3,Y,Y,N,7.0,$310.4K
Northgate,2224.0,sqft,5126.0,3,2.5,2.0,2004.0,No,3,8,Y,Y,N,5.0,212000.0
Sunridge,1510.0,sqft,2591.0,1,1.0,1.0,1999.0,No,4,10,Y,N,N,7.0,166600.0
Cedar Falls,1733.0,sqft,4078.0,2,1.0,1.0,1966.0,No,2,5,Y,N,N,5.0,$181.4K
Maple Grove,1237.0,sqft,1888.0,2,1.0,1.5,2019.0,Yes,2,7,N,Y,N,4.0,193100.0
Riverside Park,2837.0,sqft,6563.0,4,3.5,2.0,1960.0,Yes,4,10,Y,Y,N,8.0,494300.0
Northgate,1593.0,sqft,5147.0,3,2.5,1.0,1954.0,No,4,8,Y,Y,N,3.0,$147.8K
Riverside Park,2739.0,sqft,10689.0,3,2.0,2.0,1962.0,No,5,10,Y,,N,,408900.0
Sunridge,163.8,sqm,4457.0,2,2.0,2.0,,No,5,5,Y,N,N,8.0,$157.9K
Cedar Falls,229.1,sqm,3205.0,5,3.0,2.0,1987.0,No,3,10,Y,Y,N,4.0,$342.2K
Old Mill District,2564.0,sqft,3618.0,3,2.0,1.0,1989.0,Yes,4,5,Y,N,N,4.0,652200.0
Harbor Point,1925.0,sqft,4954.0,2,2.0,3.0,1957.0,No,3,6,Y,N,N,6.0,$481.2K
Brookhaven,1510.0,sqft,2908.0,2,2.0,2.0,,No,3,10,N,Y,N,7.0,$261.3K
Maple Grove,500.0,sqft,800.0,1,1.0,1.0,1927.0,No,2,10,Y,Y,N,6.0,66300.0
Harbor Point,1265.0,sqft,3288.0,1,1.5,2.0,1946.0,No,4,6,Y,Y,N,7.0,$318.5K
Old Mill District,2270.0,sqft,,3,2.0,2.0,1954.0,No,2,3,Y,N,N,8.0,486000.0
Sunridge,2134.0,sqft,7585.0,4,3.5,2.5,1938.0,Yes,4,4,Y,N,N,9.0,$220.1K
Brookhaven,3198.0,sqft,4540.0,4,3.0,1.0,1936.0,No,5,5,Y,Y,N,,$637.2K
Maple Grove,3486.0,sqft,11982.0,5,4.5,2.0,1997.0,No,2,5,N,N,N,4.0,$483.1K
Sunridge,1856.0,sqft,5794.0,2,1.5,1.5,2003.0,Yes,5,3,Y,N,N,6.0,207200.0
Sunridge,564.0,sqft,1657.0,1,1.0,1.5,1970.0,No,1,9,Y,Y,N,7.0,56100.0
Harbor Point,2879.0,sqft,4152.0,5,3.5,3.0,1929.0,No,2,10,N,N,N,5.0,603500.0
Northgate,1951.0,sqft,4040.0,3,3.0,1.0,2004.0,No,4,8,Y,N,N,6.0,$188.8K
Sunridge,105.4,sqm,2211.0,2,1.5,2.0,1923.0,Yes,3,6,N,Y,N,6.0,112900.0
Brookhaven,1564.0,sqft,2080.0,2,1.5,1.0,1996.0,No,3,10,N,Y,Y,3.0,$362.8K
Sunridge,2470.0,sqft,9369.0,4,3.5,1.0,2021.0,No,3,7,N,Y,N,7.0,284000.0
Brookhaven,1191.0,sqft,3407.0,2,1.0,1.5,1991.0,Yes,5,3,Y,N,N,7.0,220500.0
Cedar Falls,1579.0,sqft,5627.0,2,1.5,2.0,1940.0,No,2,3,Y,N,N,4.0,159600.0
Old Mill District,240.2,sqm,3850.0,3,2.0,1.0,2011.0,No,5,8,Y,N,N,8.0,717100.0
Riverside Park,2310.0,sqft,4159.0,3,2.5,2.0,1999.0,No,3,3,N,Y,N,2.0,388200.0
Cedar Falls,2304.0,sqft,5663.0,5,3.5,1.5,2019.0,No,3,10,Y,Y,N,6.0,344700.0
Cedar Falls,140.8,sqm,6010.0,2,2.0,2.0,2010.0,No,3,6,N,Y,N,3.0,198300.0
Brookhaven,1831.0,sqft,2867.0,2,2.0,1.0,1934.0,No,3,7,Y,Y,N,2.0,316500.0
Maple Grove,2754.0,sqft,7695.0,5,3.5,2.0,1960.0,No,5,9,Y,N,N,7.0,377900.0
Cedar Falls,3427.0,sqft,4316.0,5,4.0,2.5,1979.0,No,3,10,Y,Y,N,3.0,$426.2K
Old Mill District,2111.0,sqft,4468.0,4,3.0,1.0,2003.0,No,4,5,N,Y,N,8.0,608900.0
Riverside Park,1842.0,sqft,5778.0,3,2.5,2.0,1978.0,No,1,3,Y,N,N,8.0,$334.6K
Old Mill District,2155.0,sqft,5719.0,4,2.5,3.0,1955.0,Yes,3,9,Y,N,N,9.0,515000.0
Old Mill District,1916.0,sqft,3155.0,3,1.5,2.0,,Yes,4,3,Y,N,N,7.0,410800.0
Cedar Falls,2514.0,sqft,4665.0,4,3.0,2.0,2006.0,No,2,3,Y,Y,N,,$378.1K
Harbor Point,1089.0,sqft,1485.0,2,1.0,1.5,1960.0,Yes,4,3,Y,N,N,10.0,310800.0
Harbor Point,76.0,sqm,1274.0,2,1.0,1.0,1960.0,No,5,4,Y,Y,N,5.0,200300.0
Brookhaven,2337.0,sqft,8118.0,4,3.0,1.0,1949.0,No,3,6,Y,,Y,8.0,$438.4K
Northgate,223.5,sqm,2925.0,5,4.0,3.0,1924.0,Yes,4,7,Y,Y,N,7.0,175000.0
Old Mill District,2335.0,sqft,6154.0,4,3.5,1.5,1943.0,No,4,7,Y,N,N,2.0,465000.0
Harbor Point,1631.0,sqft,3662.0,4,3.5,1.0,1973.0,No,3,8,N,N,N,5.0,409000.0
Northgate,500.0,sqft,898.0,1,1.5,2.5,2008.0,No,4,10,N,Y,N,5.0,$49.3K
Brookhaven,1517.0,sqft,5671.0,3,2.0,1.0,2020.0,No,1,6,N,N,N,5.0,$287.1K
Harbor Point,1805.0,sqft,6101.0,2,1.0,2.5,1961.0,Yes,4,7,Y,N,N,8.0,$538.9K
Cedar Falls,1895.0,sqft,,3,2.0,1.0,1942.0,No,2,6,Y,Y,N,3.0,$194.8K
Cedar Falls,276.3,sqm,4395.0,4,3.5,3.0,1998.0,Yes,5,10,N,N,N,6.0,$496.8K
Maple Grove,2147.0,sqft,4103.0,3,3.0,1.5,2021.0,No,4,3,Y,Y,N,7.0,$349.5K
Maple Grove,1726.0,sqft,4519.0,3,2.5,2.0,1988.0,Yes,4,8,Y,N,N,5.0,$298.8K
Brookhaven,1728.0,sqft,3691.0,2,1.5,2.0,1930.0,No,2,4,Y,Y,N,6.0,288700.0
Cedar Falls,2007.0,sqft,5590.0,4,2.5,2.0,1948.0,No,2,6,Y,N,N,4.0,$219.6K
Riverside Park,2132.0,sqft,7318.0,3,2.0,1.5,2016.0,No,1,9,Y,,N,7.0,$402.9K
Old Mill District,1610.0,sqft,3549.0,3,2.5,1.0,2023.0,No,3,6,N,N,Y,1.0,$395.0K
Brookhaven,2455.0,sqft,5378.0,4,3.5,2.0,1997.0,No,4,5,Y,Y,N,,573100.0
Harbor Point,2227.0,sqft,7877.0,4,3.0,2.5,1920.0,Yes,3,10,Y,N,N,7.0,$613.7K
Old Mill District,2717.0,sqft,3926.0,4,4.0,2.0,1962.0,Yes,5,5,Y,N,N,6.0,656100.0
Brookhaven,1721.0,sqft,3992.0,2,1.5,2.0,1994.0,No,2,10,Y,N,N,6.0,$415.9K
Sunridge,2270.0,sqft,7937.0,4,3.0,3.0,2014.0,No,2,8,Y,Y,N,6.0,250800.0
Northgate,1661.0,sqft,5164.0,2,1.0,3.0,2010.0,No,3,9,N,N,N,7.0,152900.0
Old Mill District,1053.0,sqft,3937.0,3,2.5,2.5,1961.0,No,3,6,Y,N,Y,8.0,264400.0
Maple Grove,2864.0,sqft,10224.0,4,2.0,1.0,2010.0,No,4,10,N,N,N,5.0,407200.0
Old Mill District,2607.0,sqft,6258.0,4,3.0,1.0,2013.0,No,3,3,Y,Y,N,5.0,$635.7K
Northgate,2059.0,sqft,2522.0,4,3.5,2.0,1941.0,Yes,3,7,N,N,N,5.0,$169.6K
Old Mill District,500.0,sqft,1296.0,1,1.0,1.0,2013.0,Yes,5,5,Y,Y,N,5.0,130500.0
Maple Grove,157.6,sqm,5911.0,3,1.5,1.5,1939.0,No,2,10,Y,Y,N,6.0,$225.1K
Riverside Park,1322.0,sqft,5043.0,1,1.5,1.0,1932.0,No,3,4,Y,N,N,6.0,183100.0
Northgate,164.1,sqm,2734.0,3,2.0,2.5,1999.0,No,2,7,Y,Y,N,8.0,173300.0
Sunridge,1409.0,sqft,5578.0,2,1.0,1.0,2000.0,No,2,4,Y,N,Y,5.0,$154.8K
Cedar Falls,2831.0,sqft,10542.0,3,2.5,2.0,1964.0,Yes,3,10,N,N,N,10.0,479600.0
Maple Grove,2315.0,sqft,5161.0,3,2.0,1.0,1966.0,No,3,3,Y,Y,N,3.0,244400.0
Brookhaven,1330.0,sqft,1930.0,2,1.5,2.5,1921.0,Yes,4,7,Y,,N,4.0,235300.0
Cedar Falls,1336.0,sqft,3176.0,2,3.0,2.0,1979.0,Yes,3,7,Y,N,N,3.0,$180.3K
Brookhaven,223.6,sqm,6631.0,4,4.0,3.0,1956.0,No,4,7,Y,N,N,5.0,$372.1K
Harbor Point,1410.0,sqft,3098.0,4,3.5,2.0,1927.0,No,3,4,Y,N,N,,343100.0
Riverside Park,2957.0,sqft,8379.0,4,2.5,3.0,1923.0,No,3,5,N,N,N,8.0,408500.0
Maple Grove,2145.0,sqft,6595.0,3,2.0,1.0,1940.0,No,3,5,Y,Y,N,9.0,$288.2K
Old Mill District,158.2,sqm,4218.0,2,1.5,1.5,1976.0,No,3,6,Y,Y,N,5.0,$440.0K
Old Mill District,2542.0,sqft,7404.0,3,2.5,1.0,1975.0,No,5,4,N,N,N,4.0,$531.5K
Riverside Park,1446.0,sqft,3563.0,2,1.0,2.0,2019.0,No,3,8,Y,Y,N,7.0,258400.0
Maple Grove,754.0,sqft,1845.0,1,1.0,2.0,1999.0,No,2,3,Y,Y,N,6.0,102100.0
Maple Grove,500.0,sqft,1833.0,1,1.0,2.0,1950.0,Yes,5,10,Y,Y,Y,5.0,79300.0
Cedar Falls,1864.0,sqft,2509.0,4,3.0,1.0,2007.0,No,5,7,Y,N,N,,292700.0
Brookhaven,1032.0,sqft,2913.0,2,2.0,1.0,1938.0,No,5,5,Y,N,N,4.0,$138.6K
Sunridge,2485.0,sqft,4377.0,4,2.0,1.0,1930.0,No,3,10,N,Y,N,5.0,207800.0
Sunridge,2218.0,sqft,3803.0,4,3.0,1.0,1950.0,No,3,3,Y,N,N,6.0,$170.2K
Brookhaven,2753.0,sqft,5049.0,4,2.5,2.0,1959.0,Yes,5,5,Y,N,N,6.0,548400.0
Riverside Park,1865.0,sqft,2312.0,3,2.5,1.0,1934.0,No,3,10,N,Y,N,6.0,$292.3K
Riverside Park,2735.0,sqft,10892.0,5,3.5,3.0,1957.0,Yes,4,6,Y,Y,N,7.0,492400.0
Northgate,1573.0,sqft,3557.0,3,2.0,2.0,1972.0,No,1,7,Y,N,N,4.0,$104.7K
Old Mill District,1936.0,sqft,3446.0,3,2.5,2.0,1943.0,Yes,2,10,N,Y,N,5.0,398300.0
Maple Grove,2075.0,sqft,6954.0,2,2.0,2.0,1999.0,No,5,4,Y,N,N,,$350.4K
Riverside Park,500.0,sqft,1965.0,1,1.0,2.5,1952.0,Yes,2,4,Y,N,N,9.0,77400.0
Northgate,1133.0,sqft,1429.0,2,1.5,2.0,1996.0,No,4,8,Y,Y,N,7.0,100100.0
Cedar Falls,1240.0,sqft,4693.0,2,1.5,1.5,1996.0,No,4,5,Y,Y,N,4.0,193700.0
Northgate,2658.0,sqft,7670.0,3,2.0,1.0,1977.0,No,4,6,Y,Y,N,4.0,$235.4K
Brookhaven,2177.0,sqft,2808.0,3,2.5,1.0,1992.0,Yes,2,5,N,Y,N,3.0,423000.0
Riverside Park,2556.0,sqft,7643.0,4,3.5,1.5,2005.0,No,4,5,N,N,N,8.0,503600.0
Sunridge,1736.0,sqft,3375.0,3,2.0,2.5,2019.0,No,3,7,Y,N,N,6.0,$188.5K
Northgate,1608.0,sqft,4752.0,3,2.5,2.0,,No,2,6,N,Y,N,6.0,$109.2K
Northgate,168.5,sqm,4749.0,3,2.0,3.0,1965.0,No,3,6,Y,Y,N,6.0,$135.8K
Brookhaven,217.8,sqm,3821.0,3,2.5,2.5,1962.0,No,2,3,Y,Y,N,7.0,$371.7K
Sunridge,3005.0,sqft,9129.0,5,3.0,2.0,2022.0,No,3,7,Y,Y,N,3.0,323900.0
Harbor Point,1615.0,sqft,2402.0,3,1.5,3.0,1943.0,Yes,3,3,N,N,N,5.0,311000.0
Old Mill District,2504.0,sqft,3276.0,3,3.0,2.0,1975.0,No,3,5,Y,N,N,7.0,514000.0
Harbor Point,2092.0,sqft,3519.0,3,3.0,2.0,1936.0,No,3,5,Y,N,N,5.0,$471.1K
Maple Grove,1905.0,sqft,5522.0,3,2.5,1.0,,No,3,3,Y,N,N,7.0,$219.1K
Brookhaven,2721.0,sqft,3318.0,5,3.5,1.5,2002.0,No,4,6,Y,N,Y,9.0,$673.2K
Harbor Point,2282.0,sqft,4486.0,4,2.5,1.0,1934.0,No,3,9,Y,N,N,5.0,651200.0
Brookhaven,109.9,sqm,3837.0,2,2.5,1.5,2014.0,No,3,10,Y,Y,N,8.0,$305.3K
Brookhaven,3037.0,sqft,8179.0,5,3.5,3.0,2021.0,No,4,4,N,N,N,8.0,676300.0
Old Mill District,212.4,sqm,3264.0,3,2.5,3.0,1983.0,No,5,10,Y,Y,Y,5.0,689800.0
Northgate,2083.0,sqft,4463.0,3,2.5,1.5,1976.0,Yes,3,9,Y,Y,N,9.0,244800.0
Northgate,1388.0,sqft,4473.0,3,2.5,1.0,2002.0,No,5,9,Y,Y,N,7.0,119900.0
Maple Grove,1738.0,sqft,6377.0,2,1.5,1.0,1998.0,Yes,4,10,N,N,N,6.0,282300.0
Old Mill District,1930.0,sqft,7217.0,3,2.5,3.0,2011.0,No,3,6,Y,N,N,5.0,582300.0
Maple Grove,1432.0,sqft,2244.0,2,1.0,3.0,2023.0,No,1,7,Y,N,N,7.0,256800.0
Cedar Falls,2358.0,sqft,9226.0,3,2.5,2.5,,No,5,4,Y,N,N,8.0,$297.9K
Maple Grove,2475.0,sqft,4531.0,4,4.0,2.0,1977.0,Yes,4,3,Y,Y,N,3.0,$337.8K
Harbor Point,2262.0,sqft,6560.0,5,4.0,1.0,2023.0,No,3,3,Y,Y,N,,720600.0
Harbor Point,1328.0,sqft,2979.0,3,1.0,2.0,1933.0,No,2,3,Y,N,N,3.0,$320.7K
Brookhaven,135.0,sqm,2853.0,3,2.5,2.5,1980.0,No,4,9,Y,N,N,10.0,332500.0
Harbor Point,2261.0,sqft,8476.0,3,1.5,2.0,1948.0,No,2,6,Y,Y,N,6.0,522400.0
Sunridge,137.0,sqm,2921.0,3,2.5,2.0,1995.0,No,4,5,Y,Y,N,6.0,$162.2K
Riverside Park,2010.0,sqft,7661.0,3,1.5,2.0,,Yes,2,3,Y,Y,N,4.0,325700.0
Maple Grove,1870.0,sqft,2393.0,2,1.0,2.0,2002.0,No,3,8,Y,N,N,6.0,302900.0
Maple Grove,2357.0,sqft,,4,3.0,1.0,1974.0,Yes,4,6,Y,Y,N,5.0,$383.8K
Maple Grove,2036.0,sqft,4655.0,4,3.0,3.0,1939.0,Yes,5,3,N,N,N,6.0,236200.0
Sunridge,1969.0,sqft,5971.0,3,2.5,2.0,1960.0,No,5,4,Y,N,N,7.0,168000.0
Harbor Point,1638.0,sqft,2332.0,4,2.5,2.0,1930.0,No,3,6,Y,N,N,,385900.0
Harbor Point,2078.0,sqft,5262.0,4,2.5,2.0,2014.0,No,5,7,N,N,N,5.0,559300.0
Riverside Park,2862.0,sqft,6731.0,4,2.0,1.0,1989.0,No,3,7,Y,Y,N,8.0,$533.8K
Northgate,1874.0,sqft,2678.0,1,1.0,1.5,1976.0,No,4,10,N,N,N,8.0,134500.0
Harbor Point,1482.0,sqft,4688.0,2,2.5,2.0,2004.0,No,1,6,Y,Y,N,7.0,$494.1K
Harbor Point,1389.0,sqft,,1,1.0,2.0,2001.0,No,3,8,Y,Y,N,7.0,$466.6K
Harbor Point,317.6,sqm,12679.0,6,4.0,1.0,2009.0,No,4,8,Y,,N,7.0,1346800.0
Riverside Park,155.0,sqm,3029.0,1,1.0,1.0,1935.0,Yes,3,9,N,N,N,8.0,$288.1K
Sunridge,2270.0,sqft,5760.0,3,2.0,1.0,1942.0,No,5,6,Y,Y,N,5.0,$205.2K
Cedar Falls,221.8,sqm,2888.0,4,3.0,2.0,1940.0,No,3,7,Y,N,N,5.0,232200.0
Cedar Falls,1943.0,sqft,5401.0,4,3.0,2.0,1986.0,No,4,10,Y,Y,N,6.0,334800.0
Maple Grove,2279.0,sqft,6496.0,3,2.0,2.0,2007.0,No,3,3,Y,Y,N,5.0,$348.2K
Harbor Point,1675.0,sqft,2482.0,3,2.0,2.0,1950.0,No,4,6,Y,N,N,9.0,$414.7K
Northgate,2524.0,sqft,3312.0,4,3.0,2.5,1964.0,No,4,8,Y,N,N,9.0,212300.0
Sunridge,2260.0,sqft,3454.0,4,3.0,1.0,1970.0,Yes,3,8,Y,Y,N,8.0,$224.2K
Maple Grove,1856.0,sqft,7051.0,2,1.0,1.5,1927.0,No,3,5,Y,N,N,6.0,243100.0
Northgate,794.0,sqft,2067.0,2,1.5,2.0,1931.0,No,4,4,Y,Y,N,5.0,$51.8K
Brookhaven,2078.0,sqft,7092.0,3,1.5,1.0,1942.0,No,2,9,Y,N,N,7.0,315200.0
Old Mill District,757.0,sqft,2483.0,2,1.0,3.0,1947.0,Yes,4,4,N,Y,N,,$174.4K
Old Mill District,260.2,sqm,5144.0,5,4.5,2.0,,No,3,3,N,N,N,5.0,586900.0
Northgate,242.5,sqm,5574.0,4,3.0,2.5,1954.0,No,3,4,N,N,N,,154100.0
Northgate,2644.0,sqft,3339.0,4,2.5,1.0,1949.0,Yes,4,4,Y,N,Y,6.0,$228.6K
Riverside Park,2188.0,sqft,3653.0,3,2.5,1.0,1990.0,Yes,5,8,Y,Y,N,,$486.1K
Harbor Point,189.4,sqm,,3,2.0,2.0,1932.0,Yes,4,8,Y,N,N,4.0,448500.0
Cedar Falls,2359.0,sqft,9103.0,4,3.0,1.0,1982.0,No,4,10,N,N,N,6.0,348300.0
Old Mill District,167.3,sqm,2211.0,2,1.0,2.5,1982.0,Yes,3,5,Y,N,N,7.0,489400.0
Cedar Falls,1706.0,sqft,,4,3.0,2.0,2018.0,No,2,10,Y,N,N,6.0,255800.0
Brookhaven,1498.0,sqft,3129.0,2,1.0,1.0,1946.0,Yes,3,3,Y,Y,N,10.0,$239.2K
Brookhaven,1477.0,sqft,3292.0,2,2.0,1.0,1988.0,No,4,6,Y,N,N,,$327.2K
Maple Grove,1996.0,sqft,6552.0,2,1.0,2.0,1930.0,No,3,4,Y,Y,N,10.0,$239.4K
Sunridge,2020.0,sqft,6942.0,3,2.5,2.0,1948.0,No,3,5,Y,N,N,6.0,154100.0
Cedar Falls,2628.0,sqft,7666.0,5,4.5,1.0,1968.0,No,3,4,Y,N,N,6.0,290400.0
Old Mill District,1581.0,sqft,5253.0,2,1.0,2.0,1984.0,No,4,6,N,N,N,5.0,$328.2K
Harbor Point,1561.0,sqft,5326.0,2,1.5,1.0,1940.0,Yes,2,10,Y,Y,N,6.0,462500.0
Riverside Park,151.6,sqm,2019.0,3,2.5,2.0,2010.0,No,4,7,Y,N,N,6.0,$321.3K
Brookhaven,1422.0,sqft,1964.0,3,2.5,1.5,1937.0,No,2,7,Y,Y,Y,7.0,$227.9K
Brookhaven,231.9,sqm,6417.0,4,2.5,2.0,1992.0,No,3,6,Y,Y,N,10.0,536600.0
Harbor Point,1471.0,sqft,4357.0,3,1.0,2.0,2012.0,No,5,4,Y,Y,N,6.0,$389.1K
Old Mill District,966.0,sqft,3857.0,2,1.0,1.0,1993.0,No,3,6,N,Y,N,,244400.0
Brookhaven,2032.0,sqft,6823.0,4,3.5,1.0,1925.0,No,4,8,Y,N,N,6.0,356400.0
Brookhaven,2164.0,sqft,4826.0,3,2.5,1.0,1996.0,No,3,7,N,N,N,9.0,$381.7K
Harbor Point,1146.0,sqft,3352.0,3,3.5,1.5,1941.0,Yes,4,5,Y,Y,N,,$275.5K
Cedar Falls,1213.0,sqft,4425.0,2,1.0,1.0,1924.0,Yes,4,6,Y,N,N,2.0,$142.1K
Northgate,158.7,sqm,2499.0,2,1.5,1.0,1964.0,No,5,7,Y,Y,N,7.0,141900.0
Brookhaven,1293.0,sqft,2841.0,2,1.0,1.0,1973.0,Yes,4,3,Y,Y,N,5.0,$266.6K
Riverside Park,170.7,sqm,4632.0,3,2.0,2.0,1943.0,No,3,10,N,N,N,5.0,246900.0
Northgate,2721.0,sqft,4120.0,5,3.5,2.0,1998.0,Yes,3,10,N,Y,N,5.0,$276.4K
Northgate,2901.0,sqft,7394.0,3,3.0,2.0,1928.0,No,3,10,Y,N,Y,4.0,$266.5K
Sunridge,2044.0,sqft,2463.0,3,3.0,2.0,1996.0,Yes,2,4,Y,N,N,6.0,$251.2K
Sunridge,196.8,sqm,6288.0,3,2.5,1.0,1946.0,Yes,4,6,Y,N,Y,7.0,$264.6K
Sunridge,140.8,sqm,4704.0,3,1.5,2.5,1969.0,No,5,5,Y,Y,N,2.0,146000.0
Northgate,1942.0,sqft,3851.0,3,3.0,3.0,1926.0,Yes,2,5,Y,Y,N,4.0,155600.0
Sunridge,1692.0,sqft,4354.0,2,1.0,2.0,1938.0,No,4,3,Y,N,N,3.0,119100.0
Harbor Point,1903.0,sqft,6493.0,2,1.5,1.0,2023.0,No,4,3,Y,N,N,5.0,520400.0
Sunridge,1876.0,sqft,6746.0,2,1.0,1.0,1961.0,Yes,4,7,N,Y,N,6.0,209900.0
Brookhaven,2093.0,sqft,6821.0,3,3.0,1.0,1997.0,No,3,6,Y,N,N,3.0,410400.0
Old Mill District,1629.0,sqft,4737.0,3,2.0,2.5,1977.0,No,2,3,Y,N,N,7.0,$380.0K
Riverside Park,79.6,sqm,1229.0,1,1.0,1.0,1994.0,No,3,5,N,Y,N,8.0,130900.0
Brookhaven,1607.0,sqft,2547.0,3,2.5,1.5,1987.0,No,3,10,N,N,N,7.0,332800.0
Riverside Park,616.0,sqft,1627.0,2,1.0,2.5,1975.0,Yes,3,9,Y,N,Y,10.0,$146.2K
Maple Grove,1516.0,sqft,4087.0,3,3.0,2.5,1989.0,No,4,7,Y,N,N,7.0,$233.9K
Riverside Park,838.0,sqft,1269.0,1,1.0,2.0,2005.0,No,3,5,N,N,N,5.0,$103.6K
Brookhaven,2525.0,sqft,8254.0,3,2.0,2.0,,No,4,8,Y,Y,Y,4.0,$598.2K
Riverside Park,1295.0,sqft,4092.0,2,1.5,1.5,1928.0,Yes,2,10,N,N,N,4.0,$177.8K
Cedar Falls,2355.0,sqft,3122.0,2,1.0,1.0,1982.0,No,4,9,N,Y,N,5.0,293300.0
Cedar Falls,1986.0,sqft,3976.0,3,2.5,1.0,1937.0,No,4,7,Y,Y,N,3.0,$217.4K
Northgate,2782.0,sqft,6206.0,4,3.0,1.0,1932.0,No,2,10,Y,Y,N,8.0,222500.0
Riverside Park,2370.0,sqft,,4,2.0,1.0,2009.0,No,3,10,Y,N,N,5.0,$446.3K
Cedar Falls,2604.0,sqft,6118.0,4,2.5,1.5,1952.0,No,3,10,Y,Y,N,7.0,$287.6K
Old Mill District,1187.0,sqft,3077.0,1,1.0,3.0,1980.0,No,5,10,Y,N,Y,7.0,335600.0
Harbor Point,253.5,sqm,4582.0,3,1.5,2.0,1965.0,No,1,7,Y,N,N,,668800.0
Cedar Falls,1163.0,sqft,,2,1.0,1.0,1946.0,No,1,9,Y,N,N,10.0,143600.0
Harbor Point,1856.0,sqft,4562.0,4,3.5,2.0,1947.0,Yes,4,7,N,Y,N,8.0,518700.0
Riverside Park,2492.0,sqft,3952.0,3,2.5,2.0,1974.0,No,4,6,Y,Y,N,,384100.0
Riverside Park,1768.0,sqft,5472.0,2,2.0,2.0,1950.0,No,4,4,N,Y,N,5.0,248000.0
Maple Grove,1560.0,sqft,4032.0,2,1.0,2.5,2006.0,No,4,5,Y,N,N,3.0,$245.6K
Old Mill District,658.0,sqft,1039.0,1,1.0,1.0,1940.0,No,3,6,Y,N,N,8.0,123900.0
Maple Grove,1711.0,sqft,4916.0,2,1.5,1.0,1953.0,Yes,5,9,Y,N,N,6.0,239400.0
Northgate,2949.0,sqft,11524.0,5,4.5,3.0,1972.0,Yes,4,7,Y,Y,N,4.0,$253.5K
Maple Grove,1901.0,sqft,3880.0,4,3.0,2.5,1956.0,No,4,6,Y,Y,N,7.0,226200.0
Old Mill District,1680.0,sqft,3272.0,3,3.0,2.0,1959.0,Yes,5,10,N,N,N,8.0,$452.9K
Brookhaven,500.0,sqft,1845.0,1,1.0,2.0,1943.0,Yes,4,5,Y,N,N,6.0,$81.3K
Brookhaven,2241.0,sqft,2788.0,1,1.0,1.0,1954.0,No,3,3,Y,N,N,6.0,342000.0
Maple Grove,1172.0,sqft,3388.0,2,2.0,1.0,1921.0,Yes,4,5,Y,Y,N,6.0,$152.6K
Brookhaven,1875.0,sqft,5573.0,2,2.0,2.0,1986.0,No,4,7,Y,N,N,5.0,412600.0
Harbor Point,170.8,sqm,5535.0,2,1.5,1.0,2001.0,No,3,9,Y,Y,N,6.0,$590.4K
Harbor Point,2472.0,sqft,9246.0,4,3.5,2.0,1930.0,No,3,5,Y,N,N,6.0,541100.0
Old Mill District,1192.0,sqft,3591.0,1,1.0,2.5,1966.0,No,5,4,Y,N,N,6.0,261500.0
Old Mill District,1872.0,sqft,5660.0,3,2.5,2.0,1939.0,No,4,10,Y,N,Y,5.0,391000.0
Northgate,2212.0,sqft,4376.0,2,1.5,2.5,1942.0,No,4,7,Y,Y,N,6.0,$165.6K
Riverside Park,2098.0,sqft,2997.0,2,1.5,2.5,1936.0,No,1,9,Y,Y,N,3.0,$304.4K
Brookhaven,2349.0,sqft,7933.0,5,4.5,2.0,1947.0,No,4,8,Y,Y,N,7.0,$469.5K
Maple Grove,2194.0,sqft,7584.0,3,2.5,2.5,1968.0,No,4,10,Y,N,Y,6.0,$348.2K
Brookhaven,1809.0,sqft,5426.0,2,1.0,1.0,1985.0,Yes,2,3,Y,N,N,7.0,$379.1K
Maple Grove,2838.0,sqft,10526.0,5,4.0,1.0,1963.0,Yes,3,5,Y,N,N,6.0,$395.6K
Old Mill District,1497.0,sqft,4421.0,3,3.0,1.0,1946.0,No,2,6,Y,N,N,,303300.0
Cedar Falls,2593.0,sqft,,3,3.5,1.0,1958.0,Yes,4,7,Y,Y,N,5.0,315800.0
Harbor Point,2091.0,sqft,7453.0,3,2.5,1.0,1923.0,No,3,10,N,N,Y,4.0,$560.3K
Old Mill District,1414.0,sqft,4048.0,1,1.0,1.5,1985.0,No,3,6,N,Y,N,6.0,$364.8K
Northgate,2094.0,sqft,4716.0,3,2.5,2.5,1955.0,No,5,8,Y,Y,N,3.0,$167.7K
Old Mill District,2939.0,sqft,6520.0,3,3.0,1.0,1998.0,No,5,4,N,N,N,5.0,659700.0
Northgate,1556.0,sqft,2611.0,2,1.0,2.0,2018.0,No,3,5,N,Y,N,,$137.7K
Sunridge,176.7,sqm,6326.0,2,1.0,1.0,2005.0,No,4,10,Y,Y,N,4.0,$220.5K
Riverside Park,117.8,sqm,4884.0,2,1.0,3.0,1992.0,No,1,7,Y,Y,N,7.0,$252.9K
Old Mill District,1043.0,sqft,,1,1.0,2.0,2007.0,No,4,10,N,Y,N,5.0,319000.0
Old Mill District,2275.0,sqft,5714.0,3,2.5,1.0,1967.0,No,4,4,Y,N,N,5.0,$505.1K
Cedar Falls,234.8,sqm,5522.0,4,2.5,1.0,1972.0,No,4,8,N,N,Y,9.0,351800.0
Brookhaven,500.0,sqft,1764.0,1,1.0,2.0,1920.0,No,3,4,N,Y,N,7.0,$77.1K
Maple Grove,2478.0,sqft,4671.0,5,4.5,1.0,1928.0,No,5,4,Y,N,Y,10.0,317700.0
Maple Grove,48.0,sqm,1972.0,1,1.0,1.0,2001.0,Yes,4,4,N,Y,N,4.0,$80.5K
Riverside Park,2452.0,sqft,6890.0,4,3.0,2.0,1994.0,No,2,3,N,N,N,4.0,$297.8K
Old Mill District,153.7,sqm,3152.0,2,1.5,1.0,2007.0,No,2,5,Y,N,N,,$364.7K
Maple Grove,1512.0,sqft,2550.0,3,2.5,2.0,2002.0,No,4,7,N,N,N,6.0,196400.0
Sunridge,1965.0,sqft,2812.0,3,1.5,2.0,1943.0,No,3,9,Y,Y,N,7.0,$169.2K
Harbor Point,2409.0,sqft,6039.0,4,3.5,1.0,1930.0,Yes,3,3,Y,N,N,7.0,$593.3K
Northgate,2638.0,sqft,7581.0,5,4.5,2.0,1971.0,No,5,5,Y,Y,N,,$219.2K
Riverside Park,1015.0,sqft,2805.0,2,1.0,1.0,1996.0,Yes,3,5,Y,N,N,5.0,$180.4K
Cedar Falls,2789.0,sqft,3427.0,5,4.0,1.0,1945.0,No,4,6,Y,N,N,6.0,284300.0
Old Mill District,1408.0,sqft,1845.0,2,1.5,2.0,1954.0,Yes,2,4,Y,N,N,7.0,$300.5K
Brookhaven,2604.0,sqft,7132.0,3,2.5,1.0,2023.0,No,5,4,N,N,N,4.0,$580.7K
Northgate,2022.0,sqft,,3,2.0,2.0,2008.0,No,4,8,Y,N,N,5.0,231300.0
Maple Grove,500.0,sqft,800.0,1,1.0,3.0,1997.0,No,5,3,Y,Y,N,4.0,60000.0
Cedar Falls,500.0,sqft,1081.0,1,1.0,2.5,1979.0,No,1,6,Y,Y,N,5.0,$52.6K
Riverside Park,1620.0,sqft,3414.0,3,3.0,2.0,1966.0,No,3,4,Y,Y,N,6.0,$229.8K
Harbor Point,2097.0,sqft,6151.0,4,3.0,1.0,1921.0,No,4,8,Y,N,N,6.0,493300.0
Brookhaven,2624.0,sqft,6795.0,5,4.0,1.0,1952.0,No,3,7,Y,N,Y,,$509.5K
Riverside Park,3144.0,sqft,12057.0,5,3.5,3.0,1960.0,No,1,9,Y,N,N,5.0,452900.0
Riverside Park,1318.0,sqft,5065.0,1,1.0,2.0,2014.0,No,3,7,Y,Y,N,4.0,$248.3K
Harbor Point,2375.0,sqft,8437.0,4,4.0,2.0,1978.0,No,3,4,Y,Y,N,5.0,664700.0
Brookhaven,913.0,sqft,1366.0,1,1.0,1.0,2005.0,No,2,10,N,N,N,,175300.0
Brookhaven,1304.0,sqft,3921.0,1,1.0,1.0,1994.0,No,3,4,Y,Y,N,7.0,316700.0
Harbor Point,2213.0,sqft,2845.0,3,2.0,2.0,2009.0,No,3,3,Y,N,N,4.0,611700.0
Harbor Point,246.2,sqm,8531.0,4,3.0,1.5,1971.0,No,3,4,Y,N,N,6.0,691800.0
Old Mill District,1187.0,sqft,2822.0,2,1.0,2.0,1955.0,No,4,3,N,N,N,4.0,$190.8K
Northgate,1571.0,sqft,2255.0,2,2.0,2.0,1922.0,No,4,5,Y,Y,Y,8.0,$148.6K
Riverside Park,169.4,sqm,3317.0,3,3.0,2.0,1992.0,No,3,10,N,N,N,7.0,$327.0K
Brookhaven,2356.0,sqft,6861.0,2,1.5,2.0,1973.0,Yes,3,6,Y,N,N,7.0,437000.0
Harbor Point,2725.0,sqft,6641.0,6,3.5,2.0,1995.0,Yes,1,7,Y,N,N,6.0,731300.0
Brookhaven,2487.0,sqft,8686.0,4,3.5,1.0,1941.0,No,3,6,Y,Y,N,3.0,$337.8K
Cedar Falls,1565.0,sqft,3299.0,3,2.0,2.5,1932.0,No,3,7,Y,N,N,9.0,$179.9K
Harbor Point,763.0,sqft,2296.0,1,1.5,2.0,2017.0,No,2,9,Y,Y,N,5.0,257000.0
Maple Grove,1416.0,sqft,5077.0,3,2.0,2.0,1958.0,No,2,3,Y,Y,N,5.0,$181.6K
Maple Grove,215.8,sqm,8702.0,4,3.5,2.0,1952.0,No,3,10,Y,N,N,8.0,293500.0
Harbor Point,2771.0,sqft,3658.0,2,2.0,1.0,1957.0,No,4,3,N,Y,N,8.0,759200.0
Riverside Park,2426.0,sqft,8441.0,5,4.0,2.0,1994.0,No,4,8,Y,Y,N,5.0,458200.0
Old Mill District,904.0,sqft,2613.0,2,1.0,1.0,2004.0,No,4,6,Y,N,N,8.0,$219.5K
Old Mill District,1551.0,sqft,4959.0,2,1.5,1.0,1931.0,No,5,8,Y,Y,N,2.0,$306.5K
Harbor Point,136.4,sqm,5091.0,2,1.5,1.5,,No,5,10,Y,N,N,9.0,433000.0
Maple Grove,1535.0,sqft,4686.0,3,2.5,1.5,1987.0,No,3,5,N,N,N,7.0,$200.9K
Riverside Park,1794.0,sqft,3072.0,3,3.0,2.0,1970.0,No,2,3,N,N,N,5.0,277900.0
Riverside Park,1873.0,sqft,6437.0,2,2.0,3.0,1930.0,Yes,5,8,N,N,N,2.0,$277.6K
Old Mill District,1390.0,sqft,2041.0,1,1.0,1.5,1986.0,No,3,6,N,N,N,7.0,313500.0
Brookhaven,65.5,sqm,2320.0,2,1.0,2.5,2013.0,No,3,3,Y,N,N,9.0,$173.0K
Old Mill District,1025.0,sqft,1969.0,1,1.0,1.0,2011.0,No,2,4,Y,Y,N,5.0,270500.0
Sunridge,610.0,sqft,1949.0,2,1.5,2.0,2017.0,No,4,3,Y,N,N,5.0,75600.0
Cedar Falls,2532.0,sqft,4898.0,4,3.5,2.0,2002.0,No,5,5,N,N,N,6.0,344000.0
Cedar Falls,208.7,sqm,5850.0,2,1.5,1.0,1958.0,No,4,7,Y,N,N,4.0,$219.4K
Old Mill District,1713.0,sqft,5643.0,2,3.0,1.5,1968.0,No,3,5,Y,N,Y,5.0,398500.0
Cedar Falls,1681.0,sqft,5634.0,2,1.5,1.0,2016.0,No,2,6,Y,Y,N,5.0,$210.4K
Northgate,2345.0,sqft,7397.0,3,2.0,1.0,,No,5,8,Y,Y,N,6.0,$215.8K
Riverside Park,1873.0,sqft,3447.0,3,2.0,2.5,1939.0,No,4,3,N,N,N,9.0,285700.0
Riverside Park,2695.0,sqft,6912.0,5,3.5,2.0,1980.0,Yes,1,5,Y,Y,N,6.0,$477.1K
Sunridge,1873.0,sqft,5016.0,2,2.0,1.0,1954.0,No,4,5,N,N,N,5.0,164300.0
Old Mill District,2354.0,sqft,3184.0,3,2.5,1.0,1968.0,Yes,5,10,N,N,N,6.0,$484.2K
Cedar Falls,2611.0,sqft,5816.0,4,3.0,2.0,1933.0,No,3,10,N,N,N,6.0,266800.0
Brookhaven,2186.0,sqft,4912.0,3,2.0,1.0,1984.0,No,4,7,Y,Y,Y,9.0,$574.3K
Brookhaven,1374.0,sqft,4866.0,1,2.0,1.0,1941.0,No,5,9,Y,N,N,2.0,$211.1K
Maple Grove,173.9,sqm,4769.0,3,3.0,2.0,1954.0,No,4,7,N,Y,N,5.0,224700.0
Sunridge,1234.0,sqft,3372.0,2,1.0,1.0,1932.0,No,1,9,N,N,N,6.0,$103.6K
Cedar Falls,1430.0,sqft,4846.0,2,2.0,2.0,1976.0,No,2,4,Y,Y,N,2.0,151700.0
Riverside Park,2716.0,sqft,9242.0,5,4.0,1.0,1950.0,No,3,8,Y,Y,N,7.0,$469.3K
Maple Grove,690.0,sqft,904.0,1,1.0,2.0,1975.0,No,4,5,Y,N,N,4.0,79600.0
Harbor Point,129.1,sqm,5512.0,2,1.5,1.0,1963.0,No,3,7,Y,N,N,7.0,$413.4K
Brookhaven,2270.0,sqft,3025.0,5,5.0,2.5,1944.0,No,1,8,Y,N,N,3.0,357900.0
Old Mill District,2142.0,sqft,6890.0,4,2.5,2.0,1959.0,No,4,9,Y,Y,Y,6.0,573200.0
Northgate,2290.0,sqft,3467.0,4,3.0,3.0,1953.0,No,5,9,Y,,N,8.0,209200.0
Harbor Point,217.2,sqm,4422.0,4,3.0,1.0,2001.0,No,2,3,Y,N,N,6.0,513300.0
Maple Grove,2934.0,sqft,11184.0,5,4.0,2.0,1956.0,No,5,4,N,Y,N,7.0,$409.6K
Sunridge,964.0,sqft,2783.0,2,1.5,3.0,1954.0,Yes,4,10,Y,Y,N,6.0,$109.8K
Old Mill District,1201.0,sqft,2849.0,2,1.5,2.5,1959.0,No,5,4,Y,Y,N,8.0,$283.3K
Old Mill District,1525.0,sqft,3890.0,2,2.0,3.0,,No,3,9,N,N,N,6.0,$332.1K
Old Mill District,2570.0,sqft,4519.0,4,3.0,1.0,1997.0,Yes,4,6,N,N,N,4.0,$627.0K
Maple Grove,2441.0,sqft,3179.0,4,2.5,1.0,1978.0,No,3,9,N,Y,N,6.0,277300.0
Sunridge,1357.0,sqft,4858.0,2,2.5,1.0,1949.0,No,5,9,Y,N,N,6.0,127400.0
Brookhaven,2478.0,sqft,6617.0,4,3.5,1.0,1986.0,No,3,9,N,N,N,5.0,$480.7K
Maple Grove,2555.0,sqft,4018.0,3,1.5,1.5,2013.0,No,5,7,Y,N,N,3.0,$451.7K
Northgate,1844.0,sqft,5866.0,4,2.5,2.0,1964.0,Yes,5,3,Y,N,N,9.0,$166.2K
Cedar Falls,2441.0,sqft,9271.0,3,2.5,1.0,1992.0,No,2,7,Y,N,N,6.0,367400.0
Sunridge,2137.0,sqft,4073.0,2,1.5,1.0,1993.0,No,3,3,N,N,N,2.0,$190.0K
Harbor Point,151.1,sqm,6083.0,2,1.0,2.0,1934.0,No,2,10,Y,Y,N,7.0,$444.9K
Old Mill District,198.4,sqm,6128.0,2,1.5,2.0,1982.0,No,2,7,Y,N,N,2.0,$489.9K
Harbor Point,950.0,sqft,3026.0,2,1.0,2.0,2011.0,No,5,4,N,Y,N,9.0,304800.0
Sunridge,941.0,sqft,1926.0,1,1.0,1.0,2015.0,No,4,5,Y,N,N,5.0,98900.0
Maple Grove,2141.0,sqft,6963.0,4,3.0,1.5,2000.0,No,2,3,Y,Y,N,8.0,$343.5K
Cedar Falls,2202.0,sqft,4314.0,3,2.0,1.0,1950.0,No,3,8,Y,,N,8.0,287800.0
Northgate,46.7,sqm,800.0,1,1.0,2.0,1927.0,No,3,7,Y,Y,Y,3.0,45000
Cedar Falls,1428.0,sqft,3394.0,2,1.5,2.0,1994.0,No,4,5,Y,Y,N,6.0,195800.0
Brookhaven,1684.0,sqft,5308.0,3,2.0,1.5,1940.0,No,2,8,N,N,N,5.0,$279.2K
Northgate,1714.0,sqft,6752.0,2,1.0,2.0,1999.0,No,3,7,Y,N,N,3.0,$166.6K
Harbor Point,82.9,sqm,1542.0,1,1.5,1.0,1977.0,Yes,2,9,Y,N,N,7.0,283800.0
Northgate,2122.0,sqft,3022.0,4,2.0,1.5,1949.0,Yes,3,10,Y,Y,N,4.0,$199.1K
Brookhaven,1436.0,sqft,3135.0,2,1.0,2.0,1984.0,No,4,10,N,Y,N,8.0,$289.7K
Riverside Park,1893.0,sqft,4748.0,2,1.0,1.0,2002.0,No,5,8,Y,Y,N,,$360.4K
Old Mill District,2431.0,sqft,4360.0,4,3.0,1.0,1973.0,No,4,3,Y,Y,N,7.0,560200.0
Brookhaven,2102.0,sqft,4043.0,3,1.5,2.0,1972.0,Yes,2,3,Y,N,N,5.0,464700.0
Northgate,254.9,sqm,5676.0,4,3.5,2.0,1966.0,No,3,9,Y,N,N,8.0,283600.0
Riverside Park,1762.0,sqft,3504.0,2,1.5,2.0,2019.0,No,3,9,Y,N,Y,6.0,$335.6K
Riverside Park,1837.0,sqft,3665.0,3,3.0,1.5,1970.0,Yes,2,8,Y,N,N,,$345.8K
Harbor Point,644.0,sqft,2454.0,2,1.0,2.0,2023.0,No,2,7,Y,N,N,5.0,$186.8K
Northgate,1188.0,sqft,4096.0,2,1.5,2.0,1957.0,No,3,8,Y,Y,N,5.0,$102.7K
Northgate,1462.0,sqft,4429.0,3,2.5,1.0,1948.0,Yes,3,5,Y,N,N,7.0,$135.4K
Harbor Point,1215.0,sqft,2907.0,3,1.5,1.0,1952.0,No,3,5,Y,Y,N,5.0,$291.3K
Northgate,307.1,sqm,9377.0,5,3.5,3.0,1927.0,No,3,7,N,N,N,5.0,202700.0
Harbor Point,100.6,sqm,3807.0,2,1.5,1.0,1996.0,Yes,4,5,N,Y,Y,7.0,365800.0
Maple Grove,2500.0,sqft,8371.0,4,2.5,2.0,1971.0,No,3,7,N,N,N,9.0,$282.0K
Northgate,1677.0,sqft,4951.0,2,2.0,1.0,2016.0,No,5,5,Y,N,Y,6.0,$202.9K
Harbor Point,2293.0,sqft,6568.0,3,3.0,1.5,1922.0,No,2,6,Y,Y,N,5.0,$658.7K
Sunridge,2013.0,sqft,6487.0,4,1.5,1.0,1944.0,No,2,4,N,Y,N,7.0,181700.0
Riverside Park,999.0,sqft,2985.0,1,1.5,1.0,1982.0,No,3,8,N,Y,N,2.0,$139.2K
Cedar Falls,178.8,sqm,6527.0,3,2.5,2.0,1955.0,Yes,4,9,Y,N,N,5.0,$300.4K
Old Mill District,113.2,sqm,3982.0,2,2.0,1.0,2008.0,No,3,7,Y,N,N,7.0,331000.0
Brookhaven,1724.0,sqft,2426.0,3,1.0,2.5,1936.0,No,2,9,N,N,N,9.0,$315.4K
Northgate,1153.0,sqft,3244.0,2,2.0,1.0,1933.0,No,4,5,Y,N,N,5.0,$91.7K
Sunridge,1138.0,sqft,2966.0,3,2.0,1.0,1934.0,No,1,8,Y,,N,3.0,$84.6K
Sunridge,949.0,sqft,3250.0,1,1.0,2.0,1964.0,No,5,5,Y,Y,N,7.0,$80.3K
Cedar Falls,2026.0,sqft,,3,2.5,2.0,2022.0,No,3,4,N,N,N,6.0,294900.0
Riverside Park,2153.0,sqft,3012.0,3,2.5,3.0,2016.0,No,4,4,Y,Y,N,6.0,$386.1K
Sunridge,1285.0,sqft,4244.0,2,1.0,2.0,1933.0,No,3,3,Y,N,N,5.0,102200.0
Harbor Point,1629.0,sqft,2240.0,3,2.0,2.0,2006.0,No,3,4,Y,Y,N,2.0,414800.0
Sunridge,1246.0,sqft,1792.0,2,1.0,2.0,1965.0,Yes,1,4,Y,N,N,10.0,$111.4K
Harbor Point,2676.0,sqft,4743.0,4,3.5,2.0,2021.0,No,1,5,Y,N,N,4.0,$837.1K
Brookhaven,500.0,sqft,1371.0,1,1.0,2.0,1965.0,No,5,4,Y,Y,N,,$92.8K
Brookhaven,2028.0,sqft,4064.0,3,2.0,1.0,1959.0,Yes,4,8,Y,N,N,,449000.0
Old Mill District,192.6,sqm,3840.0,3,2.5,2.5,1986.0,Yes,4,3,Y,Y,N,5.0,534500.0
Harbor Point,911.0,sqft,1682.0,2,2.0,3.0,1976.0,No,5,10,Y,Y,N,5.0,233700.0
Old Mill District,185.5,sqm,6630.0,3,2.5,2.5,1955.0,No,4,3,N,Y,N,8.0,$444.4K
Harbor Point,135.3,sqm,1838.0,2,2.0,2.0,1956.0,No,4,6,N,Y,N,2.0,$309.3K
Cedar Falls,85.7,sqm,1136.0,1,1.5,2.0,2005.0,No,3,3,Y,Y,N,3.0,113000.0
Cedar Falls,506.0,sqft,1210.0,1,1.0,2.0,2000.0,No,4,7,N,N,N,6.0,67100.0
Cedar Falls,2779.0,sqft,6984.0,3,2.0,1.0,1930.0,No,2,10,Y,Y,N,4.0,338300.0
Sunridge,78.6,sqm,1712.0,1,1.0,2.0,1990.0,No,3,5,Y,N,N,5.0,$93.3K
Sunridge,1707.0,sqft,4105.0,1,1.0,1.0,1952.0,No,3,8,Y,N,N,6.0,$134.0K
Cedar Falls,1542.0,sqft,4852.0,3,2.5,2.5,2013.0,No,4,8,Y,Y,N,7.0,269100.0
Harbor Point,1283.0,sqft,,2,1.5,2.0,1982.0,Yes,3,3,Y,,N,4.0,$353.9K
Sunridge,1716.0,sqft,5451.0,2,2.5,2.0,1947.0,Yes,2,5,N,N,N,4.0,118600.0
Cedar Falls,2286.0,sqft,6569.0,3,3.0,1.0,1925.0,Yes,4,3,N,N,N,7.0,$276.2K
Sunridge,1413.0,sqft,4269.0,3,2.0,3.0,1924.0,Yes,3,8,Y,N,N,7.0,$131.1K
Riverside Park,199.0,sqm,5053.0,4,3.0,1.0,1923.0,No,4,3,N,N,Y,5.0,$282.4K
Harbor Point,2859.0,sqft,5934.0,5,3.5,1.5,2023.0,No,5,10,Y,N,N,5.0,881300.0
Cedar Falls,2186.0,sqft,6402.0,3,2.0,2.0,2016.0,No,4,7,Y,Y,N,4.0,$339.1K
Brookhaven,1539.0,sqft,2076.0,2,1.5,1.0,2008.0,No,4,3,Y,N,N,6.0,$288.6K
Old Mill District,991.0,sqft,3391.0,1,1.0,2.0,1955.0,No,4,8,Y,N,N,6.0,$232.9K
Maple Grove,1420.0,sqft,3926.0,2,1.5,2.5,2015.0,No,2,10,Y,Y,N,6.0,243000.0
Maple Grove,1385.0,sqft,3389.0,2,2.0,2.0,2014.0,No,4,10,N,N,N,5.0,230500.0
Harbor Point,1755.0,sqft,3851.0,3,2.0,2.0,1935.0,No,3,8,N,N,N,4.0,363600.0
Northgate,1949.0,sqft,2995.0,2,1.5,2.5,1921.0,Yes,3,9,N,N,N,7.0,139000.0
Riverside Park,512.0,sqft,1935.0,1,1.0,1.0,1990.0,No,2,3,Y,Y,N,6.0,91100.0
Old Mill District,1526.0,sqft,5699.0,3,2.0,2.5,1933.0,No,4,3,N,Y,N,5.0,312800.0
Maple Grove,2437.0,sqft,9600.0,6,4.0,1.0,1958.0,Yes,5,10,Y,N,N,9.0,$330.2K
Maple Grove,1510.0,sqft,3317.0,2,1.0,2.0,1999.0,No,3,5,Y,Y,N,10.0,$207.3K
Old Mill District,1208.0,sqft,3717.0,1,1.0,2.5,1946.0,No,2,10,Y,N,N,5.0,214500.0
Cedar Falls,1926.0,sqft,6172.0,3,2.0,1.0,1962.0,Yes,5,8,Y,N,N,5.0,273300.0
Old Mill District,1819.0,sqft,3503.0,3,3.0,1.0,1936.0,No,2,9,N,N,N,,314600.0
Brookhaven,2125.0,sqft,4148.0,4,3.5,1.0,1928.0,No,3,4,Y,Y,N,,$307.0K
Harbor Point,566.0,sqft,2048.0,1,1.0,1.0,1996.0,No,4,5,Y,Y,N,2.0,$138.6K
Harbor Point,1309.0,sqft,3596.0,3,3.0,3.0,1985.0,Yes,3,10,Y,N,N,6.0,426200.0
Sunridge,192.7,sqm,8245.0,3,3.0,1.0,1939.0,No,4,7,Y,,N,6.0,227700.0
Northgate,2095.0,sqft,7129.0,2,2.0,3.0,1920.0,No,3,8,Y,Y,N,2.0,165800.0
Maple Grove,1693.0,sqft,5277.0,3,1.5,2.0,2007.0,No,2,7,Y,Y,N,8.0,$244.0K
Brookhaven,2185.0,sqft,4080.0,2,2.0,2.0,1968.0,No,3,7,Y,N,N,6.0,368800.0
Brookhaven,2071.0,sqft,4914.0,4,3.0,1.5,1952.0,No,1,10,Y,N,N,8.0,$358.4K
Old Mill District,1576.0,sqft,2782.0,2,1.5,1.0,1926.0,No,4,5,Y,Y,N,8.0,311100.0
Brookhaven,2852.0,sqft,8295.0,5,4.0,1.0,1975.0,No,4,7,Y,Y,N,7.0,$618.8K
Cedar Falls,1776.0,sqft,2770.0,4,2.5,1.0,1961.0,Yes,4,7,Y,Y,N,5.0,$212.5K
Northgate,2362.0,sqft,5383.0,4,2.5,1.0,1973.0,No,4,3,Y,N,N,7.0,$171.7K
Old Mill District,929.0,sqft,1240.0,1,1.5,1.5,1989.0,No,1,3,Y,N,N,5.0,204700.0
Sunridge,500.0,sqft,800.0,1,1.0,1.0,1959.0,No,2,10,Y,Y,N,3.0,45000
Maple Grove,907.0,sqft,1967.0,1,1.5,2.0,1949.0,No,2,5,Y,N,N,6.0,108300.0
Maple Grove,1623.0,sqft,6413.0,2,1.5,2.0,2012.0,No,2,10,Y,Y,Y,7.0,349100.0
Northgate,2726.0,sqft,8463.0,5,4.0,2.5,1947.0,Yes,3,3,N,Y,Y,4.0,$207.5K
Sunridge,1446.0,sqft,1787.0,2,2.0,2.5,1927.0,No,4,3,Y,N,N,4.0,104300.0
Sunridge,1774.0,sqft,4670.0,2,1.5,1.5,2012.0,No,4,4,N,Y,N,4.0,167100.0
Brookhaven,2361.0,sqft,5491.0,4,2.0,1.0,2010.0,No,2,5,N,N,N,8.0,467100.0
Brookhaven,1999.0,sqft,3979.0,3,1.5,2.0,2008.0,No,3,3,N,Y,N,4.0,$439.2K
Sunridge,2039.0,sqft,6293.0,3,2.5,1.0,1998.0,No,4,10,N,N,N,8.0,217800.0
Riverside Park,1893.0,sqft,,3,2.5,2.0,1971.0,Yes,5,10,N,N,N,6.0,$351.6K
Maple Grove,2806.0,sqft,4844.0,5,4.5,1.0,1934.0,No,5,10,N,N,N,3.0,$278.0K
Harbor Point,936.0,sqft,1816.0,2,1.5,2.0,1970.0,Yes,5,3,Y,N,N,4.0,$242.6K
Harbor Point,2504.0,sqft,8599.0,4,2.5,1.5,1933.0,No,3,6,Y,N,N,8.0,584400.0
Harbor Point,1668.0,sqft,6452.0,3,2.5,2.5,2003.0,No,3,7,Y,Y,N,6.0,538300.0
Maple Grove,2228.0,sqft,3686.0,3,2.0,2.0,1994.0,No,3,10,Y,N,N,6.0,383200.0
Sunridge,3167.0,sqft,12197.0,5,3.5,1.5,2013.0,No,5,9,N,N,N,6.0,$371.8K
Riverside Park,1205.0,sqft,3062.0,2,1.0,1.0,1958.0,Yes,2,6,N,Y,N,,$191.8K
Sunridge,1391.0,sqft,2450.0,2,1.5,1.0,1995.0,No,5,3,Y,N,N,10.0,154500.0
Brookhaven,2023.0,sqft,5538.0,3,2.5,2.0,2009.0,No,3,8,Y,N,N,4.0,$482.8K
Brookhaven,1938.0,sqft,2748.0,2,1.0,3.0,1951.0,No,2,10,Y,N,N,6.0,300800.0
Brookhaven,1395.0,sqft,4336.0,2,1.5,1.0,1962.0,No,5,7,Y,N,N,6.0,236800.0
Harbor Point,970.0,sqft,1816.0,2,1.0,2.0,1983.0,No,3,9,N,Y,N,7.0,$292.5K
Northgate,2596.0,sqft,7492.0,4,2.5,1.0,1956.0,No,3,8,Y,N,N,7.0,$213.4K
Harbor Point,1782.0,sqft,6216.0,3,2.5,2.5,1935.0,No,4,8,Y,N,N,6.0,408200.0
Northgate,2625.0,sqft,5732.0,4,3.5,1.0,1987.0,Yes,3,3,Y,Y,N,5.0,227600.0
Cedar Falls,1527.0,sqft,2096.0,3,2.5,2.0,2007.0,No,3,3,Y,N,N,7.0,$234.6K
Maple Grove,3127.0,sqft,12034.0,3,3.5,2.0,2002.0,No,4,5,Y,,N,7.0,$479.8K
Harbor Point,967.0,sqft,3358.0,1,1.0,1.0,1956.0,No,3,7,Y,Y,N,,$259.1K
Harbor Point,1353.0,sqft,3379.0,2,2.5,1.5,2011.0,No,4,6,Y,N,N,8.0,429100.0
Cedar Falls,2766.0,sqft,,4,3.5,1.0,1985.0,No,5,7,Y,N,Y,8.0,$382.6K
Harbor Point,2955.0,sqft,9684.0,5,4.0,2.0,1964.0,No,5,10,N,,Y,8.0,$896.6K
Maple Grove,2080.0,sqft,8148.0,3,2.5,1.0,1974.0,No,4,8,Y,N,N,6.0,$308.5K
Sunridge,1211.0,sqft,1701.0,3,2.0,1.0,1951.0,No,5,8,Y,Y,N,4.0,$114.8K
Cedar Falls,500.0,sqft,1977.0,1,1.0,2.0,2022.0,Yes,4,10,Y,Y,N,8.0,$109.9K
Harbor Point,2018.0,sqft,6317.0,3,2.5,2.0,2000.0,No,3,7,Y,Y,N,5.0,$675.5K
Cedar Falls,2662.0,sqft,6172.0,4,3.0,1.5,1924.0,No,4,3,N,N,N,6.0,$259.1K
Maple Grove,1673.0,sqft,4875.0,2,2.5,1.5,1928.0,Yes,4,5,Y,N,N,8.0,243800.0
Cedar Falls,2142.0,sqft,2985.0,3,2.5,1.5,1950.0,No,4,5,N,Y,N,8.0,$233.0K
Cedar Falls,2142.0,sqft,5607.0,2,1.5,2.0,2012.0,No,3,10,Y,N,N,5.0,$321.9K
Harbor Point,3144.0,sqft,7412.0,4,2.5,1.0,2020.0,No,4,9,Y,Y,N,7.0,1165400.0
Maple Grove,3248.0,sqft,9847.0,5,3.5,2.5,2019.0,No,3,5,N,N,N,10.0,475100.0
Cedar Falls,2728.0,sqft,7176.0,4,3.5,1.0,1996.0,No,2,9,Y,Y,N,5.0,$350.9K
Old Mill District,2453.0,sqft,7071.0,4,2.5,3.0,1930.0,No,4,8,Y,N,N,,505300.0
Maple Grove,139.5,sqm,2247.0,3,2.0,1.0,1930.0,No,2,10,N,Y,N,7.0,$192.7K
Harbor Point,1218.0,sqft,1910.0,2,2.0,1.0,1972.0,No,5,5,Y,Y,N,4.0,321200.0
Riverside Park,181.7,sqm,6830.0,3,2.0,1.0,1972.0,Yes,5,3,Y,N,N,6.0,406300.0
Riverside Park,1754.0,sqft,6896.0,3,3.0,2.5,2013.0,No,2,3,Y,Y,Y,7.0,353600.0
Northgate,1105.0,sqft,1493.0,3,2.0,1.0,2006.0,No,4,5,Y,N,N,8.0,122200.0
Sunridge,1267.0,sqft,4886.0,1,1.0,1.0,1929.0,No,5,8,Y,Y,N,9.0,$137.0K
Riverside Park,2690.0,sqft,7365.0,3,1.5,1.0,1953.0,No,4,8,Y,N,N,7.0,$460.2K
Cedar Falls,1274.0,sqft,2355.0,1,2.0,1.0,1930.0,No,2,10,Y,Y,N,7.0,138600.0
Sunridge,500.0,sqft,921.0,1,1.0,1.0,2010.0,No,4,5,Y,Y,Y,5.0,$59.0K
Cedar Falls,2502.0,sqft,5588.0,3,2.0,3.0,1960.0,Yes,4,10,Y,Y,N,6.0,363000.0
Sunridge,500.0,sqft,1225.0,2,2.5,3.0,1984.0,No,4,7,N,N,N,5.0,$50.3K
Old Mill District,1820.0,sqft,3628.0,2,1.0,1.0,1963.0,No,3,3,Y,N,N,5.0,$397.7K
Riverside Park,1666.0,sqft,5786.0,3,2.0,1.0,1947.0,No,4,6,N,N,N,8.0,$225.5K
Sunridge,1145.0,sqft,2182.0,3,2.5,1.5,1974.0,No,5,3,N,Y,N,5.0,102200.0
Northgate,2100.0,sqft,6985.0,3,2.0,2.0,1963.0,Yes,4,5,Y,N,N,,205700.0
Harbor Point,2460.0,sqft,6486.0,3,2.5,2.0,1995.0,No,5,3,Y,N,N,5.0,715200.0
Brookhaven,2066.0,sqft,2594.0,3,1.5,2.5,1973.0,Yes,3,9,Y,N,N,4.0,$408.9K
Maple Grove,867.0,sqft,2499.0,2,1.5,1.0,1996.0,Yes,3,10,Y,N,N,6.0,$153.9K
Brookhaven,2146.0,sqft,3546.0,4,3.5,1.5,1974.0,Yes,5,8,Y,Y,N,7.0,$422.8K
Sunridge,2060.0,sqft,5496.0,2,2.5,2.5,1933.0,No,4,9,Y,Y,Y,6.0,$233.5K
Sunridge,89.6,sqm,3323.0,2,1.5,3.0,1945.0,No,4,3,Y,N,N,4.0,$77.0K
Sunridge,2161.0,sqft,8447.0,2,1.0,2.0,1964.0,No,3,4,Y,Y,N,6.0,227700.0
Northgate,2551.0,sqft,4098.0,5,4.0,2.0,1985.0,Yes,4,4,Y,,N,4.0,$245.5K
Northgate,1632.0,sqft,2893.0,2,1.5,2.5,2003.0,No,4,3,Y,Y,N,7.0,163500.0
Brookhaven,1612.0,sqft,5388.0,3,2.5,1.0,1947.0,No,4,9,Y,N,N,7.0,267700.0
Riverside Park,3133.0,sqft,9407.0,5,3.5,2.0,1978.0,No,4,9,N,Y,N,7.0,451900.0
Old Mill District,1880.0,sqft,6927.0,3,2.0,1.0,1985.0,No,5,8,Y,N,N,4.0,$477.9K
Harbor Point,2124.0,sqft,6253.0,3,2.5,1.0,2013.0,No,4,3,N,Y,N,6.0,$554.1K
Harbor Point,929.0,sqft,2868.0,1,1.5,2.0,1931.0,Yes,1,4,Y,N,N,6.0,$229.4K
Brookhaven,769.0,sqft,1222.0,1,1.0,1.5,1948.0,No,1,4,Y,Y,Y,7.0,$137.8K
Harbor Point,1656.0,sqft,3398.0,2,1.5,1.0,2007.0,No,5,4,Y,N,N,8.0,434200.0
Maple Grove,2843.0,sqft,7766.0,4,2.5,1.0,1967.0,No,3,4,Y,Y,N,,350200.0
Old Mill District,187.3,sqm,4538.0,3,2.5,1.5,1939.0,No,4,9,Y,N,N,,449900.0
Sunridge,1501.0,sqft,5455.0,3,2.5,2.0,2019.0,No,4,6,Y,N,N,,181300.0
Maple Grove,1134.0,sqft,3695.0,2,1.5,1.0,1962.0,Yes,3,5,Y,N,N,6.0,$136.2K
Brookhaven,2781.0,sqft,10203.0,4,2.5,2.0,1921.0,No,5,10,Y,N,Y,6.0,$575.1K
Brookhaven,500.0,sqft,892.0,1,1.0,2.0,1921.0,No,1,3,Y,N,N,6.0,80400.0
Maple Grove,1198.0,sqft,1515.0,1,1.0,2.0,1973.0,Yes,2,8,N,N,N,5.0,$167.6K
Maple Grove,1895.0,sqft,6788.0,3,2.0,1.0,1995.0,No,2,8,Y,N,N,7.0,$317.7K
Old Mill District,248.8,sqm,3657.0,4,3.5,1.5,1982.0,No,4,9,Y,N,N,4.0,673100.0
Riverside Park,2038.0,sqft,3294.0,2,1.5,3.0,1941.0,No,5,9,N,N,N,4.0,252200.0
Maple Grove,2029.0,sqft,7712.0,3,2.5,1.0,1940.0,Yes,4,9,Y,N,N,6.0,276600.0
Maple Grove,1303.0,sqft,3766.0,2,2.0,2.0,1976.0,No,4,10,N,Y,N,2.0,179600.0
Northgate,1385.0,sqft,4226.0,2,2.0,3.0,2007.0,No,3,7,Y,N,N,5.0,134300.0
Harbor Point,1757.0,sqft,4039.0,2,1.0,1.0,1975.0,Yes,3,9,Y,,N,4.0,$516.8K
Northgate,2234.0,sqft,6598.0,3,2.5,1.0,1930.0,No,4,9,Y,,N,,184900.0
Riverside Park,2633.0,sqft,4967.0,5,3.5,1.0,1947.0,Yes,5,3,Y,Y,N,7.0,426000.0
Riverside Park,2253.0,sqft,5793.0,4,2.5,2.0,1988.0,Yes,3,7,N,N,N,5.0,420100.0
Brookhaven,949.0,sqft,1474.0,1,1.0,2.5,2016.0,No,5,7,N,,N,5.0,242800.0
Harbor Point,275.2,sqm,8305.0,5,4.0,3.0,2010.0,No,4,6,N,N,N,,896300.0
Brookhaven,1706.0,sqft,6348.0,3,3.0,1.5,1984.0,No,2,8,N,N,N,8.0,$310.0K
Old Mill District,1108.0,sqft,3234.0,1,1.5,2.0,2002.0,No,4,6,Y,Y,N,5.0,299800.0
Maple Grove,2676.0,sqft,5624.0,3,2.0,2.0,1979.0,No,4,3,Y,N,N,10.0,$368.0K
Sunridge,2187.0,sqft,7119.0,4,3.5,1.0,2020.0,No,3,5,Y,,N,6.0,255800.0
Harbor Point,103.0,sqm,2977.0,3,1.5,1.0,1960.0,No,2,10,Y,N,N,4.0,$301.7K
Riverside Park,2639.0,sqft,7457.0,4,3.0,1.5,1960.0,No,4,9,N,Y,N,4.0,$380.9K
Riverside Park,2192.0,sqft,7344.0,4,4.0,2.0,1994.0,No,1,3,Y,N,N,6.0,$339.0K
Cedar Falls,2020.0,sqft,7509.0,3,1.0,2.0,1937.0,Yes,3,4,Y,Y,N,,$243.2K
Old Mill District,1191.0,sqft,3800.0,2,1.0,2.0,1945.0,No,1,3,Y,Y,N,8.0,$259.9K
Maple Grove,1485.0,sqft,5582.0,2,1.5,2.0,1979.0,No,4,3,Y,Y,N,8.0,$211.9K
Harbor Point,1872.0,sqft,5900.0,3,3.0,3.0,1973.0,No,4,9,Y,Y,N,8.0,606900.0
Sunridge,1291.0,sqft,4190.0,1,1.5,2.0,1988.0,Yes,3,8,Y,Y,N,5.0,$128.5K
Sunridge,809.0,sqft,1033.0,1,1.0,1.0,1955.0,Yes,5,10,N,Y,N,8.0,79200.0
Northgate,270.0,sqm,11524.0,4,2.5,1.5,1982.0,Yes,3,7,Y,N,N,6.0,$265.3K
Northgate,1921.0,sqft,7319.0,3,3.0,2.0,1945.0,No,4,3,Y,,N,7.0,$150.3K
Cedar Falls,1138.0,sqft,3357.0,1,1.0,3.0,2006.0,Yes,4,10,Y,N,N,6.0,$173.3K
Harbor Point,1688.0,sqft,5320.0,2,2.5,2.0,2020.0,Yes,4,7,Y,Y,N,5.0,$613.9K
Old Mill District,2441.0,sqft,5733.0,4,3.0,3.0,2015.0,Yes,4,3,Y,Y,N,,633500.0
Maple Grove,1401.0,sqft,2123.0,3,3.0,2.0,1930.0,No,4,5,N,N,N,6.0,158400.0
Cedar Falls,2593.0,sqft,7227.0,4,3.0,2.0,1990.0,Yes,3,9,Y,N,N,5.0,$351.9K
Northgate,1621.0,sqft,6274.0,3,2.5,1.0,1961.0,No,4,5,N,N,N,8.0,107700.0
Maple Grove,2546.0,sqft,9936.0,4,4.0,1.0,2009.0,No,3,3,Y,Y,N,6.0,$391.2K
Brookhaven,1088.0,sqft,3905.0,3,1.5,2.0,1927.0,No,4,8,N,N,N,5.0,$173.2K
Brookhaven,2233.0,sqft,7231.0,3,1.5,2.0,2006.0,No,3,10,N,N,N,3.0,430400.0
Maple Grove,1816.0,sqft,3850.0,3,2.5,1.5,1996.0,No,3,9,Y,N,N,5.0,274900.0
Old Mill District,2608.0,sqft,4859.0,4,3.0,2.0,1928.0,Yes,3,9,Y,Y,N,7.0,$560.0K
Harbor Point,1194.0,sqft,1627.0,2,1.5,1.0,1954.0,No,4,4,N,Y,N,2.0,247000.0
Riverside Park,1781.0,sqft,4245.0,3,2.5,2.0,1985.0,Yes,3,3,N,Y,N,5.0,285200.0
Northgate,1365.0,sqft,1674.0,2,1.5,1.0,1945.0,No,3,6,Y,N,N,4.0,$96.0K
Brookhaven,166.8,sqm,3154.0,2,2.0,1.0,1943.0,No,4,7,N,N,N,6.0,282100.0
Maple Grove,1480.0,sqft,2792.0,3,2.5,2.0,1994.0,No,4,4,Y,N,N,8.0,251100.0
Maple Grove,682.0,sqft,1014.0,1,1.0,1.5,1924.0,Yes,3,7,Y,Y,N,8.0,$97.7K
Riverside Park,1851.0,sqft,2662.0,3,2.5,3.0,1924.0,Yes,4,7,Y,Y,N,6.0,292100.0
Brookhaven,1151.0,sqft,1910.0,1,1.5,2.0,1926.0,No,4,8,Y,Y,N,7.0,$216.3K
Northgate,1423.0,sqft,4398.0,2,1.5,2.0,1985.0,No,5,6,N,N,N,7.0,136100.0
Harbor Point,83.1,sqm,3367.0,1,1.0,1.0,2022.0,No,2,5,Y,Y,N,4.0,$234.2K
Sunridge,1085.0,sqft,4162.0,1,1.0,2.5,1958.0,Yes,3,10,Y,Y,N,6.0,$116.8K
Cedar Falls,52.6,sqm,1980.0,1,1.0,2.5,1944.0,No,3,6,Y,N,N,9.0,69500.0
Cedar Falls,220.0,sqm,7136.0,2,2.0,1.0,2016.0,No,5,3,Y,Y,N,7.0,384000.0
Maple Grove,1715.0,sqft,5218.0,2,1.0,1.0,2012.0,Yes,2,5,Y,N,N,4.0,246100.0
Cedar Falls,3609.0,sqft,4358.0,6,4.0,2.0,1923.0,No,2,6,Y,Y,N,7.0,420900.0
Cedar Falls,2200.0,sqft,5456.0,3,2.5,1.0,2021.0,Yes,4,4,Y,Y,N,6.0,349600.0
Harbor Point,228.6,sqm,8601.0,3,2.0,2.0,1944.0,Yes,3,8,N,N,N,4.0,$724.0K
Brookhaven,2237.0,sqft,3366.0,3,2.5,1.0,1979.0,No,5,4,Y,Y,N,4.0,$374.7K
Maple Grove,1059.0,sqft,1855.0,2,1.5,1.0,2003.0,No,2,5,N,Y,N,5.0,145400.0
Brookhaven,1320.0,sqft,3620.0,2,1.0,1.0,1942.0,No,2,5,Y,N,N,7.0,$200.7K
Sunridge,261.0,sqm,8284.0,4,3.0,3.0,1923.0,No,5,5,Y,N,N,8.0,$253.3K
Northgate,2538.0,sqft,7627.0,4,2.5,2.0,2012.0,No,3,8,Y,Y,Y,5.0,262200.0
Northgate,2095.0,sqft,7742.0,2,2.5,2.0,1938.0,No,4,4,Y,Y,N,5.0,$175.2K
Old Mill District,1461.0,sqft,3213.0,2,2.5,1.0,1942.0,No,3,7,Y,N,N,7.0,308500.0
Northgate,2626.0,sqft,8117.0,4,3.5,1.0,1967.0,Yes,4,5,Y,,N,6.0,$257.1K
Riverside Park,894.0,sqft,2657.0,1,1.0,2.0,1952.0,No,2,8,Y,N,N,6.0,145000.0
Maple Grove,1670.0,sqft,4656.0,3,2.5,1.5,1957.0,No,2,4,N,Y,N,7.0,$197.1K
Maple Grove,1764.0,sqft,6799.0,2,2.0,1.5,,No,5,9,Y,Y,N,6.0,325500.0
Cedar Falls,1972.0,sqft,2822.0,3,1.5,3.0,1937.0,Yes,1,5,N,Y,N,3.0,185300.0
Northgate,1380.0,sqft,3453.0,3,3.0,2.0,1945.0,Yes,3,10,N,N,N,3.0,119300.0
Old Mill District,2855.0,sqft,8623.0,5,4.0,2.0,1941.0,No,3,7,Y,N,N,5.0,556200.0
Cedar Falls,2151.0,sqft,8063.0,4,3.5,2.0,2014.0,No,2,6,Y,Y,N,5.0,$305.0K
Harbor Point,1091.0,sqft,2492.0,2,1.0,1.5,1974.0,No,2,8,Y,N,N,7.0,284300.0
Old Mill District,205.0,sqm,4829.0,4,3.0,2.0,1952.0,No,4,3,Y,Y,N,6.0,406300.0
Brookhaven,135.8,sqm,5260.0,3,3.0,3.0,1958.0,No,3,5,Y,Y,Y,5.0,$272.6K
Cedar Falls,747.0,sqft,2214.0,2,3.0,1.0,1999.0,No,4,4,N,Y,N,6.0,$106.9K
Harbor Point,1819.0,sqft,2471.0,1,1.5,2.0,1982.0,No,3,3,Y,Y,N,7.0,539500.0
Northgate,1176.0,sqft,1468.0,2,1.5,1.0,2005.0,No,3,4,Y,Y,N,5.0,$98.2K
Harbor Point,1831.0,sqft,7290.0,3,2.5,1.0,1994.0,No,4,10,Y,,N,4.0,625500.0
Harbor Point,1035.0,sqft,1756.0,1,1.5,3.0,1979.0,Yes,3,3,N,Y,N,8.0,$277.8K
Northgate,1706.0,sqft,5877.0,3,2.0,1.0,1946.0,No,3,3,Y,Y,N,5.0,94000.0
Northgate,220.9,sqm,6198.0,4,2.5,1.5,1922.0,Yes,3,9,Y,N,N,8.0,$175.4K
Old Mill District,167.1,sqm,6354.0,3,2.0,2.0,1950.0,No,1,10,Y,N,Y,5.0,$377.0K
Northgate,156.5,sqm,3558.0,4,3.0,2.0,1935.0,No,4,7,Y,N,N,4.0,$131.2K
Riverside Park,2732.0,sqft,8972.0,4,3.5,2.0,2005.0,No,5,10,N,N,N,,481100.0
Northgate,1504.0,sqft,3429.0,3,2.5,2.0,2000.0,No,2,7,Y,Y,N,4.0,$124.2K
Riverside Park,1913.0,sqft,7581.0,3,2.0,1.0,1982.0,Yes,3,3,N,Y,N,8.0,$359.6K
Northgate,2303.0,sqft,6366.0,3,2.0,1.0,2008.0,No,2,4,Y,Y,N,4.0,$215.3K
Northgate,111.0,sqm,1738.0,1,1.0,1.0,2006.0,No,3,8,Y,Y,N,5.0,130800.0
Cedar Falls,1336.0,sqft,2082.0,2,2.5,1.5,1990.0,Yes,1,6,Y,Y,N,5.0,$204.8K
Northgate,2531.0,sqft,9726.0,4,3.0,2.0,1970.0,Yes,4,9,N,N,N,7.0,207900.0
Riverside Park,2761.0,sqft,10169.0,4,2.5,2.0,1920.0,Yes,3,5,Y,N,N,7.0,454200.0
Northgate,500.0,sqft,1885.0,1,1.0,1.0,1968.0,No,2,6,N,N,N,7.0,$45.0K
Cedar Falls,1340.0,sqft,4091.0,3,2.5,2.0,1959.0,Yes,2,5,N,N,N,3.0,$133.6K
Northgate,2278.0,sqft,2742.0,3,2.5,1.0,1968.0,No,4,7,Y,N,N,7.0,$200.9K
Maple Grove,1752.0,sqft,6947.0,3,2.0,3.0,1991.0,No,4,5,Y,N,N,8.0,264000.0
Cedar Falls,3169.0,sqft,8955.0,5,3.5,2.0,1925.0,No,3,3,N,N,N,9.0,$378.7K
Sunridge,71.0,sqm,2283.0,2,1.5,2.0,1967.0,No,5,4,N,N,N,5.0,64400.0
Cedar Falls,174.4,sqm,3036.0,2,2.0,2.5,1945.0,No,4,6,Y,Y,N,8.0,$231.2K
Harbor Point,2263.0,sqft,2779.0,4,3.0,1.0,1979.0,No,2,10,Y,N,N,7.0,$622.0K
Maple Grove,2122.0,sqft,3791.0,2,1.5,2.5,1935.0,No,3,7,Y,N,N,4.0,$207.2K
Sunridge,128.9,sqm,5012.0,2,1.0,1.0,2017.0,No,3,3,Y,N,N,4.0,$172.7K
Harbor Point,2567.0,sqft,7357.0,5,4.5,1.0,1979.0,Yes,3,8,Y,N,N,6.0,$797.7K
Brookhaven,1732.0,sqft,4160.0,2,1.5,1.0,2004.0,No,5,10,N,N,N,3.0,346000.0
Brookhaven,1868.0,sqft,,2,1.0,3.0,1972.0,Yes,5,7,Y,Y,Y,5.0,$387.8K
Sunridge,1778.0,sqft,3461.0,2,2.0,1.0,1927.0,Yes,4,9,Y,N,N,8.0,$193.5K
Cedar Falls,2151.0,sqft,6482.0,3,2.5,2.0,1997.0,Yes,2,6,N,Y,N,8.0,$361.6K
Cedar Falls,1707.0,sqft,6395.0,2,1.0,2.5,2004.0,No,3,3,N,N,N,5.0,203400.0
Brookhaven,1914.0,sqft,2837.0,4,3.0,2.0,1956.0,Yes,1,5,Y,N,N,3.0,339100.0
Riverside Park,2471.0,sqft,9509.0,3,2.5,1.0,1940.0,No,3,8,Y,N,N,2.0,$274.1K
Harbor Point,1807.0,sqft,5982.0,3,3.0,2.0,2003.0,No,2,8,Y,Y,N,2.0,562900.0
Harbor Point,500.0,sqft,1696.0,1,1.5,1.0,2020.0,No,4,3,Y,N,N,8.0,$143.6K
Old Mill District,284.5,sqm,5117.0,4,2.5,1.0,1991.0,Yes,4,5,Y,N,N,,$858.6K
Harbor Point,2179.0,sqft,7029.0,3,1.5,1.0,1939.0,Yes,4,7,Y,Y,N,4.0,503600.0
Sunridge,694.0,sqft,2256.0,1,1.5,1.0,2017.0,No,3,10,N,N,N,6.0,$77.8K
Harbor Point,2416.0,sqft,6837.0,4,3.0,2.0,1964.0,No,5,6,Y,N,N,5.0,530300.0
Cedar Falls,1227.0,sqft,2154.0,2,2.5,2.0,2016.0,No,5,9,N,N,N,5.0,$176.7K
Riverside Park,2448.0,sqft,7497.0,5,4.5,1.5,1934.0,No,5,6,Y,Y,Y,4.0,$362.7K
Northgate,1634.0,sqft,4685.0,3,2.0,1.0,1937.0,No,5,6,Y,N,N,2.0,124800.0
Maple Grove,1338.0,sqft,3594.0,2,1.5,2.5,1997.0,Yes,4,10,Y,N,N,4.0,$237.1K
Old Mill District,2041.0,sqft,5858.0,3,2.5,1.5,1928.0,No,4,9,N,Y,N,8.0,472000.0
Brookhaven,2932.0,sqft,6349.0,5,4.5,2.0,1994.0,No,4,10,Y,N,N,8.0,$549.6K
Riverside Park,500.0,sqft,1389.0,1,1.0,1.0,2018.0,No,5,8,Y,,N,7.0,$95.7K
Northgate,153.7,sqm,3388.0,3,1.5,1.0,2003.0,No,3,10,N,Y,N,9.0,154800.0
Sunridge,1701.0,sqft,2829.0,3,2.5,1.0,2023.0,No,3,8,Y,N,Y,2.0,200800.0
Northgate,895.0,sqft,1305.0,2,1.0,1.0,1920.0,No,2,5,N,Y,N,6.0,61200.0
Maple Grove,164.5,sqm,4068.0,3,2.5,2.0,1936.0,Yes,1,8,Y,Y,N,10.0,$278.0K
Brookhaven,218.5,sqm,4603.0,3,2.5,1.0,2002.0,No,4,8,Y,N,N,6.0,$485.0K
Harbor Point,2149.0,sqft,7179.0,4,3.0,2.0,1934.0,No,3,7,Y,N,N,3.0,$422.8K
Riverside Park,1520.0,sqft,3542.0,3,2.5,2.0,2023.0,No,2,8,N,Y,N,9.0,312000.0
Cedar Falls,185.1,sqm,5360.0,4,2.5,1.0,,Yes,4,7,N,Y,N,7.0,$273.6K
Sunridge,2048.0,sqft,5746.0,3,2.0,2.0,1945.0,No,3,4,Y,Y,N,2.0,$166.1K
Northgate,1607.0,sqft,2150.0,3,2.5,1.0,1946.0,No,5,10,N,N,N,7.0,122800.0
Sunridge,2879.0,sqft,4349.0,4,3.5,3.0,1975.0,Yes,4,8,Y,Y,N,,$323.2K
Northgate,1379.0,sqft,4103.0,2,2.0,2.0,1957.0,Yes,4,9,Y,Y,N,5.0,141400.0
Maple Grove,2055.0,sqft,3561.0,2,1.5,2.0,1966.0,Yes,5,10,N,N,N,4.0,324100.0
Harbor Point,2123.0,sqft,6352.0,3,2.5,2.5,1949.0,No,5,8,Y,Y,N,5.0,$561.8K
Old Mill District,1981.0,sqft,5805.0,3,2.0,2.0,2018.0,No,2,9,Y,N,N,7.0,633400.0
Sunridge,1908.0,sqft,2367.0,4,2.5,3.0,1980.0,Yes,1,3,Y,Y,N,5.0,$171.3K
Harbor Point,1955.0,sqft,4476.0,3,2.0,1.0,1970.0,No,2,8,N,N,N,7.0,$496.1K
Riverside Park,2643.0,sqft,6835.0,4,3.0,1.5,1981.0,No,4,4,Y,N,N,4.0,387600.0
Brookhaven,1053.0,sqft,1848.0,2,1.5,3.0,1931.0,No,3,4,Y,N,N,8.0,172400.0
Maple Grove,2540.0,sqft,8448.0,3,2.5,1.0,2023.0,No,3,5,Y,Y,N,5.0,$383.5K
Riverside Park,2372.0,sqft,5988.0,3,2.0,1.0,1972.0,No,4,5,Y,Y,N,8.0,322600.0
Northgate,2381.0,sqft,4802.0,3,2.5,3.0,1971.0,No,3,4,Y,Y,N,8.0,198800.0
Northgate,500.0,sqft,1191.0,1,1.0,1.0,2003.0,No,3,4,Y,Y,N,6.0,51300.0
Cedar Falls,1891.0,sqft,7527.0,3,2.0,3.0,1960.0,Yes,5,3,Y,N,N,6.0,251400.0
Maple Grove,2112.0,sqft,4733.0,3,2.5,2.0,1961.0,Yes,2,9,Y,N,N,10.0,$327.8K
Old Mill District,212.6,sqm,4446.0,3,2.0,1.0,1969.0,Yes,4,9,Y,N,N,4.0,$563.6K
Sunridge,192.8,sqm,5183.0,3,2.5,1.0,2008.0,No,5,5,N,Y,N,7.0,$209.0K
Brookhaven,1712.0,sqft,2776.0,3,2.5,1.0,1929.0,No,2,6,Y,N,N,8.0,262100.0
Old Mill District,1169.0,sqft,4401.0,2,1.0,1.0,1930.0,No,4,4,N,N,N,6.0,$187.1K
Northgate,614.0,sqft,933.0,1,1.0,2.0,1970.0,No,3,8,Y,Y,N,6.0,55700.0
Harbor Point,2005.0,sqft,7160.0,3,2.0,2.0,1928.0,Yes,4,10,N,Y,N,8.0,499900.0
Maple Grove,132.9,sqm,2898.0,1,1.0,2.0,1987.0,No,3,6,Y,N,N,5.0,$165.5K
Sunridge,1495.0,sqft,4444.0,2,1.5,1.5,1987.0,Yes,1,5,N,N,N,9.0,173100.0
Maple Grove,1338.0,sqft,3688.0,3,2.5,2.5,,No,3,9,N,,N,7.0,$163.2K
Cedar Falls,1437.0,sqft,4709.0,3,1.5,2.5,,No,5,3,Y,Y,N,6.0,$166.2K
Cedar Falls,2094.0,sqft,7833.0,3,2.5,2.0,1941.0,No,3,8,Y,N,N,6.0,$226.5K
Northgate,3113.0,sqft,10729.0,5,3.5,1.5,1983.0,No,4,7,Y,N,N,6.0,$328.2K
Brookhaven,168.6,sqm,,3,2.0,1.5,1961.0,No,2,6,N,Y,N,9.0,$329.2K
Riverside Park,1660.0,sqft,6639.0,2,1.0,1.0,1992.0,Yes,2,3,Y,N,N,6.0,266600.0
Cedar Falls,1053.0,sqft,2000.0,1,1.0,2.0,1943.0,No,3,5,Y,N,N,7.0,112300.0
Sunridge,2305.0,sqft,8127.0,4,2.5,1.0,1938.0,No,3,8,Y,Y,N,6.0,208000.0
Sunridge,1342.0,sqft,2227.0,2,2.5,2.5,2004.0,No,5,9,Y,N,N,3.0,$152.8K
Riverside Park,2058.0,sqft,5340.0,3,1.5,2.0,1924.0,No,1,3,Y,N,N,5.0,$292.4K
Maple Grove,2193.0,sqft,5376.0,3,2.0,2.0,,No,3,10,Y,N,N,9.0,421700.0
Riverside Park,214.2,sqm,4936.0,4,2.5,1.0,1947.0,No,1,7,Y,Y,N,9.0,$360.0K
Old Mill District,2517.0,sqft,4864.0,4,3.0,1.0,1920.0,No,4,8,Y,N,N,,538400.0
Riverside Park,1872.0,sqft,6872.0,4,4.0,2.5,1983.0,Yes,2,4,Y,Y,N,7.0,$374.2K
Riverside Park,2504.0,sqft,4590.0,4,3.0,3.0,1936.0,Yes,3,3,Y,N,N,,$306.7K
Maple Grove,1960.0,sqft,7163.0,3,2.5,1.5,1995.0,No,3,7,Y,N,N,8.0,298300.0
Cedar Falls,2627.0,sqft,7904.0,4,2.5,2.0,2000.0,No,2,3,Y,N,N,6.0,$369.8K
Harbor Point,1860.0,sqft,5583.0,3,2.5,1.0,1957.0,No,3,8,Y,N,N,4.0,$434.3K
Harbor Point,1263.0,sqft,4055.0,2,1.0,2.0,1925.0,Yes,2,8,N,N,N,7.0,315400.0
Sunridge,1949.0,sqft,7422.0,3,1.5,2.0,1959.0,Yes,5,6,Y,Y,Y,6.0,$249.1K
Old Mill District,2577.0,sqft,7828.0,5,4.5,1.0,1995.0,No,4,9,Y,Y,N,10.0,$770.4K
Maple Grove,1603.0,sqft,2401.0,2,1.0,2.0,1938.0,Yes,3,3,N,N,N,4.0,202400.0
Brookhaven,2702.0,sqft,10501.0,4,2.5,3.0,1937.0,No,4,10,Y,Y,N,6.0,441900.0
Sunridge,1298.0,sqft,3051.0,2,2.0,1.0,1957.0,Yes,3,3,Y,N,N,6.0,$120.4K
Old Mill District,1837.0,sqft,3684.0,2,1.0,2.5,1997.0,No,2,4,Y,Y,N,8.0,$485.4K
Riverside Park,1348.0,sqft,3281.0,3,2.0,1.0,2001.0,No,3,5,N,Y,N,7.0,$210.0K
Maple Grove,1856.0,sqft,3091.0,4,3.0,2.0,1966.0,Yes,2,5,Y,Y,N,4.0,234100.0
Harbor Point,1236.0,sqft,2767.0,3,3.0,2.5,1957.0,No,5,5,N,N,N,3.0,266000.0
Maple Grove,1863.0,sqft,6891.0,1,1.5,2.0,1969.0,No,5,5,Y,Y,N,6.0,$290.2K
Old Mill District,2119.0,sqft,2573.0,3,2.0,2.0,1998.0,No,3,8,N,,N,7.0,$527.6K
Sunridge,1644.0,sqft,5278.0,2,1.5,2.5,1963.0,No,5,3,Y,N,N,5.0,160600.0
Sunridge,992.0,sqft,1735.0,2,1.0,1.0,1934.0,No,5,7,Y,N,N,5.0,$77.4K
Cedar Falls,1178.0,sqft,4520.0,2,1.0,2.0,1938.0,No,3,8,Y,Y,N,6.0,132500.0
Riverside Park,2681.0,sqft,7449.0,4,3.5,1.5,1974.0,No,3,6,N,N,Y,6.0,491000.0
Sunridge,225.0,sqm,5161.0,4,3.0,2.0,1959.0,No,3,9,Y,Y,N,5.0,$220.5K
Brookhaven,894.0,sqft,2878.0,2,1.5,2.0,1991.0,No,2,3,Y,N,N,8.0,$199.6K
Brookhaven,227.5,sqm,9013.0,4,3.0,1.0,,No,2,4,Y,Y,N,6.0,$506.5K
Riverside Park,172.1,sqm,6658.0,4,2.5,1.0,2015.0,No,2,10,N,Y,N,5.0,373900.0
Riverside Park,2852.0,sqft,7618.0,4,3.5,1.0,1937.0,Yes,4,6,N,N,N,7.0,433300.0
Old Mill District,2172.0,sqft,7005.0,3,2.5,1.0,1928.0,No,5,7,Y,N,N,3.0,441200.0
Maple Grove,2187.0,sqft,6058.0,3,2.0,2.0,1948.0,No,3,6,Y,Y,N,9.0,$301.3K
Cedar Falls,1517.0,sqft,3337.0,3,2.5,1.0,1957.0,No,3,6,Y,N,N,7.0,$173.2K
Cedar Falls,1465.0,sqft,5250.0,2,2.0,1.0,1963.0,No,4,6,N,N,N,5.0,$197.2K
Sunridge,2417.0,sqft,6679.0,4,3.0,2.0,2015.0,No,3,5,N,Y,N,6.0,$297.6K
Riverside Park,935.0,sqft,1887.0,2,2.0,1.5,1978.0,No,1,3,Y,N,N,5.0,$150.0K
Old Mill District,2525.0,sqft,7441.0,4,3.5,2.0,1941.0,No,4,6,Y,N,N,6.0,571100.0
Maple Grove,1790.0,sqft,3646.0,2,1.5,2.0,1955.0,No,4,4,Y,N,N,5.0,206800.0
Sunridge,1002.0,sqft,3140.0,1,1.0,1.0,1954.0,Yes,5,4,Y,Y,N,5.0,103800.0
Old Mill District,2044.0,sqft,6533.0,2,1.0,2.0,2007.0,No,4,4,Y,Y,N,2.0,$452.2K
Sunridge,2228.0,sqft,2860.0,4,3.0,1.0,1940.0,No,4,8,Y,Y,Y,9.0,251400.0
Old Mill District,1667.0,sqft,3686.0,3,2.5,2.0,2006.0,No,3,5,Y,N,N,5.0,408200.0
Harbor Point,2520.0,sqft,3654.0,4,3.5,1.5,2003.0,No,3,8,Y,N,Y,2.0,$720.3K
Old Mill District,784.0,sqft,1759.0,1,1.0,2.0,1958.0,Yes,4,5,N,N,N,4.0,179300.0
Brookhaven,1998.0,sqft,3494.0,3,2.0,3.0,1955.0,Yes,2,8,Y,N,N,3.0,$278.1K
Cedar Falls,1526.0,sqft,4160.0,2,2.0,2.5,,Yes,4,3,Y,Y,N,3.0,172100.0
Harbor Point,2429.0,sqft,6653.0,4,3.0,2.5,1998.0,Yes,3,10,Y,Y,N,4.0,858600.0
Northgate,2410.0,sqft,7469.0,4,3.0,1.0,1962.0,Yes,4,6,Y,N,N,5.0,$195.3K
Cedar Falls,1708.0,sqft,5858.0,2,2.0,1.0,2020.0,No,4,5,Y,Y,N,6.0,$266.3K
Old Mill District,1893.0,sqft,3540.0,2,1.0,2.0,1997.0,Yes,3,7,N,N,N,6.0,498500.0
Sunridge,117.8,sqm,1965.0,2,1.0,2.0,2001.0,No,2,6,N,Y,N,6.0,$149.6K
Sunridge,89.3,sqm,2549.0,1,1.0,1.0,2002.0,No,2,10,N,N,N,9.0,$131.9K
Maple Grove,1494.0,sqft,2000.0,2,2.0,2.5,1922.0,Yes,4,10,Y,,N,6.0,$201.4K
Harbor Point,2282.0,sqft,4478.0,4,2.5,2.0,1950.0,No,3,5,N,N,N,9.0,$483.1K
Harbor Point,2255.0,sqft,7038.0,4,3.0,1.5,1947.0,No,3,6,Y,N,N,6.0,562900.0
Maple Grove,2976.0,sqft,11079.0,6,4.5,2.0,1938.0,No,4,10,Y,N,N,7.0,435400.0
Maple Grove,2716.0,sqft,5211.0,5,4.0,1.0,1993.0,No,5,10,Y,Y,N,5.0,425700.0
Sunridge,203.1,sqm,7555.0,3,3.0,2.0,2008.0,No,3,7,Y,N,N,8.0,$234.4K
Maple Grove,281.6,sqm,5102.0,4,3.0,2.0,1936.0,No,2,6,Y,N,N,5.0,362900.0
Riverside Park,1781.0,sqft,2460.0,3,2.0,1.0,2014.0,No,2,3,Y,N,N,6.0,$369.8K
Cedar Falls,2703.0,sqft,8260.0,4,3.0,2.0,2019.0,No,3,4,Y,N,N,7.0,409800.0
Riverside Park,239.0,sqm,3708.0,5,4.5,3.0,1990.0,No,4,8,Y,Y,N,6.0,$472.6K
Northgate,2231.0,sqft,8136.0,4,3.5,1.0,2020.0,No,2,6,Y,N,N,6.0,236200.0
Cedar Falls,2525.0,sqft,6016.0,3,2.5,2.0,2006.0,No,2,3,N,Y,N,6.0,$317.2K
Cedar Falls,1169.0,sqft,4215.0,2,2.0,2.0,1947.0,No,3,9,Y,Y,N,9.0,125900.0
Riverside Park,1086.0,sqft,3144.0,1,1.0,1.0,2001.0,No,4,8,Y,Y,N,9.0,203400.0
Brookhaven,1674.0,sqft,2088.0,3,2.5,2.0,1961.0,Yes,3,7,N,N,N,7.0,$302.3K
Maple Grove,2218.0,sqft,8396.0,3,3.0,2.5,1990.0,No,4,4,Y,Y,N,7.0,$251.5K
Maple Grove,1497.0,sqft,2747.0,2,1.0,1.5,1998.0,Yes,4,7,N,Y,N,7.0,275300.0
Old Mill District,1158.0,sqft,1514.0,2,2.0,3.0,2017.0,No,3,8,Y,N,N,4.0,291700.0
Sunridge,1365.0,sqft,4503.0,2,2.0,2.5,1942.0,No,1,8,N,N,N,7.0,118300.0
Cedar Falls,97.5,sqm,4040.0,1,1.0,2.5,1993.0,Yes,2,10,Y,Y,N,6.0,136000.0
Maple Grove,2415.0,sqft,8888.0,3,2.0,3.0,1995.0,No,5,8,Y,N,N,6.0,333100.0
Old Mill District,1602.0,sqft,4296.0,2,1.0,2.0,1956.0,No,4,3,Y,Y,N,7.0,329100.0
Cedar Falls,2056.0,sqft,5608.0,2,1.0,1.0,1982.0,No,3,6,Y,Y,Y,7.0,$284.1K
Riverside Park,1006.0,sqft,3491.0,1,1.0,2.5,1982.0,No,5,8,Y,N,N,7.0,$174.7K
Brookhaven,3079.0,sqft,6109.0,4,3.0,3.0,1943.0,Yes,2,3,Y,N,N,7.0,$569.1K
Northgate,1774.0,sqft,2973.0,3,2.0,2.5,2017.0,No,4,7,Y,N,N,5.0,166300.0
Cedar Falls,2031.0,sqft,7063.0,3,2.5,2.0,1975.0,No,3,7,Y,N,N,8.0,335400.0
Riverside Park,2424.0,sqft,4348.0,4,3.5,2.0,1962.0,Yes,2,4,Y,N,N,4.0,356700.0
Sunridge,226.1,sqm,6116.0,3,2.5,1.5,1932.0,No,3,5,Y,Y,N,4.0,$227.4K
Riverside Park,1646.0,sqft,2252.0,3,2.5,2.0,1932.0,No,2,8,Y,N,N,6.0,218500.0
Old Mill District,2069.0,sqft,8073.0,3,2.0,2.0,1988.0,No,3,4,N,N,N,6.0,$417.4K
Maple Grove,1229.0,sqft,3702.0,2,1.5,1.5,1978.0,No,3,4,N,N,N,9.0,173600.0
Riverside Park,3416.0,sqft,10244.0,6,4.5,1.0,1975.0,No,3,3,Y,N,N,10.0,605100.0
Northgate,1641.0,sqft,1984.0,3,3.0,1.0,1957.0,No,5,4,Y,N,N,4.0,$130.4K
Riverside Park,177.8,sqm,5233.0,2,2.5,1.0,2013.0,No,3,5,Y,Y,N,7.0,$413.4K
Cedar Falls,763.0,sqft,1590.0,2,1.5,1.0,2019.0,No,4,4,Y,N,N,8.0,109900.0
Old Mill District,1484.0,sqft,2503.0,2,1.5,1.0,1991.0,Yes,4,4,Y,N,N,7.0,387900.0
Maple Grove,1960.0,sqft,7766.0,3,2.0,1.5,1942.0,No,3,9,Y,N,N,7.0,$235.3K
Cedar Falls,241.6,sqm,6800.0,3,2.5,1.0,1990.0,Yes,3,3,Y,N,Y,9.0,368900.0
Old Mill District,2138.0,sqft,8384.0,2,1.5,2.0,2018.0,No,3,4,N,N,N,7.0,651000.0
Harbor Point,607.0,sqft,2190.0,1,1.0,2.5,1938.0,No,5,8,Y,Y,N,5.0,161100.0
Sunridge,2039.0,sqft,7305.0,2,1.0,2.0,1958.0,Yes,3,5,Y,N,N,4.0,161500.0
Old Mill District,1344.0,sqft,3170.0,3,3.0,2.0,1949.0,No,3,5,N,Y,N,5.0,$274.0K
Cedar Falls,2053.0,sqft,3833.0,4,3.0,2.0,1996.0,Yes,2,10,Y,N,N,5.0,303200.0
Northgate,1465.0,sqft,2837.0,2,1.5,1.0,2011.0,No,4,7,Y,N,N,5.0,$143.1K
Northgate,88.3,sqm,2176.0,1,1.0,1.0,1980.0,No,2,10,N,Y,N,,91500.0
Maple Grove,2292.0,sqft,4060.0,4,3.0,2.0,1952.0,No,1,3,Y,Y,N,3.0,252700.0
Sunridge,1423.0,sqft,2358.0,2,1.0,1.0,1994.0,Yes,5,6,Y,Y,N,6.0,$167.3K
Northgate,1854.0,sqft,2267.0,3,2.0,2.5,1965.0,Yes,3,4,Y,Y,N,3.0,159900.0
Old Mill District,2137.0,sqft,5048.0,3,2.5,2.0,2021.0,No,5,6,N,N,N,5.0,$576.7K
Maple Grove,2282.0,sqft,5099.0,3,2.0,1.0,2006.0,No,4,9,N,N,N,,$328.5K
Riverside Park,1888.0,sqft,5573.0,3,2.5,1.5,2000.0,No,3,9,Y,N,N,5.0,281300.0
Maple Grove,2007.0,sqft,6437.0,3,2.5,1.5,1976.0,No,3,8,N,N,N,7.0,$236.4K
Riverside Park,1574.0,sqft,4712.0,1,1.0,2.0,2007.0,No,4,7,N,N,N,9.0,$286.9K
Riverside Park,925.0,sqft,1373.0,2,2.0,2.0,1933.0,No,3,7,N,N,N,5.0,99900.0
Cedar Falls,1448.0,sqft,5444.0,2,1.0,2.0,1930.0,No,4,10,Y,N,N,5.0,149000.0
Sunridge,1817.0,sqft,4892.0,2,2.0,1.5,1991.0,Yes,5,5,Y,Y,N,5.0,222300.0
Brookhaven,2100.0,sqft,7834.0,4,2.5,1.0,1935.0,No,4,9,Y,N,N,8.0,357500.0
Brookhaven,223.1,sqm,7581.0,4,3.0,1.0,1995.0,Yes,4,3,N,Y,N,2.0,497600.0
Old Mill District,1604.0,sqft,3461.0,2,2.0,2.0,1948.0,No,4,6,Y,N,N,2.0,304800.0
Northgate,561.0,sqft,800.0,1,1.5,1.0,1971.0,No,2,8,Y,Y,N,7.0,54500.0
Brookhaven,1793.0,sqft,5840.0,3,2.0,3.0,1954.0,No,5,3,Y,N,N,9.0,$282.8K
Sunridge,2162.0,sqft,6781.0,3,2.0,1.5,1930.0,No,4,5,Y,N,Y,6.0,$213.0K
Northgate,1334.0,sqft,4238.0,3,3.0,2.0,1998.0,Yes,5,6,N,N,N,6.0,141100.0
Riverside Park,1295.0,sqft,3263.0,3,2.5,2.0,1991.0,No,4,6,Y,Y,Y,6.0,$227.2K
Northgate,2026.0,sqft,7109.0,3,3.0,2.0,1931.0,No,3,5,N,N,N,4.0,126200.0
Harbor Point,1042.0,sqft,2940.0,2,2.0,3.0,1956.0,No,3,3,Y,N,N,4.0,259600.0
Maple Grove,1586.0,sqft,2879.0,3,2.0,1.0,1954.0,No,4,5,N,N,N,2.0,163300.0
Northgate,1563.0,sqft,5576.0,2,1.5,2.0,1976.0,No,4,9,Y,N,N,7.0,150500.0
Cedar Falls,1139.0,sqft,2616.0,2,1.0,1.5,1959.0,No,4,7,Y,Y,N,6.0,$113.1K
Old Mill District,794.0,sqft,1728.0,1,1.0,1.0,1962.0,Yes,5,3,Y,Y,Y,5.0,218900.0
Riverside Park,230.8,sqm,9000.0,4,3.0,1.0,1949.0,No,2,5,N,N,N,,315100.0
Brookhaven,193.2,sqm,4094.0,3,2.0,1.0,1939.0,Yes,3,8,Y,Y,N,9.0,317500.0
Harbor Point,133.0,sqm,2224.0,3,3.5,1.0,1920.0,No,3,9,Y,N,N,4.0,349900.0
Maple Grove,1946.0,sqft,4788.0,3,2.5,2.0,1962.0,No,5,4,Y,Y,N,7.0,222900.0
Riverside Park,1324.0,sqft,3601.0,3,1.5,2.5,1994.0,No,3,5,Y,N,N,7.0,$224.5K
Northgate,1261.0,sqft,2574.0,2,2.0,1.5,1933.0,Yes,4,4,N,N,N,7.0,$92.9K
Harbor Point,2046.0,sqft,2797.0,3,2.5,2.0,1989.0,Yes,1,10,Y,N,N,5.0,$689.0K
Brookhaven,1217.0,sqft,4592.0,1,1.0,3.0,1969.0,Yes,1,4,Y,Y,N,6.0,249800.0
Brookhaven,2119.0,sqft,3997.0,3,2.5,2.0,,No,2,9,Y,N,Y,3.0,$405.3K
Brookhaven,2701.0,sqft,9370.0,5,3.5,3.0,1921.0,No,4,4,Y,N,N,6.0,$473.2K
Cedar Falls,2406.0,sqft,3059.0,3,2.0,1.5,1996.0,Yes,3,7,Y,N,N,,330600.0
Riverside Park,602.0,sqft,1872.0,2,1.5,1.0,1932.0,No,5,8,N,N,N,8.0,89200.0
Old Mill District,1715.0,sqft,6610.0,2,1.5,3.0,1980.0,Yes,3,10,Y,Y,N,3.0,$480.9K
Riverside Park,1648.0,sqft,3597.0,3,1.5,1.0,1925.0,Yes,4,4,Y,Y,N,4.0,247800.0
Brookhaven,1778.0,sqft,3558.0,3,2.5,2.0,1925.0,No,4,4,Y,N,N,,291000.0
Old Mill District,2454.0,sqft,,5,4.0,1.0,2012.0,No,3,8,Y,Y,N,5.0,$645.4K
Harbor Point,2218.0,sqft,7655.0,3,2.5,1.0,1982.0,No,3,10,Y,N,N,8.0,$643.5K
Old Mill District,1582.0,sqft,4508.0,3,2.0,1.0,1952.0,No,5,3,Y,N,Y,3.0,$376.9K
Northgate,2386.0,sqft,4387.0,4,3.5,2.0,1935.0,No,3,5,Y,N,N,6.0,164300.0
Cedar Falls,1316.0,sqft,5123.0,3,2.0,2.0,1950.0,No,3,4,Y,,N,8.0,$187.6K
Northgate,2454.0,sqft,5082.0,4,2.5,3.0,1950.0,No,5,4,Y,,N,5.0,172900.0
Old Mill District,2087.0,sqft,7213.0,3,3.0,1.0,1969.0,No,2,6,N,N,Y,5.0,489200.0
Sunridge,2626.0,sqft,5320.0,4,3.0,2.0,1980.0,Yes,4,6,Y,N,N,6.0,$262.3K
Old Mill District,855.0,sqft,2142.0,2,1.5,1.0,1941.0,No,3,7,Y,N,N,5.0,$183.4K
Cedar Falls,2203.0,sqft,5904.0,4,3.0,2.5,2006.0,No,5,7,Y,N,N,8.0,346700.0
Riverside Park,1871.0,sqft,3957.0,4,3.5,2.0,1939.0,Yes,3,7,Y,N,N,4.0,$249.5K
Brookhaven,2476.0,sqft,3162.0,4,4.0,2.0,2017.0,No,1,9,Y,N,N,5.0,$506.9K
Northgate,1980.0,sqft,6937.0,3,2.5,2.0,1975.0,No,3,6,Y,Y,N,4.0,$192.3K
Northgate,3483.0,sqft,13102.0,5,2.5,2.5,1972.0,No,3,4,Y,N,N,6.0,$270.3K
Maple Grove,829.0,sqft,1865.0,2,1.5,2.0,1989.0,No,1,4,Y,Y,N,3.0,111400.0
Maple Grove,1420.0,sqft,4528.0,1,1.0,1.0,1957.0,Yes,3,9,Y,Y,N,4.0,$204.5K
Harbor Point,1589.0,sqft,2623.0,2,2.0,1.5,1924.0,No,3,5,Y,N,N,,393500.0
Northgate,1777.0,sqft,2144.0,3,2.5,1.0,,No,4,7,Y,N,N,7.0,$167.2K
Brookhaven,1582.0,sqft,3768.0,3,2.5,1.5,1927.0,No,2,4,Y,N,Y,7.0,247900.0
Brookhaven,1510.0,sqft,3310.0,3,1.5,1.0,2016.0,No,4,3,N,Y,N,9.0,$271.4K
Riverside Park,1816.0,sqft,5643.0,2,1.5,2.0,1968.0,Yes,3,6,Y,Y,N,5.0,$309.6K
Sunridge,99.2,sqm,2137.0,1,1.5,1.0,1984.0,No,5,9,Y,,N,8.0,117100.0
Northgate,3312.0,sqft,6040.0,6,4.0,2.0,1935.0,No,4,9,Y,Y,N,2.0,$240.9K
Sunridge,1736.0,sqft,2378.0,2,2.5,1.0,1930.0,No,3,10,Y,N,Y,6.0,$200.0K
Riverside Park,2531.0,sqft,9896.0,5,4.0,1.5,1988.0,No,3,7,Y,Y,Y,5.0,517400.0
Brookhaven,164.1,sqm,2135.0,2,2.0,2.5,1983.0,No,3,7,Y,Y,N,5.0,407500.0
Northgate,2934.0,sqft,11135.0,5,3.5,2.0,1938.0,Yes,4,10,Y,N,N,7.0,283100.0
Harbor Point,1789.0,sqft,6269.0,2,1.0,1.0,1986.0,Yes,4,10,Y,Y,N,6.0,619000.0
Brookhaven,982.0,sqft,2332.0,2,1.5,1.5,1987.0,No,5,7,Y,N,N,5.0,$188.1K
Northgate,1942.0,sqft,3936.0,3,2.0,1.0,1926.0,No,5,3,N,Y,N,4.0,119200.0
Brookhaven,209.1,sqm,3093.0,3,2.0,2.0,1973.0,Yes,4,8,N,N,N,3.0,413500.0
Cedar Falls,1770.0,sqft,3133.0,2,2.0,3.0,1958.0,No,2,10,Y,Y,N,6.0,$219.1K
Maple Grove,2169.0,sqft,2718.0,4,3.0,2.0,1980.0,No,3,8,N,Y,Y,7.0,330200.0
Cedar Falls,1258.0,sqft,4605.0,2,1.5,2.0,1921.0,Yes,2,3,Y,N,N,,151400.0
Maple Grove,2446.0,sqft,7480.0,4,2.5,1.5,1999.0,No,3,7,N,Y,N,5.0,$347.2K
Maple Grove,2144.0,sqft,4287.0,4,3.0,1.0,1929.0,No,4,10,Y,N,N,5.0,$248.1K
Cedar Falls,245.6,sqm,6101.0,4,3.0,2.0,1925.0,Yes,4,3,N,N,N,6.0,267900.0
Northgate,199.8,sqm,2844.0,3,2.0,3.0,1977.0,No,1,9,Y,N,N,6.0,$210.5K
Riverside Park,2737.0,sqft,3646.0,4,2.5,1.5,1948.0,Yes,2,6,Y,N,N,,448600.0
Riverside Park,2102.0,sqft,3910.0,3,3.0,2.0,1939.0,No,5,9,N,N,N,6.0,$261.5K
Cedar Falls,2450.0,sqft,6727.0,4,3.0,1.0,1968.0,No,1,3,Y,N,N,7.0,$266.3K
Cedar Falls,1244.0,sqft,4635.0,2,2.0,2.5,2022.0,No,2,3,N,Y,N,,$161.8K
Cedar Falls,2130.0,sqft,3546.0,3,2.0,1.0,1927.0,No,2,7,Y,N,N,4.0,$247.1K
Sunridge,2975.0,sqft,6626.0,5,4.0,1.0,1928.0,No,4,5,Y,,N,5.0,$221.4K
Maple Grove,1854.0,sqft,6349.0,3,2.5,1.0,1933.0,No,3,4,N,N,N,7.0,$198.5K
Riverside Park,2955.0,sqft,10480.0,5,5.0,2.0,1948.0,No,3,5,N,N,N,4.0,$374.5K
Old Mill District,500.0,sqft,1248.0,1,1.5,2.0,2010.0,No,4,10,Y,N,N,6.0,148000.0
Riverside Park,3150.0,sqft,7012.0,6,4.5,2.5,1971.0,Yes,4,6,Y,N,N,7.0,480100.0
Sunridge,1340.0,sqft,1898.0,3,2.0,2.0,1921.0,Yes,3,7,Y,N,N,6.0,$133.9K
Sunridge,2097.0,sqft,3170.0,2,2.0,1.0,1977.0,Yes,3,7,Y,N,N,4.0,$226.7K
Cedar Falls,1284.0,sqft,2025.0,2,1.0,1.0,2016.0,No,4,8,Y,Y,N,5.0,$175.4K
Cedar Falls,2681.0,sqft,10459.0,4,3.0,2.0,1940.0,Yes,1,3,N,Y,N,6.0,316600.0
Maple Grove,207.5,sqm,4969.0,4,2.5,1.0,1994.0,No,3,3,Y,N,N,4.0,303300.0
Riverside Park,2372.0,sqft,8759.0,4,3.0,1.0,1971.0,Yes,4,10,N,N,N,4.0,$407.5K
Harbor Point,1799.0,sqft,2538.0,3,2.0,2.5,1986.0,No,5,5,N,Y,N,3.0,$499.4K
Sunridge,2458.0,sqft,5459.0,3,2.5,2.0,1984.0,No,4,5,Y,Y,Y,7.0,255600.0
Sunridge,1068.0,sqft,3064.0,1,1.5,2.0,2008.0,No,2,3,Y,Y,N,7.0,$118.3K
Maple Grove,2587.0,sqft,7964.0,3,3.0,1.5,2000.0,No,3,6,N,N,N,7.0,$360.0K
Riverside Park,1916.0,sqft,7489.0,2,1.0,2.0,1966.0,No,5,5,N,N,N,7.0,278400.0
Harbor Point,141.1,sqm,4594.0,3,3.5,2.0,2004.0,Yes,2,8,Y,N,N,4.0,463000.0
Sunridge,992.0,sqft,2055.0,2,1.0,2.0,1939.0,No,3,10,Y,Y,N,7.0,86400.0
Northgate,2668.0,sqft,7139.0,4,3.0,3.0,1996.0,No,2,7,Y,Y,N,4.0,263700.0
Old Mill District,1421.0,sqft,2610.0,2,1.0,1.0,1976.0,No,3,6,N,Y,N,4.0,$285.5K
Sunridge,1877.0,sqft,5639.0,3,1.0,2.0,2000.0,No,2,5,N,Y,Y,8.0,$230.7K
Brookhaven,505.0,sqft,1813.0,1,1.0,1.0,1950.0,No,3,9,Y,Y,N,6.0,101700.0
Old Mill District,2939.0,sqft,11356.0,5,4.0,1.0,1986.0,No,4,6,Y,N,N,7.0,770800.0
Cedar Falls,286.0,sqm,6229.0,5,4.0,2.0,2020.0,No,5,8,Y,N,N,8.0,489600.0
Maple Grove,917.0,sqft,2643.0,1,1.5,2.0,2021.0,No,4,10,Y,,N,6.0,$167.7K
Harbor Point,2407.0,sqft,4594.0,4,4.0,1.0,1946.0,Yes,4,5,Y,N,N,6.0,628600.0
Cedar Falls,996.0,sqft,1429.0,1,1.0,1.0,1968.0,No,3,4,Y,Y,N,4.0,$116.7K
Riverside Park,1080.0,sqft,2350.0,1,1.0,2.0,1954.0,Yes,5,3,Y,N,N,7.0,186600.0
Northgate,2572.0,sqft,3600.0,4,3.5,2.5,1945.0,No,2,7,N,N,N,,167100.0
Northgate,324.6,sqm,12034.0,6,4.0,2.5,1923.0,No,1,8,N,Y,N,6.0,$256.3K
Old Mill District,1868.0,sqft,3050.0,4,3.0,1.0,1941.0,No,4,10,N,Y,N,8.0,403100.0
Maple Grove,2803.0,sqft,10052.0,4,3.0,2.5,1921.0,No,3,8,Y,N,Y,6.0,$391.7K
Riverside Park,722.0,sqft,2874.0,1,1.5,2.0,1932.0,No,1,4,Y,Y,N,6.0,110300.0
Old Mill District,1495.0,sqft,4594.0,1,1.5,1.0,1941.0,No,5,8,N,Y,N,7.0,$315.4K
Sunridge,2690.0,sqft,10376.0,5,3.5,1.0,1968.0,No,4,5,Y,N,N,8.0,$297.7K
Sunridge,2280.0,sqft,5383.0,4,3.0,1.0,1928.0,No,4,7,Y,N,N,3.0,$178.8K
Harbor Point,46.4,sqm,,1,1.0,1.0,2011.0,No,3,7,Y,N,N,5.0,155600.0
Cedar Falls,151.7,sqm,5691.0,4,2.5,1.0,2018.0,No,4,5,Y,N,N,8.0,277500.0
Brookhaven,1691.0,sqft,6661.0,3,3.0,1.0,2004.0,No,4,7,Y,Y,N,8.0,367400.0
Riverside Park,137.0,sqm,4652.0,2,1.0,2.0,2009.0,No,4,6,Y,N,N,,255800.0
Harbor Point,1579.0,sqft,2684.0,2,3.0,1.5,2021.0,No,4,9,Y,N,N,5.0,$447.3K
Brookhaven,1927.0,sqft,3031.0,2,2.5,2.0,1921.0,No,4,5,Y,N,N,5.0,278200.0
Sunridge,204.7,sqm,7821.0,3,2.0,1.0,2010.0,No,2,5,Y,N,N,3.0,$227.5K
Cedar Falls,2300.0,sqft,6742.0,5,3.0,1.5,2007.0,No,4,4,Y,Y,N,3.0,$299.6K
Old Mill District,1734.0,sqft,5071.0,2,1.0,1.0,1926.0,Yes,4,10,N,Y,Y,6.0,$359.0K
Sunridge,46.4,sqm,1269.0,1,1.0,2.5,2009.0,No,1,9,Y,N,N,,54400.0
Cedar Falls,2954.0,sqft,3613.0,3,2.0,1.5,1971.0,No,4,10,Y,N,N,6.0,406800.0
Cedar Falls,2113.0,sqft,6276.0,3,2.5,2.0,1965.0,No,4,9,Y,Y,Y,7.0,304300.0
Old Mill District,985.0,sqft,3218.0,1,1.5,2.5,1920.0,No,4,10,Y,N,Y,9.0,298100.0
Harbor Point,2452.0,sqft,3590.0,4,3.5,2.0,1972.0,No,3,7,N,N,N,6.0,674100.0
Maple Grove,237.0,sqm,7849.0,4,3.0,1.5,1957.0,No,4,7,Y,N,N,8.0,$300.4K
Maple Grove,2010.0,sqft,3165.0,3,2.0,3.0,1946.0,No,3,5,Y,N,N,7.0,214300.0
Brookhaven,1732.0,sqft,3561.0,3,1.5,1.0,1935.0,Yes,5,9,Y,Y,N,2.0,306800.0
Brookhaven,1792.0,sqft,3856.0,4,3.0,3.0,,No,5,5,Y,Y,Y,3.0,$406.2K
Harbor Point,2146.0,sqft,7222.0,4,3.0,1.0,1963.0,Yes,2,4,Y,Y,N,9.0,636900.0
Cedar Falls,2490.0,sqft,8074.0,3,3.0,2.0,1939.0,Yes,4,4,N,,N,7.0,$249.6K
Cedar Falls,2349.0,sqft,4917.0,4,3.0,1.0,2001.0,No,3,4,Y,Y,N,4.0,328600.0
Maple Grove,1661.0,sqft,2943.0,2,1.5,1.0,2011.0,No,3,10,Y,N,N,6.0,$265.8K
Sunridge,1199.0,sqft,3376.0,2,1.0,2.0,1931.0,Yes,5,6,Y,Y,N,8.0,$102.8K
Old Mill District,2415.0,sqft,4756.0,3,3.0,2.0,1996.0,Yes,4,3,Y,Y,N,7.0,696700.0
Brookhaven,2006.0,sqft,5323.0,4,3.5,1.0,2016.0,No,4,5,N,N,N,4.0,395900.0
Brookhaven,1939.0,sqft,5171.0,4,4.0,2.0,2020.0,No,5,9,Y,,N,6.0,389300.0
Riverside Park,2063.0,sqft,7865.0,2,1.0,2.0,1928.0,No,2,4,Y,N,N,6.0,$245.2K
Harbor Point,1079.0,sqft,2186.0,1,1.0,2.0,1948.0,Yes,3,6,N,Y,N,4.0,257200.0
Riverside Park,1901.0,sqft,6619.0,3,2.5,2.0,1975.0,No,3,7,Y,N,N,4.0,245500.0
Harbor Point,2084.0,sqft,6340.0,3,2.5,2.0,1997.0,No,4,6,Y,Y,N,9.0,694600.0
Sunridge,2527.0,sqft,6600.0,3,2.0,1.0,1971.0,Yes,3,9,N,N,N,6.0,$278.0K
Sunridge,2214.0,sqft,4586.0,3,2.5,1.0,2013.0,No,3,5,Y,N,N,8.0,262700.0
Riverside Park,1591.0,sqft,2023.0,2,1.0,3.0,2009.0,No,3,9,Y,N,N,4.0,$263.0K
Maple Grove,184.8,sqm,7510.0,3,3.0,2.5,1986.0,Yes,3,3,Y,Y,N,8.0,$304.4K
Northgate,2032.0,sqft,3764.0,3,2.0,1.0,1936.0,No,3,3,Y,Y,N,4.0,141500.0
Brookhaven,2046.0,sqft,6838.0,3,2.5,1.0,1979.0,No,4,8,Y,Y,N,7.0,$431.4K
Brookhaven,1506.0,sqft,5601.0,2,1.5,2.0,2004.0,Yes,5,9,Y,Y,N,8.0,$398.1K
Brookhaven,1913.0,sqft,2571.0,3,2.0,3.0,1978.0,No,3,9,N,N,N,9.0,$403.3K
Maple Grove,2369.0,sqft,4889.0,4,3.5,2.0,1981.0,No,3,7,N,N,Y,6.0,435300.0
Harbor Point,1308.0,sqft,2917.0,2,2.5,1.0,2012.0,No,4,8,Y,N,Y,,$442.0K
Maple Grove,634.0,sqft,2132.0,1,1.0,1.0,1958.0,No,1,10,Y,N,N,3.0,$72.0K
Maple Grove,1469.0,sqft,5167.0,2,1.5,1.5,1964.0,No,2,3,Y,Y,N,8.0,$190.1K
Cedar Falls,1020.0,sqft,2121.0,2,1.0,1.0,1931.0,Yes,2,5,N,N,N,6.0,108600.0
Maple Grove,1139.0,sqft,2881.0,1,1.0,1.5,1987.0,Yes,1,4,Y,N,N,2.0,152000.0
Sunridge,2060.0,sqft,3452.0,4,2.5,2.0,1944.0,No,4,5,Y,N,N,5.0,151200.0
Brookhaven,1372.0,sqft,2459.0,3,2.0,3.0,1939.0,No,4,8,Y,N,N,8.0,243900.0
Harbor Point,1856.0,sqft,5679.0,3,2.5,1.0,1957.0,No,5,3,N,N,N,5.0,$420.8K
Riverside Park,1487.0,sqft,5676.0,2,1.5,1.0,1972.0,No,4,9,Y,Y,N,9.0,$263.5K
Northgate,1671.0,sqft,4620.0,3,2.5,2.0,2006.0,No,5,10,Y,N,N,7.0,214600.0
Northgate,3204.0,sqft,7441.0,5,3.5,1.0,1951.0,No,3,6,Y,Y,N,5.0,$232.3K
Harbor Point,2002.0,sqft,6802.0,1,1.0,2.0,1988.0,Yes,3,6,Y,Y,Y,5.0,748900.0
Old Mill District,2454.0,sqft,6997.0,5,2.0,2.5,1985.0,No,4,10,Y,Y,N,3.0,$543.5K
Harbor Point,2654.0,sqft,3815.0,4,3.0,1.0,1960.0,Yes,2,9,Y,Y,N,8.0,819100.0
Sunridge,1289.0,sqft,1771.0,2,2.0,1.0,1976.0,Yes,5,4,N,Y,N,4.0,$113.6K
Brookhaven,1524.0,sqft,2022.0,2,2.0,1.0,1993.0,Yes,2,5,Y,Y,N,,$337.4K
Sunridge,2315.0,sqft,8491.0,4,2.5,1.0,1931.0,No,4,10,Y,Y,Y,7.0,249900.0
Harbor Point,926.0,sqft,2465.0,1,1.5,1.0,2001.0,No,5,8,Y,N,N,7.0,$277.9K
Northgate,1107.0,sqft,3637.0,1,1.5,2.0,1941.0,Yes,3,10,N,N,N,,83100.0
Sunridge,1491.0,sqft,2640.0,3,2.5,1.5,1920.0,No,1,10,Y,N,N,5.0,124500.0
Old Mill District,859.0,sqft,3297.0,1,1.0,2.0,2010.0,No,2,6,N,Y,N,3.0,$245.0K
Brookhaven,1264.0,sqft,2096.0,3,2.5,2.0,1926.0,No,2,10,N,N,N,8.0,$215.8K
Cedar Falls,1586.0,sqft,4454.0,2,1.5,3.0,1977.0,Yes,3,9,N,N,N,4.0,215200.0
Brookhaven,183.5,sqm,3809.0,4,3.5,2.0,2010.0,No,3,7,Y,N,N,7.0,402100.0
Harbor Point,1687.0,sqft,5309.0,2,1.5,1.0,1923.0,Yes,3,9,Y,Y,N,2.0,403100.0
Harbor Point,1862.0,sqft,3591.0,2,2.0,3.0,1938.0,Yes,2,5,Y,Y,N,5.0,$478.8K
Northgate,2240.0,sqft,5217.0,3,2.5,1.5,1947.0,No,2,3,Y,N,N,5.0,$143.8K
Riverside Park,1518.0,sqft,5934.0,2,1.5,3.0,1980.0,No,2,7,N,Y,N,6.0,213100.0
Northgate,3152.0,sqft,12106.0,5,4.0,2.5,2009.0,No,3,8,N,N,N,7.0,$300.5K
Brookhaven,229.9,sqm,6837.0,3,3.5,1.5,2013.0,No,2,9,Y,Y,N,5.0,551800.0
Cedar Falls,1154.0,sqft,3560.0,1,1.0,1.0,1974.0,Yes,3,4,Y,N,N,,$160.5K
Sunridge,2830.0,sqft,3625.0,4,3.0,2.0,1948.0,No,2,6,Y,N,N,6.0,254200.0
Riverside Park,2224.0,sqft,6321.0,3,2.5,1.0,2014.0,No,4,4,N,N,N,6.0,401100.0
Cedar Falls,2989.0,sqft,3817.0,5,5.0,1.0,1988.0,No,2,8,Y,Y,N,,384400.0
Sunridge,1707.0,sqft,5971.0,4,2.5,3.0,1977.0,No,5,10,N,N,N,7.0,207300.0
Brookhaven,148.2,sqm,4154.0,2,1.5,1.0,2001.0,No,4,7,N,N,N,7.0,316300.0
Maple Grove,888.0,sqft,2346.0,1,1.0,2.0,1996.0,No,4,4,Y,N,N,6.0,143100.0
Sunridge,1645.0,sqft,4242.0,3,2.5,2.5,2017.0,No,4,5,Y,Y,N,,$167.3K
Maple Grove,1332.0,sqft,3762.0,1,1.0,1.0,1934.0,No,4,7,Y,N,N,6.0,179800.0
Riverside Park,569.0,sqft,1536.0,1,1.0,1.0,1978.0,No,2,7,Y,N,N,6.0,93700.0
Harbor Point,2464.0,sqft,6288.0,4,4.0,2.0,1952.0,No,4,9,Y,N,N,4.0,627900.0
Sunridge,1881.0,sqft,7429.0,3,2.0,2.0,2000.0,No,3,5,Y,N,N,5.0,204300.0
Brookhaven,1880.0,sqft,5977.0,3,1.5,1.0,1986.0,No,3,8,Y,N,N,7.0,388600.0
Northgate,2370.0,sqft,3246.0,3,2.5,2.0,1973.0,No,3,4,Y,Y,Y,3.0,216000.0
Sunridge,714.0,sqft,1100.0,1,1.0,2.0,1921.0,No,3,5,Y,N,N,7.0,64400.0
Maple Grove,1012.0,sqft,3689.0,2,2.5,2.0,2003.0,No,3,6,Y,Y,N,7.0,190900.0
Cedar Falls,2479.0,sqft,4367.0,3,1.5,2.0,1971.0,No,3,8,N,Y,N,7.0,278000.0
Brookhaven,287.9,sqm,4071.0,5,3.5,1.0,1950.0,No,5,10,Y,Y,N,6.0,$558.3K
Cedar Falls,2077.0,sqft,6704.0,2,1.0,2.0,1940.0,No,3,4,Y,N,N,5.0,$219.4K
Sunridge,1660.0,sqft,5828.0,2,2.0,2.0,1922.0,No,4,10,Y,N,Y,6.0,171200.0
Northgate,1354.0,sqft,3134.0,1,1.0,1.0,2007.0,No,3,6,Y,N,N,7.0,$129.0K
Maple Grove,2406.0,sqft,8676.0,4,3.0,2.0,1957.0,No,3,4,Y,N,N,5.0,$277.9K
Sunridge,500.0,sqft,1145.0,1,1.5,2.0,2023.0,No,4,5,Y,Y,N,5.0,58100.0
Maple Grove,1545.0,sqft,4648.0,2,1.5,3.0,1923.0,No,3,7,Y,Y,N,8.0,157100.0
Cedar Falls,2493.0,sqft,9728.0,4,3.0,1.0,1966.0,Yes,5,8,Y,Y,N,7.0,$359.8K
Maple Grove,1189.0,sqft,3739.0,3,2.0,1.0,,No,3,6,Y,Y,N,7.0,139300.0
Old Mill District,1581.0,sqft,2686.0,2,2.5,3.0,2019.0,No,4,4,N,N,N,5.0,377300.0
Maple Grove,1205.0,sqft,1816.0,3,2.5,2.0,1960.0,Yes,5,8,Y,Y,Y,2.0,$190.6K
Maple Grove,1421.0,sqft,3026.0,2,1.0,2.0,1951.0,No,4,4,Y,N,N,7.0,$189.8K
Riverside Park,1547.0,sqft,2055.0,3,1.5,1.0,1986.0,No,3,4,Y,N,N,8.0,$258.9K
Northgate,1836.0,sqft,4267.0,3,2.0,2.5,2000.0,Yes,4,3,N,Y,N,8.0,$183.9K
Harbor Point,1783.0,sqft,6267.0,3,1.0,2.0,2008.0,No,1,6,Y,Y,N,7.0,553800.0
Old Mill District,202.1,sqm,6108.0,4,3.0,1.5,1920.0,Yes,3,7,Y,N,N,4.0,428400.0
Riverside Park,199.1,sqm,6081.0,2,1.0,1.5,1931.0,No,3,4,Y,N,N,3.0,$270.3K
Old Mill District,2164.0,sqft,5399.0,2,1.5,1.0,1972.0,No,3,6,Y,N,N,8.0,442200.0
Riverside Park,190.7,sqm,5126.0,3,2.0,2.0,1940.0,No,3,10,Y,N,N,6.0,$347.0K
Old Mill District,2626.0,sqft,3893.0,4,3.0,1.0,2023.0,No,4,6,Y,Y,Y,6.0,830900.0
Brookhaven,1350.0,sqft,3153.0,2,1.5,1.0,1928.0,No,4,7,Y,N,N,4.0,258700.0
Cedar Falls,2308.0,sqft,4849.0,3,2.5,2.0,1959.0,No,4,3,Y,N,N,5.0,290300.0
Cedar Falls,1919.0,sqft,3566.0,2,1.5,1.0,1972.0,Yes,4,10,Y,N,N,3.0,$257.3K
Northgate,1717.0,sqft,3881.0,3,3.0,2.0,1928.0,No,5,10,N,Y,N,5.0,141100.0
Northgate,1645.0,sqft,4998.0,2,1.0,2.0,2003.0,No,5,4,N,N,N,7.0,$146.3K
Maple Grove,500.0,sqft,1615.0,1,1.5,1.0,1937.0,Yes,2,10,Y,N,N,7.0,$68.7K
Sunridge,1540.0,sqft,2682.0,3,2.5,2.0,1921.0,No,1,8,Y,N,N,6.0,$134.6K
Riverside Park,2286.0,sqft,3789.0,4,3.0,1.0,,No,3,6,Y,N,N,7.0,$316.4K
Northgate,1444.0,sqft,5002.0,2,1.0,1.5,1999.0,No,4,9,Y,N,N,8.0,158400.0
Harbor Point,862.0,sqft,2914.0,1,1.0,2.5,1947.0,No,4,4,Y,Y,N,,220200.0
Maple Grove,1558.0,sqft,5952.0,2,1.5,1.0,1971.0,No,4,3,Y,Y,N,9.0,219500.0
Old Mill District,1146.0,sqft,4171.0,1,1.0,3.0,1951.0,Yes,3,8,Y,N,N,7.0,280000.0
Brookhaven,1784.0,sqft,6032.0,3,2.0,2.5,2020.0,No,3,6,Y,Y,N,3.0,$385.1K
Maple Grove,1210.0,sqft,1706.0,3,2.5,1.0,1975.0,Yes,2,6,N,Y,N,7.0,161300.0
Old Mill District,305.2,sqm,8652.0,4,2.5,1.0,1937.0,Yes,3,4,Y,Y,N,6.0,689500.0
Riverside Park,2692.0,sqft,4114.0,4,3.0,2.0,1967.0,No,5,5,Y,Y,N,6.0,$426.7K
Harbor Point,242.0,sqm,8033.0,4,2.5,1.0,1990.0,No,3,4,Y,N,N,3.0,$719.3K
Brookhaven,925.0,sqft,2918.0,2,1.0,2.0,1994.0,No,3,4,Y,N,N,6.0,183700.0
Old Mill District,1338.0,sqft,3929.0,2,1.0,2.0,1987.0,Yes,2,6,Y,N,N,9.0,$383.4K
Sunridge,1709.0,sqft,6396.0,3,1.5,2.0,1986.0,No,3,9,Y,N,N,5.0,$210.0K
Maple Grove,1537.0,sqft,2911.0,1,1.0,1.0,1989.0,No,3,9,N,N,N,1.0,190300.0
Cedar Falls,2841.0,sqft,5213.0,5,3.5,2.5,1999.0,No,2,9,Y,Y,N,8.0,$474.2K
Sunridge,247.6,sqm,8628.0,5,4.5,2.0,1921.0,No,2,4,Y,N,N,7.0,$228.3K
Sunridge,1366.0,sqft,4843.0,1,1.0,2.0,1992.0,No,3,5,Y,Y,N,4.0,$149.6K
Sunridge,585.0,sqft,2189.0,1,1.0,1.0,1974.0,Yes,3,3,N,Y,N,6.0,49200.0
Maple Grove,1061.0,sqft,1514.0,1,1.0,2.0,1969.0,Yes,3,9,Y,N,N,6.0,142600.0
Brookhaven,84.4,sqm,1401.0,1,1.0,2.0,1921.0,No,5,8,N,Y,N,4.0,$154.4K
Maple Grove,793.0,sqft,1188.0,2,2.0,3.0,1931.0,Yes,4,8,Y,N,N,5.0,95100.0
Cedar Falls,2865.0,sqft,6091.0,5,3.5,1.0,1965.0,No,2,10,Y,,Y,1.0,385600.0
Old Mill District,2462.0,sqft,8716.0,5,3.5,1.0,1987.0,Yes,3,10,N,N,N,2.0,645200.0
Cedar Falls,2220.0,sqft,4809.0,2,1.5,2.0,1979.0,No,3,9,Y,Y,N,6.0,$303.8K
Brookhaven,2420.0,sqft,7446.0,4,3.5,2.0,1951.0,Yes,4,5,Y,Y,Y,8.0,458400.0
Cedar Falls,2025.0,sqft,6824.0,3,1.5,2.0,1954.0,No,5,9,Y,N,Y,8.0,$263.9K
Sunridge,2267.0,sqft,3239.0,2,2.0,1.0,1921.0,No,3,4,N,Y,N,7.0,$189.2K
Northgate,170.3,sqm,5678.0,1,1.0,2.0,1933.0,Yes,1,10,Y,Y,N,9.0,189000.0
Cedar Falls,1491.0,sqft,5413.0,2,2.0,1.0,2016.0,No,4,6,N,Y,N,7.0,$214.5K
Cedar Falls,3022.0,sqft,6187.0,5,4.5,3.0,1925.0,Yes,1,9,Y,Y,N,8.0,426700.0
Sunridge,2534.0,sqft,4439.0,4,2.0,2.0,1958.0,No,4,4,Y,N,N,6.0,$268.8K
Brookhaven,1627.0,sqft,3049.0,2,1.0,2.0,2001.0,No,3,5,Y,N,N,8.0,343800.0
Brookhaven,1783.0,sqft,4295.0,2,1.5,3.0,1987.0,Yes,4,7,Y,N,N,3.0,285800.0
Sunridge,222.7,sqm,8831.0,3,2.0,3.0,1999.0,No,3,3,Y,N,N,,249600.0
Northgate,1943.0,sqft,6634.0,3,3.0,2.0,1928.0,No,2,9,Y,Y,N,5.0,170000.0
Sunridge,1894.0,sqft,6655.0,3,2.0,3.0,1990.0,No,5,9,Y,N,N,5.0,224000.0
Sunridge,2187.0,sqft,6539.0,4,3.0,2.0,2003.0,No,3,5,Y,Y,N,4.0,$262.0K
Cedar Falls,2002.0,sqft,6513.0,2,2.0,2.5,1994.0,Yes,4,6,Y,N,N,8.0,367300.0
Harbor Point,1866.0,sqft,4054.0,2,1.5,2.0,1947.0,Yes,3,10,N,N,N,8.0,494500.0
Northgate,1574.0,sqft,4071.0,2,1.5,2.5,2007.0,No,4,4,Y,Y,N,5.0,$146.7K
Old Mill District,1458.0,sqft,2524.0,2,1.0,2.0,1975.0,No,4,3,Y,N,N,5.0,339000.0
Northgate,255.1,sqm,6699.0,5,3.5,1.0,1977.0,No,1,6,Y,Y,N,8.0,257100.0
Riverside Park,174.1,sqm,4721.0,3,2.0,1.0,1947.0,No,2,4,Y,Y,Y,5.0,256100.0
Maple Grove,1706.0,sqft,4690.0,2,1.0,2.0,1991.0,No,1,8,Y,Y,N,8.0,247100.0
Riverside Park,2214.0,sqft,6956.0,3,3.0,3.0,1953.0,Yes,3,7,N,N,N,5.0,329700.0
Harbor Point,2377.0,sqft,4478.0,3,2.0,2.0,1997.0,No,5,7,Y,Y,N,4.0,738300.0
Harbor Point,1000.0,sqft,2813.0,1,1.0,2.0,1944.0,No,5,3,Y,Y,N,7.0,236300.0
Riverside Park,153.9,sqm,4251.0,3,2.5,2.0,1953.0,Yes,3,8,Y,N,N,8.0,$288.9K
Brookhaven,2266.0,sqft,6501.0,3,1.5,2.0,1936.0,Yes,3,7,Y,Y,N,7.0,$447.4K
Northgate,917.0,sqft,1374.0,2,1.5,2.0,1945.0,No,4,7,Y,N,N,5.0,$69.0K
Old Mill District,2469.0,sqft,4121.0,3,2.5,1.0,,No,4,4,Y,N,N,4.0,395200.0
Northgate,1896.0,sqft,7168.0,2,2.0,2.5,1931.0,No,5,6,Y,Y,N,9.0,156900.0
Brookhaven,2037.0,sqft,4039.0,2,1.0,2.0,1983.0,No,1,9,Y,N,N,7.0,378100.0
Harbor Point,1729.0,sqft,2785.0,3,3.0,1.0,1953.0,No,1,7,N,Y,N,6.0,$379.1K
Sunridge,202.6,sqm,2897.0,3,3.0,2.0,1926.0,No,2,10,Y,N,N,5.0,$193.8K
Brookhaven,1333.0,sqft,3123.0,2,2.5,1.0,1971.0,No,4,7,Y,Y,N,2.0,227600.0
Maple Grove,1516.0,sqft,2833.0,2,2.0,1.0,1944.0,Yes,2,8,N,N,N,,192400.0
Brookhaven,2142.0,sqft,6746.0,3,2.0,3.0,1940.0,Yes,2,3,Y,N,N,7.0,426000.0
Brookhaven,1539.0,sqft,5882.0,2,1.5,2.0,1973.0,No,3,7,Y,,N,7.0,293800.0
Maple Grove,229.1,sqm,5235.0,4,2.5,2.0,1959.0,Yes,3,3,N,Y,N,6.0,$309.2K
Sunridge,282.0,sqm,5954.0,5,4.5,1.5,1974.0,No,5,8,Y,N,N,1.0,$250.4K
Brookhaven,2611.0,sqft,4983.0,4,3.0,3.0,1967.0,No,2,7,Y,Y,N,2.0,$467.5K
Maple Grove,885.0,sqft,2169.0,2,2.0,1.0,1931.0,Yes,4,7,N,Y,N,5.0,125500.0
Northgate,2030.0,sqft,7989.0,2,2.5,1.0,2004.0,Yes,2,6,Y,Y,N,7.0,215200.0
Cedar Falls,1350.0,sqft,4436.0,2,1.5,2.0,1968.0,Yes,2,9,N,N,N,5.0,$177.5K
Riverside Park,1551.0,sqft,4304.0,2,1.5,1.5,,Yes,2,8,Y,N,N,6.0,240300.0
Harbor Point,1958.0,sqft,4672.0,2,1.5,2.5,1986.0,Yes,5,6,Y,Y,N,6.0,577000.0
Maple Grove,1920.0,sqft,4568.0,3,2.5,3.0,1956.0,Yes,4,7,Y,N,N,,233200.0
Harbor Point,2232.0,sqft,8234.0,4,2.5,3.0,1969.0,No,5,4,Y,Y,N,6.0,546500.0
Old Mill District,2086.0,sqft,8221.0,3,1.5,1.0,1989.0,No,5,8,Y,Y,N,3.0,$545.3K
Northgate,2482.0,sqft,4881.0,4,2.5,2.0,1997.0,No,2,7,Y,N,N,5.0,196200.0
Riverside Park,1453.0,sqft,3871.0,1,1.0,2.0,1968.0,No,3,6,Y,N,N,5.0,231000.0
Riverside Park,97.6,sqm,2418.0,1,1.0,1.0,1964.0,No,5,3,N,N,Y,5.0,121600.0
Northgate,2801.0,sqft,4054.0,4,3.0,2.0,1962.0,No,3,3,Y,N,N,6.0,$205.1K
Riverside Park,160.9,sqm,6285.0,3,2.5,1.0,1966.0,No,3,6,N,N,Y,5.0,$288.4K
Northgate,3252.0,sqft,4213.0,5,3.5,1.0,1953.0,No,4,6,Y,N,N,6.0,$249.4K
Maple Grove,1344.0,sqft,2432.0,3,2.5,1.0,1937.0,Yes,2,5,N,N,N,6.0,$155.0K
Brookhaven,1368.0,sqft,1859.0,3,3.5,1.0,1974.0,Yes,5,6,Y,N,N,9.0,$279.1K
Cedar Falls,1124.0,sqft,2209.0,2,2.0,2.0,2017.0,No,3,6,Y,N,N,6.0,160900.0
Old Mill District,2132.0,sqft,3101.0,3,2.0,2.0,2010.0,No,5,6,Y,N,N,6.0,556200.0
Old Mill District,1704.0,sqft,2305.0,3,2.5,2.5,1992.0,No,4,10,N,N,N,7.0,$349.5K
Northgate,143.4,sqm,4438.0,3,2.5,3.0,1940.0,No,3,10,N,Y,N,8.0,$139.1K
Old Mill District,2587.0,sqft,10236.0,4,2.5,2.0,2003.0,No,3,10,Y,N,N,3.0,$666.9K
Sunridge,2678.0,sqft,3404.0,5,3.5,2.0,1987.0,No,4,3,Y,N,Y,5.0,$289.9K
Brookhaven,2403.0,sqft,4465.0,4,3.0,1.0,2012.0,No,4,4,Y,Y,N,8.0,555900.0
Maple Grove,2528.0,sqft,4168.0,4,3.0,2.5,1951.0,No,4,6,Y,Y,N,7.0,308500.0
Cedar Falls,1714.0,sqft,2438.0,2,2.0,1.5,1989.0,No,3,10,Y,Y,N,6.0,256700.0
Cedar Falls,1236.0,sqft,1618.0,2,1.5,1.0,2003.0,No,2,10,Y,N,N,4.0,$153.7K
Northgate,259.2,sqm,5274.0,5,4.0,2.0,1986.0,No,4,6,Y,Y,N,,$267.9K
Brookhaven,1244.0,sqft,1910.0,3,2.5,1.0,1922.0,No,2,4,Y,Y,N,8.0,$226.0K
Sunridge,1610.0,sqft,5770.0,3,2.5,1.0,1966.0,Yes,3,8,Y,N,N,5.0,$167.0K
Maple Grove,3262.0,sqft,6947.0,7,5.0,1.0,1987.0,No,5,7,N,Y,N,7.0,540800.0
Sunridge,174.3,sqm,3204.0,3,2.5,2.0,1934.0,Yes,3,10,Y,N,N,6.0,$163.2K
Sunridge,99.5,sqm,1357.0,2,1.0,2.0,1983.0,No,3,5,Y,Y,N,5.0,107700.0
Riverside Park,145.2,sqm,5350.0,3,2.5,1.0,1996.0,Yes,5,5,N,N,N,7.0,$250.3K
Old Mill District,190.1,sqm,3579.0,3,2.0,2.5,1979.0,No,1,10,Y,Y,N,9.0,$669.2K
Old Mill District,2185.0,sqft,8135.0,3,2.0,2.0,2016.0,No,4,4,N,Y,N,6.0,$603.4K
Cedar Falls,2042.0,sqft,7161.0,2,1.0,1.0,2001.0,No,4,5,Y,Y,N,,$335.9K
Riverside Park,132.8,sqm,5699.0,2,1.5,2.0,1987.0,Yes,4,3,N,Y,N,,$251.9K
Cedar Falls,2491.0,sqft,3756.0,4,3.0,1.0,1945.0,Yes,5,6,N,N,N,4.0,308900.0
Harbor Point,874.0,sqft,2310.0,1,1.5,1.5,,Yes,4,9,Y,Y,N,5.0,$231.6K
Maple Grove,1986.0,sqft,5992.0,3,2.0,1.0,1924.0,No,3,8,Y,N,N,5.0,245400.0
Northgate,170.3,sqm,6094.0,3,2.5,1.0,1978.0,No,3,3,Y,N,N,6.0,155900.0
Northgate,1201.0,sqft,2636.0,1,1.0,3.0,1948.0,No,4,9,Y,N,N,4.0,$86.7K
Old Mill District,1691.0,sqft,4613.0,1,1.0,1.0,1927.0,Yes,4,9,N,,N,7.0,$350.5K
Riverside Park,550.0,sqft,1285.0,1,1.0,1.0,1994.0,No,3,7,Y,Y,N,8.0,118900.0
Cedar Falls,1526.0,sqft,4014.0,2,2.0,1.0,1924.0,No,3,9,Y,,N,10.0,$157.8K
Riverside Park,1385.0,sqft,5228.0,2,1.5,1.0,1967.0,Yes,4,3,Y,N,N,7.0,235000.0
Riverside Park,622.0,sqft,2328.0,1,1.0,2.0,1961.0,No,4,7,N,N,N,6.0,$86.5K
Riverside Park,1732.0,sqft,2500.0,2,1.5,1.0,1930.0,Yes,3,9,N,N,N,6.0,264100.0
Sunridge,217.9,sqm,5790.0,4,2.5,3.0,1923.0,Yes,2,7,Y,Y,N,5.0,$208.7K
Sunridge,500.0,sqft,1567.0,1,1.0,1.0,1935.0,No,4,7,N,Y,N,,45000
Maple Grove,2431.0,sqft,6267.0,5,4.5,2.5,1984.0,Yes,3,6,Y,Y,N,6.0,$442.2K
Northgate,2546.0,sqft,8484.0,4,3.0,2.0,1936.0,Yes,5,6,Y,N,N,8.0,$176.9K
Maple Grove,855.0,sqft,2330.0,1,1.0,1.0,1989.0,No,4,6,Y,Y,N,5.0,140500.0
Cedar Falls,1082.0,sqft,2811.0,2,2.0,1.0,1984.0,No,3,7,N,Y,N,5.0,132000.0
Northgate,1865.0,sqft,4215.0,3,3.0,2.0,1920.0,No,3,9,Y,Y,N,3.0,$137.7K
Brookhaven,2341.0,sqft,5396.0,4,3.0,1.0,1985.0,No,3,3,N,N,N,6.0,$403.2K
Riverside Park,2245.0,sqft,8501.0,3,2.5,2.0,1933.0,No,4,8,Y,N,N,,399700.0
Riverside Park,1581.0,sqft,2658.0,3,2.5,2.5,2011.0,No,4,4,Y,Y,N,7.0,$352.4K
Harbor Point,1690.0,sqft,3448.0,3,2.0,1.0,1934.0,No,4,4,N,N,N,8.0,$319.2K
Maple Grove,2347.0,sqft,4456.0,4,2.5,2.0,1936.0,No,3,3,N,N,N,4.0,$236.4K
Old Mill District,2228.0,sqft,8304.0,3,2.5,1.5,2018.0,No,3,7,Y,Y,N,3.0,$563.9K
Cedar Falls,1374.0,sqft,4647.0,3,2.0,2.0,1966.0,Yes,3,9,Y,Y,N,6.0,192300.0
Maple Grove,1759.0,sqft,3377.0,2,1.0,2.5,1970.0,Yes,3,3,N,N,N,4.0,$238.6K
Cedar Falls,1679.0,sqft,5939.0,3,4.0,1.0,,Yes,1,3,Y,N,N,7.0,$179.0K
Cedar Falls,2087.0,sqft,7551.0,5,3.5,2.0,2012.0,No,4,10,Y,Y,N,4.0,324900.0
Northgate,1349.0,sqft,2961.0,2,1.5,2.0,1940.0,No,3,6,Y,N,N,,100200.0
Brookhaven,1769.0,sqft,5325.0,3,2.0,2.5,1951.0,No,3,7,N,Y,N,,$256.6K
Old Mill District,94.4,sqm,3003.0,2,2.0,1.5,1955.0,No,5,8,Y,N,N,3.0,212900.0
Harbor Point,1052.0,sqft,1365.0,1,1.5,1.5,1937.0,No,3,10,Y,Y,N,9.0,$275.2K
Northgate,1571.0,sqft,5651.0,2,1.5,3.0,1946.0,Yes,4,6,Y,N,N,,116100.0
Brookhaven,1466.0,sqft,4853.0,2,1.5,2.0,1943.0,No,5,5,N,N,N,8.0,247600.0
Old Mill District,1244.0,sqft,2822.0,2,1.5,1.5,2011.0,No,5,3,N,N,N,6.0,299700.0
Cedar Falls,1869.0,sqft,6291.0,3,2.5,1.0,1960.0,No,5,9,Y,Y,N,8.0,$289.1K
Maple Grove,1674.0,sqft,2444.0,2,1.5,2.0,1979.0,Yes,5,9,Y,Y,N,5.0,$260.8K
Brookhaven,2272.0,sqft,5207.0,4,2.5,2.5,1940.0,Yes,3,6,Y,Y,N,6.0,$481.0K
Brookhaven,1575.0,sqft,5826.0,3,2.5,1.5,1946.0,No,4,4,N,N,N,4.0,223700.0
Old Mill District,217.7,sqm,5138.0,3,2.5,2.0,2012.0,No,4,7,Y,N,N,4.0,510000.0
Northgate,1138.0,sqft,3931.0,3,1.5,1.5,2013.0,No,4,5,Y,N,N,8.0,127500.0
Northgate,1712.0,sqft,3655.0,3,2.5,2.5,2014.0,No,2,4,Y,Y,N,9.0,$185.9K
Sunridge,1432.0,sqft,5471.0,3,2.0,2.0,2007.0,No,4,8,Y,Y,N,4.0,$169.4K
Cedar Falls,2468.0,sqft,6234.0,4,2.0,1.0,1988.0,No,4,8,Y,Y,N,7.0,370500.0
Riverside Park,2652.0,sqft,6850.0,3,2.5,2.5,1975.0,Yes,4,7,Y,Y,N,6.0,440700.0
Brookhaven,2190.0,sqft,5443.0,3,2.0,1.5,1935.0,No,3,4,N,Y,N,10.0,$413.1K
Riverside Park,1484.0,sqft,3655.0,2,2.0,2.0,1951.0,No,4,5,N,N,N,7.0,$239.6K
Old Mill District,1541.0,sqft,3343.0,3,3.0,2.0,1973.0,No,5,10,Y,Y,N,6.0,356300.0
Maple Grove,1092.0,sqft,2676.0,1,1.0,1.5,1989.0,No,5,7,Y,Y,N,5.0,$174.9K
Cedar Falls,277.3,sqm,11387.0,4,2.5,1.0,1942.0,No,4,10,Y,Y,N,7.0,$410.1K
Maple Grove,1834.0,sqft,,3,2.0,2.0,1970.0,Yes,1,9,N,N,N,7.0,301700.0
Northgate,1830.0,sqft,5692.0,2,1.5,2.0,1930.0,No,3,9,Y,Y,N,5.0,$146.7K
Maple Grove,296.7,sqm,10688.0,5,4.0,1.5,2022.0,No,3,9,N,Y,N,4.0,$498.4K
Brookhaven,194.7,sqm,6855.0,3,4.0,2.0,1975.0,No,3,9,Y,N,N,3.0,368800.0
Cedar Falls,2389.0,sqft,5513.0,3,2.0,2.0,1989.0,No,5,6,Y,Y,N,7.0,$338.1K
Sunridge,108.3,sqm,3098.0,3,2.5,2.5,1944.0,Yes,3,8,Y,Y,N,7.0,110500.0
Sunridge,184.8,sqm,2488.0,3,2.5,1.5,1921.0,Yes,2,8,Y,Y,N,6.0,212100.0
Old Mill District,500.0,sqft,1726.0,1,1.0,2.5,1947.0,Yes,4,6,N,N,N,7.0,$117.0K
Harbor Point,2759.0,sqft,6704.0,6,3.0,1.5,1938.0,No,3,9,N,Y,N,6.0,754900.0
Maple Grove,2157.0,sqft,7106.0,2,1.0,2.0,1936.0,No,2,3,Y,N,N,5.0,194600.0
Riverside Park,2953.0,sqft,9498.0,5,4.5,2.0,2012.0,No,3,10,N,Y,N,8.0,728000.0
Cedar Falls,178.6,sqm,3574.0,2,1.5,2.5,1987.0,No,3,7,N,N,Y,4.0,269100.0
Harbor Point,2106.0,sqft,7807.0,3,2.5,1.0,1934.0,No,2,8,N,,N,6.0,418000.0
Northgate,1383.0,sqft,3298.0,2,1.5,2.0,2009.0,No,2,10,Y,N,N,3.0,$99.5K
Cedar Falls,187.2,sqm,6863.0,3,2.5,1.0,1997.0,Yes,3,10,Y,N,N,10.0,$322.6K
Old Mill District,2818.0,sqft,4130.0,4,3.0,2.0,1994.0,No,2,4,N,Y,N,7.0,$749.6K
Northgate,46.4,sqm,1543.0,2,2.5,2.0,1972.0,No,3,7,Y,N,N,6.0,45000
Old Mill District,2840.0,sqft,4076.0,4,3.0,1.5,1958.0,No,1,6,Y,N,N,9.0,$622.2K
Harbor Point,143.3,sqm,4362.0,3,2.5,2.0,1961.0,No,3,5,Y,N,N,4.0,367200.0
Brookhaven,1361.0,sqft,3757.0,2,1.0,3.0,1964.0,Yes,2,7,Y,N,N,5.0,$242.8K
Brookhaven,2513.0,sqft,8664.0,4,3.0,2.0,2014.0,No,4,10,Y,N,N,6.0,$592.9K
Old Mill District,1990.0,sqft,3939.0,3,2.5,1.0,1924.0,No,5,9,Y,N,Y,8.0,$512.7K
Harbor Point,757.0,sqft,2671.0,2,2.0,1.0,1998.0,No,2,3,Y,Y,N,7.0,$216.1K
Cedar Falls,2852.0,sqft,4789.0,5,4.0,1.0,1984.0,No,5,9,Y,N,N,7.0,450700.0
Cedar Falls,2087.0,sqft,7781.0,3,1.0,2.0,1924.0,Yes,3,8,Y,N,N,10.0,$297.7K
Harbor Point,210.4,sqm,3793.0,4,3.0,2.0,2012.0,No,4,8,Y,Y,N,6.0,$693.5K
Sunridge,2192.0,sqft,2765.0,4,3.0,1.0,2013.0,No,1,4,Y,Y,N,9.0,231700.0
Maple Grove,236.7,sqm,4537.0,4,3.0,1.0,1961.0,Yes,4,7,Y,Y,N,7.0,370300.0
Riverside Park,595.0,sqft,831.0,1,1.0,1.0,1982.0,Yes,5,7,Y,N,N,6.0,$116.3K
Brookhaven,735.0,sqft,2735.0,1,1.0,1.0,2003.0,Yes,1,6,Y,Y,N,6.0,$196.2K
Cedar Falls,2069.0,sqft,4535.0,3,1.5,1.5,1956.0,No,4,9,Y,Y,N,5.0,$209.8K
Sunridge,1818.0,sqft,6803.0,3,3.0,2.0,1926.0,No,4,9,Y,N,N,6.0,$187.2K
Brookhaven,672.0,sqft,2681.0,1,1.0,2.0,1971.0,Yes,4,6,Y,N,N,8.0,$150.5K
Northgate,1436.0,sqft,5041.0,2,1.0,2.0,1949.0,No,3,4,N,Y,N,6.0,102000.0
Maple Grove,1487.0,sqft,4846.0,1,1.0,1.0,1973.0,No,4,8,Y,Y,N,5.0,$208.2K
Maple Grove,1253.0,sqft,1624.0,2,2.0,2.5,1965.0,Yes,2,4,N,Y,N,6.0,$159.7K
Old Mill District,1603.0,sqft,4618.0,2,1.5,3.0,1931.0,No,4,9,Y,Y,N,6.0,$360.6K
Brookhaven,2514.0,sqft,9542.0,4,3.0,2.5,1960.0,No,2,9,N,N,N,6.0,$443.2K
Northgate,1601.0,sqft,6143.0,3,2.0,2.0,1924.0,No,5,6,Y,N,N,4.0,113400.0
Old Mill District,2123.0,sqft,3216.0,4,3.5,1.0,1949.0,No,4,6,N,,N,8.0,$406.4K
Maple Grove,1651.0,sqft,5429.0,2,2.5,3.0,1974.0,Yes,5,8,Y,N,Y,3.0,$295.1K
Sunridge,2061.0,sqft,4824.0,3,2.5,2.5,2020.0,No,3,7,Y,Y,N,6.0,$250.4K
Riverside Park,2217.0,sqft,6032.0,4,3.0,2.0,1999.0,No,4,7,Y,N,N,7.0,$429.3K
Maple Grove,1132.0,sqft,3135.0,3,1.5,1.0,1946.0,No,1,9,Y,N,N,6.0,$143.6K
Brookhaven,1105.0,sqft,1604.0,1,1.0,2.0,1988.0,Yes,3,7,N,Y,N,4.0,$197.1K
Sunridge,1670.0,sqft,5662.0,3,1.0,3.0,1940.0,No,5,3,Y,,N,4.0,126500.0
Sunridge,1355.0,sqft,2155.0,2,1.5,1.0,1963.0,No,3,7,N,N,N,7.0,$111.6K
Northgate,500.0,sqft,1754.0,1,1.0,1.0,1981.0,No,2,7,N,N,N,6.0,45000
Maple Grove,1933.0,sqft,3970.0,3,1.5,1.0,1995.0,No,5,6,Y,N,N,7.0,$246.9K
Northgate,302.0,sqm,6258.0,5,2.5,2.5,1975.0,No,3,4,Y,N,N,8.0,303300.0
Harbor Point,1631.0,sqft,2315.0,2,1.5,2.0,1974.0,Yes,2,4,Y,Y,N,,$444.5K
Harbor Point,1478.0,sqft,4384.0,3,2.0,3.0,1953.0,Yes,2,6,N,Y,N,5.0,$371.2K
Old Mill District,1488.0,sqft,4969.0,2,1.5,2.5,1997.0,No,4,3,Y,N,N,9.0,417600.0
Cedar Falls,1694.0,sqft,5505.0,3,2.5,1.0,2018.0,No,4,4,N,N,N,3.0,239000.0
Sunridge,1902.0,sqft,,2,1.0,2.0,2022.0,No,3,6,Y,Y,N,7.0,245700.0
Maple Grove,1677.0,sqft,3196.0,2,1.0,1.5,1945.0,No,2,6,Y,N,N,9.0,$206.3K
Sunridge,2255.0,sqft,6017.0,3,2.0,2.5,1943.0,No,2,5,Y,Y,Y,7.0,$224.8K
Cedar Falls,1457.0,sqft,1864.0,2,1.0,1.0,1951.0,No,4,3,N,Y,N,6.0,$166.9K
Northgate,1850.0,sqft,3265.0,4,3.0,2.0,2004.0,No,2,3,Y,N,N,5.0,$155.0K
Brookhaven,1891.0,sqft,3241.0,2,1.5,3.0,1939.0,No,5,8,Y,N,N,6.0,$335.5K
Brookhaven,951.0,sqft,2799.0,1,1.0,2.0,1943.0,No,1,7,N,Y,N,9.0,$183.9K
Riverside Park,1628.0,sqft,5875.0,3,2.0,2.0,1948.0,Yes,2,5,N,N,N,3.0,199800.0
Sunridge,3184.0,sqft,6352.0,5,3.0,1.0,1928.0,Yes,4,3,Y,Y,Y,8.0,345100.0
Old Mill District,1305.0,sqft,5192.0,2,2.5,1.0,1929.0,Yes,5,6,N,N,N,6.0,259300.0
Riverside Park,3057.0,sqft,10155.0,5,3.0,1.0,1991.0,No,3,3,N,N,N,4.0,$431.1K
Brookhaven,1412.0,sqft,3307.0,2,2.5,1.0,1927.0,No,4,8,Y,N,N,,241300.0
Harbor Point,1852.0,sqft,6050.0,3,1.0,3.0,1993.0,No,3,10,Y,,N,7.0,630400.0
Sunridge,1423.0,sqft,4372.0,1,1.5,1.0,1923.0,No,5,10,Y,N,N,5.0,$141.5K
Old Mill District,1457.0,sqft,5538.0,1,1.0,2.0,1931.0,No,2,9,Y,N,N,9.0,280800.0
Harbor Point,190.0,sqm,7474.0,3,2.5,2.0,1955.0,No,3,7,N,N,N,3.0,$500.3K
Sunridge,1391.0,sqft,2441.0,2,2.5,2.0,1960.0,No,4,9,N,N,N,5.0,133000.0
Brookhaven,1761.0,sqft,4528.0,3,2.0,1.5,1975.0,No,2,8,Y,Y,N,5.0,$354.6K
Cedar Falls,1207.0,sqft,3012.0,3,2.0,2.0,1984.0,No,4,8,N,N,N,,190000.0
Sunridge,1645.0,sqft,2838.0,3,2.5,1.5,1981.0,Yes,4,10,Y,N,N,4.0,190200.0
Harbor Point,1390.0,sqft,3806.0,1,1.0,1.0,1978.0,Yes,3,9,N,N,N,7.0,$453.7K
Maple Grove,1518.0,sqft,3938.0,3,2.0,1.0,1966.0,No,3,8,Y,N,N,10.0,$229.5K
Northgate,1927.0,sqft,5764.0,3,1.5,1.0,2001.0,No,4,5,Y,Y,N,8.0,$180.0K
Harbor Point,833.0,sqft,1194.0,2,1.5,2.0,1965.0,No,1,8,Y,Y,N,8.0,$226.5K
Old Mill District,1716.0,sqft,3780.0,3,2.5,1.5,1965.0,No,2,5,Y,N,N,8.0,$405.5K
Cedar Falls,2475.0,sqft,5879.0,4,2.5,2.0,1983.0,No,3,10,N,N,N,8.0,282700.0
Cedar Falls,1493.0,sqft,2294.0,3,2.0,1.0,2020.0,No,4,6,Y,Y,N,7.0,229400.0
Maple Grove,1684.0,sqft,4652.0,3,2.0,3.0,2022.0,No,3,6,N,Y,N,9.0,299300.0
Harbor Point,2158.0,sqft,3689.0,4,4.0,1.5,1955.0,Yes,4,8,N,Y,N,,$656.7K
Brookhaven,173.3,sqm,4639.0,3,1.5,1.0,1999.0,Yes,3,3,Y,Y,N,6.0,427700.0
Harbor Point,2688.0,sqft,5872.0,5,3.5,1.0,2021.0,No,3,8,N,N,N,7.0,868700.0
Riverside Park,162.0,sqm,3999.0,2,1.5,1.0,1938.0,No,4,3,Y,Y,N,3.0,255100.0
Cedar Falls,1988.0,sqft,7272.0,3,2.0,2.0,1923.0,No,4,10,Y,Y,N,4.0,$229.2K
Northgate,2379.0,sqft,7813.0,3,2.0,3.0,2002.0,No,5,6,N,Y,N,8.0,220100.0
Brookhaven,1771.0,sqft,3143.0,2,2.0,1.0,1927.0,No,5,6,N,N,Y,5.0,302400.0
Northgate,2472.0,sqft,9855.0,5,4.0,3.0,1944.0,Yes,5,8,N,Y,N,7.0,236600.0
Sunridge,2210.0,sqft,8544.0,4,3.0,3.0,2009.0,Yes,3,5,Y,Y,N,9.0,230000.0
Harbor Point,519.0,sqft,969.0,2,2.0,1.0,1961.0,Yes,3,10,N,Y,N,6.0,$156.3K
Old Mill District,1841.0,sqft,6868.0,3,2.5,1.0,1983.0,No,2,9,Y,N,N,6.0,$453.9K
Brookhaven,1012.0,sqft,3126.0,1,1.0,2.5,1933.0,No,5,4,N,Y,Y,5.0,$176.8K
Maple Grove,1688.0,sqft,2204.0,2,1.0,1.0,1976.0,No,4,8,Y,N,N,6.0,237000.0
Riverside Park,2386.0,sqft,3029.0,3,3.5,2.0,1938.0,No,5,8,Y,N,N,7.0,$325.5K
Riverside Park,935.0,sqft,1220.0,2,1.5,1.0,1967.0,No,3,8,Y,N,N,,155800.0
Brookhaven,2476.0,sqft,6844.0,4,3.0,2.0,2010.0,No,3,5,Y,N,N,7.0,500700.0
Brookhaven,2119.0,sqft,6777.0,3,3.0,1.0,1961.0,No,5,6,Y,Y,N,7.0,368100.0
Harbor Point,196.4,sqm,7436.0,3,2.0,3.0,2004.0,No,4,9,Y,,N,5.0,$564.2K
Northgate,2775.0,sqft,,3,3.0,1.0,1947.0,No,3,4,Y,Y,N,2.0,$160.1K
Brookhaven,2694.0,sqft,4141.0,4,3.0,2.0,1982.0,Yes,3,6,Y,N,N,4.0,$537.9K
Harbor Point,1775.0,sqft,6187.0,3,2.5,1.0,2001.0,No,2,5,Y,Y,N,7.0,500200.0
Riverside Park,2988.0,sqft,11408.0,5,3.5,2.0,2021.0,No,2,3,Y,N,N,,526500.0
Cedar Falls,1844.0,sqft,3070.0,3,2.0,1.0,1996.0,No,4,7,N,Y,N,6.0,247300.0
Sunridge,83.0,sqm,1499.0,2,2.0,2.0,2023.0,No,3,5,Y,N,N,9.0,$112.0K
Brookhaven,1656.0,sqft,3097.0,3,2.0,2.0,1936.0,Yes,4,10,N,N,N,2.0,287000.0
Harbor Point,2277.0,sqft,8146.0,3,2.5,2.0,1922.0,Yes,5,5,Y,N,Y,6.0,$573.6K
Cedar Falls,236.1,sqm,7780.0,3,2.0,1.0,1921.0,Yes,3,3,Y,Y,N,6.0,$285.9K
Old Mill District,1783.0,sqft,3801.0,2,1.0,2.0,2009.0,No,5,7,Y,N,N,3.0,474600.0
Northgate,2119.0,sqft,4070.0,3,2.5,2.0,1978.0,Yes,4,7,Y,N,N,5.0,$241.5K
Harbor Point,982.0,sqft,2826.0,1,1.0,1.0,1975.0,Yes,3,9,N,N,N,8.0,301800.0
Cedar Falls,1923.0,sqft,3352.0,3,3.0,2.0,1997.0,Yes,3,10,Y,Y,N,3.0,335700.0
Brookhaven,1818.0,sqft,6338.0,3,2.0,1.0,1965.0,No,3,6,N,N,N,,$321.2K
Sunridge,886.0,sqft,1623.0,1,1.0,2.0,1949.0,No,4,5,N,N,N,6.0,$84.2K
Cedar Falls,2155.0,sqft,2915.0,2,1.5,2.0,1940.0,No,1,6,Y,N,N,5.0,$201.7K
Cedar Falls,2049.0,sqft,3188.0,4,3.5,1.5,1984.0,No,4,8,N,N,N,4.0,259200.0
Maple Grove,2154.0,sqft,7425.0,3,2.5,1.0,2021.0,No,3,8,Y,N,N,5.0,$341.1K
Cedar Falls,1316.0,sqft,4263.0,2,1.0,2.0,1949.0,No,2,6,Y,Y,N,5.0,$124.2K
Northgate,121.5,sqm,2062.0,1,1.0,2.0,1969.0,No,5,8,Y,N,N,,131700.0
Riverside Park,94.2,sqm,1906.0,1,1.0,2.0,1938.0,No,3,9,Y,Y,N,,173900.0
Old Mill District,237.2,sqm,4367.0,4,4.0,3.0,1926.0,No,5,7,Y,Y,N,9.0,$552.7K
Cedar Falls,2164.0,sqft,4108.0,3,2.5,1.0,2001.0,No,2,5,Y,N,N,4.0,$251.4K
Cedar Falls,292.6,sqm,12084.0,4,2.5,2.0,1983.0,No,2,5,Y,N,N,5.0,400100.0
Riverside Park,2028.0,sqft,7023.0,3,2.0,1.0,1921.0,Yes,2,4,Y,N,Y,6.0,349100.0
Cedar Falls,1919.0,sqft,4163.0,4,3.5,1.0,2010.0,No,4,6,Y,N,N,6.0,275800.0
Northgate,1020.0,sqft,3690.0,2,1.0,1.5,1976.0,Yes,1,8,Y,Y,N,,106500.0
Harbor Point,2142.0,sqft,2639.0,3,2.0,2.5,1992.0,No,3,10,Y,Y,N,5.0,$538.8K
Old Mill District,1212.0,sqft,4784.0,2,1.5,3.0,1984.0,No,5,3,Y,N,N,5.0,$290.6K
Sunridge,1787.0,sqft,2675.0,3,2.0,2.5,1936.0,No,4,10,Y,N,N,6.0,$159.4K
Riverside Park,2471.0,sqft,7603.0,4,3.5,2.0,1963.0,No,5,4,Y,N,N,6.0,$389.8K
Harbor Point,148.8,sqm,5153.0,1,1.5,1.0,2017.0,No,4,5,Y,N,N,7.0,$495.2K
Maple Grove,839.0,sqft,,1,1.0,1.5,2021.0,No,2,5,Y,N,N,7.0,$141.3K
Cedar Falls,2159.0,sqft,5139.0,3,2.5,2.5,1958.0,Yes,5,9,Y,N,N,8.0,$312.3K
Cedar Falls,3533.0,sqft,7716.0,4,3.5,3.0,1965.0,No,5,6,Y,Y,N,6.0,$463.0K
Cedar Falls,2685.0,sqft,4087.0,4,3.0,3.0,1951.0,Yes,3,10,Y,N,N,6.0,$388.7K
Brookhaven,1311.0,sqft,3092.0,1,1.0,1.5,2023.0,No,4,4,Y,N,N,6.0,310600.0
Harbor Point,2193.0,sqft,2844.0,3,2.0,2.0,1951.0,No,4,3,Y,Y,N,8.0,533900.0
Brookhaven,2075.0,sqft,6333.0,3,1.5,1.0,2018.0,No,4,8,N,N,Y,2.0,$591.4K
Harbor Point,2104.0,sqft,6915.0,3,1.5,2.5,1956.0,No,2,10,N,N,Y,3.0,$505.3K
Northgate,100.9,sqm,1970.0,2,1.5,3.0,,No,5,4,Y,N,N,6.0,91700.0
Old Mill District,1313.0,sqft,2954.0,2,1.0,1.0,1929.0,No,5,8,Y,Y,N,5.0,$260.2K
Brookhaven,1825.0,sqft,7117.0,2,1.5,2.0,2000.0,No,3,5,Y,N,Y,6.0,$368.1K
Riverside Park,2399.0,sqft,8462.0,4,3.5,1.0,1964.0,Yes,3,4,Y,Y,N,6.0,417600.0
Cedar Falls,2565.0,sqft,,3,1.5,2.0,2021.0,No,3,6,Y,N,Y,4.0,$459.3K
Old Mill District,2379.0,sqft,5797.0,4,3.0,1.0,1990.0,No,2,10,Y,Y,N,2.0,531000.0
Harbor Point,155.8,sqm,4211.0,3,1.5,2.0,1979.0,No,3,7,Y,Y,N,5.0,$479.4K
Cedar Falls,205.3,sqm,3552.0,3,1.5,2.0,1949.0,No,3,9,N,Y,N,8.0,296900.0
Old Mill District,1004.0,sqft,1676.0,1,1.0,1.0,2015.0,Yes,3,8,Y,Y,N,9.0,$367.4K
Old Mill District,1742.0,sqft,2403.0,3,2.0,1.0,2004.0,No,5,10,Y,N,N,8.0,$471.2K
Maple Grove,1812.0,sqft,5261.0,2,1.0,2.0,2004.0,No,2,5,Y,N,N,2.0,272300.0
Cedar Falls,1887.0,sqft,4672.0,3,2.0,2.0,1988.0,No,3,4,Y,N,N,3.0,$219.9K
Harbor Point,203.1,sqm,,4,2.5,2.0,1926.0,No,2,8,Y,,N,4.0,$496.1K
Riverside Park,2141.0,sqft,2614.0,3,2.0,2.0,1944.0,Yes,4,9,Y,N,N,7.0,315500.0
Cedar Falls,500.0,sqft,1163.0,1,1.0,1.0,1990.0,Yes,4,6,Y,N,N,,70200.0
Riverside Park,817.0,sqft,2716.0,1,1.0,2.5,1978.0,No,3,5,Y,Y,N,4.0,$135.9K
Harbor Point,2820.0,sqft,8987.0,5,3.5,2.0,2018.0,No,3,5,Y,N,Y,9.0,1238900.0
Old Mill District,169.5,sqm,4517.0,4,3.0,1.0,1959.0,No,4,3,Y,Y,N,9.0,$398.4K
Maple Grove,1364.0,sqft,5303.0,1,1.0,2.0,1962.0,Yes,4,6,N,Y,N,8.0,$216.7K
Old Mill District,2509.0,sqft,3067.0,4,2.5,1.0,2010.0,No,3,3,Y,N,N,8.0,699500.0
Cedar Falls,2698.0,sqft,8592.0,4,3.0,2.0,1934.0,No,3,4,N,N,Y,6.0,$279.7K
Cedar Falls,1631.0,sqft,4536.0,3,2.0,1.0,1956.0,No,4,8,Y,N,N,6.0,$213.5K
Northgate,2184.0,sqft,7869.0,3,2.0,2.0,1979.0,Yes,4,9,Y,Y,N,4.0,$218.3K
Riverside Park,1791.0,sqft,6913.0,2,2.0,3.0,1990.0,Yes,4,9,Y,N,N,5.0,355600.0
Old Mill District,1946.0,sqft,4430.0,3,3.0,2.0,1922.0,No,4,3,Y,N,N,7.0,307800.0
Sunridge,1606.0,sqft,3200.0,2,1.5,2.5,1992.0,Yes,1,5,Y,Y,Y,7.0,$210.3K
Riverside Park,2417.0,sqft,5319.0,3,1.5,1.0,1959.0,No,4,3,Y,N,N,,324200.0
Harbor Point,73.7,sqm,1136.0,1,1.0,1.0,1963.0,No,3,3,N,N,Y,4.0,169600.0
Sunridge,109.9,sqm,1860.0,1,1.0,2.0,2018.0,No,5,4,N,N,N,5.0,$121.5K
Harbor Point,1567.0,sqft,4532.0,2,1.0,2.0,1951.0,No,4,3,Y,,N,5.0,306300.0
Cedar Falls,2456.0,sqft,6672.0,4,3.0,1.5,1968.0,Yes,4,10,Y,Y,N,5.0,$389.9K
Sunridge,1464.0,sqft,2835.0,2,2.0,2.0,1929.0,Yes,4,9,Y,N,N,5.0,112800.0
Old Mill District,2195.0,sqft,4068.0,4,3.5,2.0,1944.0,Yes,4,7,Y,Y,N,6.0,$502.5K
Maple Grove,1514.0,sqft,3226.0,2,2.0,3.0,1945.0,Yes,2,8,Y,N,N,4.0,$173.4K
Riverside Park,1068.0,sqft,2761.0,1,1.0,1.5,1952.0,No,3,6,Y,Y,N,7.0,$170.8K
Brookhaven,1944.0,sqft,6536.0,2,2.0,1.0,1959.0,Yes,1,7,Y,Y,N,7.0,$433.4K
Cedar Falls,2659.0,sqft,9555.0,3,1.5,3.0,2009.0,No,3,5,Y,N,N,3.0,338000.0
Harbor Point,2259.0,sqft,4965.0,3,1.5,2.0,1929.0,No,3,4,Y,N,N,5.0,518800.0
Harbor Point,1961.0,sqft,4393.0,3,1.5,2.0,1950.0,Yes,2,10,Y,Y,N,5.0,504000.0
Harbor Point,1692.0,sqft,4807.0,3,1.5,3.0,1928.0,Yes,1,8,N,N,N,7.0,$400.6K
Harbor Point,1975.0,sqft,7683.0,2,1.0,1.5,2009.0,No,4,7,Y,Y,N,1.0,$594.6K
Sunridge,190.4,sqm,6932.0,3,3.0,1.0,2010.0,No,3,3,Y,N,N,5.0,$236.4K
Maple Grove,978.0,sqft,2234.0,1,1.0,1.5,1934.0,No,1,10,Y,N,Y,8.0,120400.0
Cedar Falls,2027.0,sqft,7789.0,2,1.5,2.0,1943.0,No,5,5,Y,Y,Y,5.0,230200.0
Harbor Point,1378.0,sqft,1793.0,3,2.0,2.0,1985.0,No,2,8,N,N,Y,,384100.0
Harbor Point,2814.0,sqft,4663.0,5,3.5,1.0,1928.0,Yes,4,3,Y,N,N,6.0,735800.0
Brookhaven,2705.0,sqft,3886.0,4,2.5,1.0,1940.0,Yes,5,3,Y,N,N,,569800.0
Sunridge,263.5,sqm,8384.0,4,3.0,1.0,1957.0,No,4,4,Y,N,N,6.0,$222.8K
Harbor Point,500.0,sqft,1868.0,1,1.0,3.0,1939.0,Yes,3,4,Y,Y,N,6.0,119800.0
Cedar Falls,2514.0,sqft,6474.0,5,4.0,2.5,1966.0,No,4,3,N,Y,Y,4.0,268500.0
Old Mill District,105.5,sqm,3660.0,1,1.0,2.5,1944.0,Yes,1,4,N,N,N,8.0,$243.1K
Cedar Falls,144.5,sqm,5505.0,2,1.0,1.0,1947.0,No,2,5,Y,Y,N,,173400.0
Brookhaven,2057.0,sqft,5679.0,3,1.5,2.0,1987.0,No,5,10,Y,Y,N,2.0,$420.5K
Brookhaven,502.0,sqft,1308.0,1,1.5,1.5,,No,3,9,Y,Y,N,7.0,133200.0
Riverside Park,1837.0,sqft,5114.0,3,2.0,1.0,1991.0,No,5,3,Y,N,N,3.0,$240.1K
Old Mill District,2608.0,sqft,8331.0,4,3.0,2.5,,No,1,7,N,,N,7.0,551500.0
Old Mill District,2566.0,sqft,5671.0,4,3.0,2.5,1954.0,No,4,7,Y,Y,N,7.0,499000.0
Old Mill District,2028.0,sqft,6010.0,3,2.0,2.5,1984.0,No,5,4,Y,N,N,5.0,$499.9K
Cedar Falls,2697.0,sqft,4370.0,5,4.0,2.0,1942.0,Yes,3,10,Y,,N,5.0,325500.0
Sunridge,1685.0,sqft,6478.0,3,3.0,1.5,1934.0,No,2,3,Y,Y,N,7.0,$136.3K
Brookhaven,3767.0,sqft,11640.0,6,4.0,2.0,1983.0,No,2,3,Y,N,N,7.0,665500.0
Northgate,803.0,sqft,1014.0,1,1.0,1.5,1975.0,No,3,9,N,N,N,9.0,74800.0
Brookhaven,1634.0,sqft,4016.0,2,2.0,1.0,2019.0,No,3,9,Y,Y,N,5.0,$381.0K
Harbor Point,1206.0,sqft,2351.0,1,1.0,3.0,1961.0,No,4,6,Y,N,N,5.0,$303.3K
Old Mill District,2078.0,sqft,8089.0,4,3.0,1.0,2010.0,No,2,8,Y,Y,N,6.0,536200.0
Harbor Point,1454.0,sqft,2571.0,2,1.0,1.0,1965.0,Yes,2,7,Y,Y,N,8.0,$427.4K
Harbor Point,1479.0,sqft,4002.0,2,1.5,1.0,1996.0,No,2,4,N,N,N,7.0,$353.5K
Harbor Point,1339.0,sqft,4680.0,2,1.5,2.0,1959.0,No,5,5,Y,Y,N,7.0,$374.3K
Cedar Falls,925.0,sqft,1320.0,2,1.5,1.0,1988.0,No,4,10,Y,N,N,5.0,$122.3K
Maple Grove,1486.0,sqft,3455.0,2,2.0,2.5,1995.0,Yes,4,4,Y,Y,Y,6.0,290500.0
Riverside Park,223.0,sqm,5075.0,4,3.0,3.0,2007.0,No,1,6,Y,N,N,6.0,$467.9K
Northgate,1345.0,sqft,3995.0,2,1.0,1.0,1988.0,Yes,2,3,N,Y,N,5.0,$112.3K
Sunridge,1819.0,sqft,4851.0,3,1.5,2.5,1932.0,No,2,9,Y,N,N,6.0,114800.0
Harbor Point,1576.0,sqft,3428.0,2,2.0,1.0,2003.0,No,3,6,Y,N,N,4.0,430700.0
Maple Grove,2102.0,sqft,2719.0,3,3.0,1.5,1957.0,No,5,5,Y,Y,N,7.0,$254.0K
Brookhaven,3522.0,sqft,7005.0,5,3.5,1.0,2014.0,No,4,5,N,N,N,8.0,694900.0
Riverside Park,693.0,sqft,1796.0,2,2.0,1.5,1920.0,No,3,10,N,N,N,7.0,$105.2K
Sunridge,209.5,sqm,4211.0,3,2.5,3.0,1993.0,No,4,5,N,N,N,7.0,$206.8K
Northgate,1314.0,sqft,2240.0,1,1.0,1.0,,No,3,5,Y,Y,N,5.0,108800.0
Harbor Point,758.0,sqft,2594.0,1,1.0,1.0,1943.0,Yes,4,5,Y,Y,Y,6.0,210900.0
Harbor Point,2576.0,sqft,8010.0,4,3.5,2.5,1943.0,No,2,8,N,N,N,6.0,538400.0
Cedar Falls,87.2,sqm,1922.0,1,1.0,2.5,1954.0,No,5,7,Y,N,N,7.0,116800.0
Maple Grove,2020.0,sqft,7369.0,3,2.0,1.0,1951.0,Yes,1,5,Y,N,N,7.0,305500.0
Brookhaven,1982.0,sqft,6194.0,2,1.0,2.0,2008.0,No,2,3,N,N,N,5.0,441600.0
Riverside Park,2116.0,sqft,7585.0,3,2.5,1.0,1986.0,Yes,3,8,Y,Y,N,8.0,482200.0
Maple Grove,968.0,sqft,3150.0,1,1.0,1.0,1936.0,Yes,2,9,Y,Y,N,3.0,$135.1K
Old Mill District,1679.0,sqft,4943.0,4,2.5,2.0,1931.0,Yes,4,5,Y,N,N,7.0,443100.0
Brookhaven,94.3,sqm,2645.0,3,2.0,2.0,1971.0,Yes,3,10,Y,Y,N,4.0,$188.7K
Northgate,1004.0,sqft,2374.0,2,1.0,1.0,1959.0,No,3,5,Y,N,N,5.0,72400.0
Harbor Point,2096.0,sqft,2832.0,4,2.5,2.5,2014.0,No,3,8,Y,Y,N,4.0,$638.4K
Cedar Falls,500.0,sqft,1049.0,1,1.0,2.0,1981.0,No,4,6,Y,N,N,8.0,$61.8K
Old Mill District,263.6,sqm,3659.0,4,2.0,1.0,1954.0,No,2,7,Y,Y,N,8.0,$522.8K
Brookhaven,2061.0,sqft,7827.0,4,3.5,1.5,1970.0,No,3,3,N,Y,N,7.0,404800.0
Cedar Falls,2205.0,sqft,5079.0,4,3.0,2.5,1947.0,Yes,2,4,N,,N,7.0,250600.0
Cedar Falls,2827.0,sqft,10415.0,4,3.5,1.5,1951.0,No,3,8,Y,Y,Y,4.0,315600.0
Old Mill District,2055.0,sqft,3593.0,2,1.5,1.0,1927.0,No,4,8,Y,N,N,3.0,$392.5K
Old Mill District,176.0,sqm,5019.0,3,2.0,3.0,1971.0,No,1,7,Y,N,N,8.0,462600.0
Brookhaven,127.3,sqm,4312.0,2,1.0,2.0,2000.0,No,4,9,Y,Y,N,5.0,280600.0
Brookhaven,2210.0,sqft,4762.0,3,2.0,1.0,1939.0,No,2,5,N,Y,N,6.0,323200.0
Northgate,1319.0,sqft,4512.0,2,2.0,3.0,1938.0,Yes,3,4,Y,N,N,8.0,110300.0
Maple Grove,195.6,sqm,3488.0,3,2.0,1.0,2020.0,Yes,3,7,Y,Y,N,9.0,452600.0
Sunridge,2589.0,sqft,8933.0,4,3.0,1.0,1991.0,Yes,3,6,Y,N,N,2.0,200400.0
Old Mill District,149.2,sqm,2434.0,2,2.0,2.0,1993.0,Yes,2,3,Y,Y,N,6.0,425600.0
Northgate,1418.0,sqft,4212.0,1,1.0,2.0,1948.0,Yes,2,8,Y,N,N,5.0,$138.5K
Maple Grove,1807.0,sqft,3618.0,4,3.0,3.0,2013.0,No,4,9,Y,N,Y,9.0,293900.0
Old Mill District,1257.0,sqft,4935.0,2,1.5,1.0,1951.0,No,3,6,Y,N,N,7.0,$300.6K
Maple Grove,2226.0,sqft,6463.0,4,3.0,1.0,1939.0,Yes,4,7,Y,Y,N,3.0,$300.6K
Riverside Park,2135.0,sqft,5441.0,3,2.5,2.5,1992.0,No,1,4,Y,Y,N,9.0,403100.0
Northgate,2722.0,sqft,7442.0,5,4.0,2.0,,No,4,10,N,N,N,7.0,269300.0
Harbor Point,125.0,sqm,,3,2.5,2.5,2002.0,No,5,5,Y,N,Y,2.0,$406.6K
Maple Grove,2012.0,sqft,2553.0,4,3.5,1.0,,No,3,6,Y,Y,N,8.0,327600.0
Riverside Park,994.0,sqft,2007.0,2,2.0,2.0,1958.0,Yes,4,3,Y,N,N,5.0,$161.5K
Riverside Park,1577.0,sqft,2958.0,2,2.0,2.0,2011.0,No,5,6,N,N,Y,6.0,$313.2K
Cedar Falls,2145.0,sqft,3247.0,4,3.0,3.0,1992.0,No,3,10,N,N,N,7.0,275000.0
Sunridge,2329.0,sqft,2934.0,4,3.5,2.0,1985.0,Yes,3,5,N,N,N,7.0,$237.0K
Old Mill District,691.0,sqft,1562.0,2,1.0,1.5,1959.0,Yes,3,8,Y,Y,N,4.0,158000.0
Maple Grove,1256.0,sqft,1856.0,2,1.5,2.0,1925.0,No,1,8,Y,N,N,,147200.0
Sunridge,1431.0,sqft,4318.0,2,1.0,1.0,1927.0,No,4,3,Y,Y,N,7.0,115400.0
Riverside Park,1701.0,sqft,4161.0,3,1.5,1.0,1982.0,No,3,4,N,N,N,3.0,$248.6K
Riverside Park,1913.0,sqft,4478.0,3,3.0,1.0,1998.0,Yes,4,5,Y,N,N,4.0,$307.0K
Brookhaven,1691.0,sqft,5041.0,3,1.5,1.0,2011.0,No,4,9,Y,Y,Y,7.0,467300.0
Brookhaven,130.4,sqm,5493.0,2,1.0,3.0,1970.0,Yes,3,4,Y,N,N,6.0,$337.0K
Harbor Point,1379.0,sqft,2251.0,2,1.0,3.0,1984.0,No,4,8,Y,Y,N,8.0,365800.0
Harbor Point,2384.0,sqft,8767.0,4,3.0,2.5,2009.0,No,2,9,N,Y,N,7.0,790300.0
Riverside Park,1989.0,sqft,3729.0,3,2.5,1.0,1947.0,No,3,5,Y,Y,N,7.0,$281.3K
Brookhaven,1500.0,sqft,,3,2.0,1.0,2017.0,No,3,8,Y,Y,N,7.0,$347.0K
Old Mill District,2177.0,sqft,6693.0,3,2.0,2.0,1971.0,Yes,3,9,Y,N,N,7.0,615000.0
Riverside Park,2133.0,sqft,2782.0,3,2.0,1.5,1976.0,No,3,3,N,N,N,4.0,296600.0
Old Mill District,2411.0,sqft,9341.0,4,2.5,2.5,2006.0,No,5,7,Y,N,Y,,675700.0
Brookhaven,109.7,sqm,4189.0,3,3.0,3.0,1991.0,No,4,8,N,N,N,10.0,$222.2K
Northgate,1672.0,sqft,3448.0,2,1.5,2.0,1990.0,Yes,3,10,Y,N,N,7.0,$184.9K
Northgate,1938.0,sqft,6163.0,3,2.0,2.0,1987.0,Yes,5,3,Y,N,N,6.0,198700.0
Northgate,193.0,sqm,8146.0,2,1.0,1.0,2017.0,No,5,5,N,N,N,9.0,245200.0
Cedar Falls,2172.0,sqft,4229.0,3,2.0,1.5,1976.0,No,4,6,Y,N,N,8.0,$272.4K
Old Mill District,2547.0,sqft,9567.0,4,4.0,1.5,2020.0,No,3,6,Y,Y,N,7.0,$721.2K
Northgate,2843.0,sqft,9197.0,4,3.0,2.0,1921.0,No,3,7,Y,N,N,9.0,261000.0
Brookhaven,112.0,sqm,2849.0,2,2.0,2.0,1951.0,No,2,9,N,Y,N,9.0,251000.0
Brookhaven,1741.0,sqft,6234.0,2,2.5,1.0,1941.0,Yes,5,5,N,Y,N,6.0,290400.0
Cedar Falls,2603.0,sqft,7048.0,4,3.0,1.0,1963.0,No,3,3,Y,N,N,7.0,$323.2K
Sunridge,1303.0,sqft,2852.0,2,1.0,2.0,1939.0,No,4,4,Y,N,N,7.0,106900.0
Harbor Point,2560.0,sqft,6415.0,4,2.5,3.0,1995.0,No,1,5,Y,N,N,,$751.5K
Northgate,1825.0,sqft,6739.0,3,2.0,1.0,1964.0,No,3,7,Y,N,Y,9.0,$169.4K
Riverside Park,656.0,sqft,1737.0,2,1.0,3.0,1939.0,No,1,5,Y,N,N,6.0,89300.0
Sunridge,148.8,sqm,6024.0,2,1.0,2.0,1941.0,No,2,7,N,N,N,,155500.0
Old Mill District,1898.0,sqft,3809.0,3,2.0,2.5,1981.0,No,5,6,Y,Y,N,,$417.1K
Riverside Park,1402.0,sqft,3343.0,3,2.5,2.5,2007.0,No,2,5,Y,N,N,5.0,253000.0
Sunridge,2859.0,sqft,10174.0,5,4.5,2.0,2015.0,No,3,7,Y,N,N,7.0,$328.9K
Old Mill District,68.8,sqm,2480.0,1,1.0,2.0,1950.0,No,5,9,Y,N,N,8.0,173600.0
Brookhaven,2699.0,sqft,5682.0,3,2.0,1.0,1934.0,Yes,1,5,Y,N,N,4.0,$477.1K
Brookhaven,2171.0,sqft,8678.0,3,2.0,3.0,1956.0,No,3,8,Y,Y,N,,$446.1K
Brookhaven,2458.0,sqft,5785.0,3,2.5,2.0,1978.0,No,5,9,N,N,N,7.0,$444.2K
Riverside Park,2113.0,sqft,6744.0,4,2.0,1.5,,No,4,10,N,N,N,7.0,343000.0
Cedar Falls,1893.0,sqft,5158.0,3,2.0,2.0,2008.0,No,3,4,Y,Y,N,4.0,285300.0
Brookhaven,1798.0,sqft,3314.0,2,1.0,1.0,1958.0,No,3,8,Y,Y,N,,$272.9K
Riverside Park,191.1,sqm,,4,3.5,2.5,1980.0,No,2,7,Y,Y,N,6.0,315600.0
Northgate,232.3,sqm,6154.0,4,3.0,2.0,1993.0,No,4,9,Y,Y,N,6.0,242300.0
Northgate,1277.0,sqft,2625.0,2,1.5,1.0,2003.0,No,1,6,Y,N,N,,$114.7K
Old Mill District,2351.0,sqft,8290.0,4,4.0,1.0,1956.0,No,3,9,N,N,N,6.0,$537.7K
Cedar Falls,2943.0,sqft,5951.0,5,3.0,1.0,1958.0,No,5,8,Y,N,N,,$355.5K
Old Mill District,2519.0,sqft,9581.0,4,4.0,1.5,1991.0,No,3,10,Y,N,N,7.0,$639.5K
Cedar Falls,500.0,sqft,800.0,1,1.0,1.5,1943.0,No,3,6,Y,N,N,3.0,58500.0
Riverside Park,2392.0,sqft,7255.0,4,2.0,2.0,1979.0,No,4,10,Y,Y,N,8.0,421500.0
Sunridge,1437.0,sqft,,2,1.0,2.0,1988.0,Yes,3,10,Y,Y,N,5.0,$173.0K
Old Mill District,2425.0,sqft,3653.0,3,3.0,2.0,2006.0,No,2,6,N,Y,N,9.0,590400.0
Sunridge,2038.0,sqft,7269.0,3,2.0,1.0,1936.0,Yes,2,10,Y,N,N,6.0,$179.6K
Riverside Park,186.6,sqm,5038.0,3,2.5,1.0,1966.0,No,3,7,Y,N,N,6.0,297800.0
Old Mill District,2043.0,sqft,4640.0,3,2.5,1.0,2008.0,No,2,6,Y,N,N,8.0,$579.4K
Sunridge,1571.0,sqft,4127.0,2,1.5,2.0,2005.0,Yes,3,10,Y,N,N,7.0,181000.0
Brookhaven,688.0,sqft,1020.0,1,1.0,1.5,2001.0,No,1,6,Y,N,Y,7.0,170900.0
Maple Grove,1456.0,sqft,3083.0,3,1.5,2.0,1982.0,No,4,4,Y,Y,Y,,$246.4K
Maple Grove,55.9,sqm,1581.0,1,1.0,3.0,1976.0,No,3,3,Y,N,N,5.0,$78.7K
Maple Grove,1662.0,sqft,3663.0,2,1.5,3.0,1961.0,No,1,7,Y,N,N,6.0,$224.5K
Cedar Falls,1642.0,sqft,4335.0,2,2.0,1.0,2016.0,No,5,6,Y,N,N,1.0,$233.0K
Maple Grove,2010.0,sqft,3148.0,3,2.0,1.0,2016.0,No,4,3,Y,N,N,7.0,287000.0
Harbor Point,2028.0,sqft,4855.0,3,2.0,2.0,1957.0,No,2,10,Y,N,N,7.0,547000.0
Riverside Park,1521.0,sqft,3026.0,3,2.0,3.0,2005.0,No,3,9,N,N,N,7.0,$320.8K
Brookhaven,1024.0,sqft,2096.0,2,1.5,2.5,2006.0,No,5,9,N,Y,N,,201400.0
Brookhaven,136.4,sqm,3909.0,2,1.5,1.5,2008.0,No,4,8,Y,Y,N,6.0,$386.6K
Brookhaven,1765.0,sqft,4313.0,3,2.0,1.0,2003.0,No,4,3,N,N,N,7.0,$344.5K
Northgate,500.0,sqft,1752.0,1,1.0,1.5,,Yes,3,6,Y,Y,N,2.0,$47.1K
Harbor Point,746.0,sqft,1477.0,2,1.5,2.0,2020.0,No,5,7,Y,Y,N,9.0,$299.2K
Old Mill District,1437.0,sqft,5582.0,2,1.0,2.0,1966.0,Yes,5,4,Y,Y,N,4.0,324600.0
Harbor Point,187.8,sqm,3710.0,3,3.0,3.0,1938.0,Yes,4,9,Y,N,Y,7.0,530200.0
Riverside Park,1707.0,sqft,5714.0,3,2.5,1.0,1931.0,Yes,4,6,Y,Y,N,5.0,227900.0
Riverside Park,1448.0,sqft,,3,2.5,1.5,1986.0,No,3,5,Y,N,N,6.0,232000.0
Old Mill District,932.0,sqft,3690.0,1,1.5,1.0,1992.0,Yes,5,10,Y,Y,N,6.0,249600.0
Sunridge,1427.0,sqft,3303.0,3,2.5,1.0,1964.0,No,5,5,Y,N,Y,6.0,$113.3K
Maple Grove,1001.0,sqft,2245.0,2,2.0,3.0,1989.0,Yes,5,5,Y,Y,N,7.0,$155.3K
Cedar Falls,1378.0,sqft,3739.0,2,1.5,2.5,2010.0,No,1,5,N,N,N,4.0,$144.6K
Cedar Falls,1796.0,sqft,4146.0,3,2.5,1.0,1954.0,No,4,5,Y,Y,Y,,$250.8K
Harbor Point,2126.0,sqft,7381.0,2,1.0,2.0,2001.0,No,4,4,Y,N,N,,$568.3K
Riverside Park,1717.0,sqft,6009.0,2,2.0,1.0,1997.0,No,4,6,N,Y,N,9.0,$314.5K
Riverside Park,129.5,sqm,3795.0,2,2.0,2.0,1947.0,Yes,3,4,Y,Y,N,5.0,195900.0
Brookhaven,1741.0,sqft,5495.0,3,3.5,3.0,1984.0,Yes,4,6,Y,,N,9.0,$342.5K
Brookhaven,1879.0,sqft,6375.0,2,1.0,1.0,1985.0,No,2,7,Y,Y,N,3.0,$352.7K
Northgate,1880.0,sqft,4365.0,4,4.0,2.0,2018.0,No,3,4,Y,N,N,10.0,$217.8K
Riverside Park,836.0,sqft,2296.0,1,2.0,2.0,2015.0,No,5,6,Y,Y,N,9.0,191800.0
Northgate,1649.0,sqft,5137.0,2,1.0,2.0,2008.0,No,4,4,Y,N,N,6.0,146000.0
Cedar Falls,1396.0,sqft,1909.0,4,3.0,1.5,1976.0,No,4,9,Y,Y,N,6.0,$170.0K
Harbor Point,803.0,sqft,2420.0,1,1.0,2.5,2002.0,No,3,6,Y,Y,N,6.0,220000.0
Brookhaven,1911.0,sqft,7236.0,2,2.0,2.0,1977.0,Yes,4,9,Y,N,N,6.0,$391.2K
Old Mill District,2067.0,sqft,3307.0,3,2.5,1.5,1983.0,No,4,10,Y,N,N,10.0,490000.0
Northgate,1190.0,sqft,4006.0,1,1.0,1.5,1998.0,No,2,9,Y,N,N,6.0,121700.0
Harbor Point,183.2,sqm,5782.0,4,2.5,2.0,1965.0,Yes,3,4,N,N,N,6.0,$465.9K
Maple Grove,1411.0,sqft,2333.0,3,2.0,3.0,1940.0,No,4,7,Y,N,N,7.0,185400.0
Maple Grove,109.5,sqm,2147.0,1,1.0,2.0,2013.0,No,3,9,Y,N,N,,183600.0
Old Mill District,1903.0,sqft,5610.0,2,1.5,3.0,1956.0,Yes,3,9,Y,Y,N,5.0,$513.1K
Harbor Point,1995.0,sqft,2608.0,3,3.0,1.5,1947.0,No,1,8,Y,N,N,9.0,$437.3K
Maple Grove,2410.0,sqft,6481.0,4,3.0,2.0,1995.0,No,4,3,Y,Y,N,5.0,355600.0
Sunridge,1956.0,sqft,3038.0,3,2.5,1.0,1931.0,No,5,9,Y,N,N,6.0,$193.3K
Old Mill District,2311.0,sqft,5986.0,4,2.5,2.0,1953.0,No,3,10,Y,N,N,5.0,$401.1K
Riverside Park,1309.0,sqft,,1,1.0,3.0,1987.0,Yes,2,9,N,N,N,4.0,$225.4K
Old Mill District,209.5,sqm,2982.0,3,2.5,2.5,1966.0,Yes,3,9,Y,N,N,5.0,536600.0
Sunridge,263.7,sqm,,6,5.0,1.0,2014.0,No,4,3,Y,N,N,7.0,$356.7K
Cedar Falls,750.0,sqft,2967.0,1,1.0,2.0,1972.0,No,4,6,Y,Y,N,7.0,97200.0
Riverside Park,1737.0,sqft,3155.0,3,2.0,2.0,1962.0,No,4,6,Y,Y,N,,$242.6K
Brookhaven,2145.0,sqft,6012.0,3,2.0,3.0,1922.0,No,3,3,Y,N,N,9.0,382300.0
Cedar Falls,2965.0,sqft,10127.0,4,3.5,2.0,2005.0,No,5,7,N,Y,N,7.0,482100.0
Old Mill District,2247.0,sqft,6697.0,4,3.5,1.0,1942.0,No,3,9,Y,N,N,9.0,$492.3K
Harbor Point,1822.0,sqft,4045.0,3,2.0,1.0,1925.0,No,3,4,Y,Y,N,5.0,$396.6K
Old Mill District,254.2,sqm,5358.0,4,3.0,1.0,1991.0,No,4,9,Y,Y,N,9.0,760600.0
Northgate,1866.0,sqft,2616.0,3,2.5,2.0,1988.0,No,2,6,Y,Y,N,7.0,173100.0
Riverside Park,650.0,sqft,1330.0,1,1.0,1.0,1979.0,No,5,3,Y,N,N,,$97.7K
Old Mill District,2612.0,sqft,7453.0,5,3.5,1.0,1953.0,Yes,4,5,N,Y,N,6.0,513200.0
Harbor Point,2122.0,sqft,6154.0,2,1.0,1.0,1997.0,No,4,3,Y,Y,N,6.0,$589.6K
Brookhaven,1663.0,sqft,5538.0,2,1.5,1.5,1985.0,No,5,7,Y,N,N,6.0,$377.1K
Old Mill District,2121.0,sqft,5891.0,3,2.0,1.0,1999.0,No,5,3,N,N,N,4.0,$482.7K
Cedar Falls,2229.0,sqft,6977.0,4,2.5,2.0,,No,5,7,Y,N,N,4.0,$359.1K
Brookhaven,1527.0,sqft,5033.0,2,1.5,2.0,1945.0,No,4,10,Y,N,N,5.0,264800.0
Maple Grove,158.1,sqm,4250.0,4,3.5,1.0,1958.0,No,5,8,N,Y,N,,$210.6K
Sunridge,2444.0,sqft,4869.0,5,4.0,2.5,1972.0,Yes,2,4,N,N,N,4.0,$219.1K
Northgate,1996.0,sqft,5074.0,3,2.5,1.0,1957.0,Yes,5,10,Y,Y,N,5.0,186600.0
Cedar Falls,2413.0,sqft,3370.0,4,2.0,1.0,1990.0,Yes,3,10,N,N,N,4.0,$394.0K
Harbor Point,2378.0,sqft,6501.0,4,3.0,2.0,1980.0,No,3,6,Y,N,N,8.0,660500.0
Old Mill District,2089.0,sqft,4789.0,4,3.0,1.0,1974.0,Yes,4,7,Y,N,N,7.0,580900.0
Sunridge,230.9,sqm,4394.0,4,3.0,2.0,1997.0,No,3,4,Y,Y,N,6.0,262700.0
Riverside Park,2618.0,sqft,6401.0,4,3.5,1.0,2006.0,No,2,7,N,Y,N,4.0,$392.7K
Northgate,1591.0,sqft,3118.0,3,2.0,2.0,,No,3,5,Y,Y,Y,5.0,$138.1K
Northgate,1439.0,sqft,3797.0,1,1.0,1.5,1982.0,Yes,2,4,Y,Y,N,5.0,132800.0
Cedar Falls,1904.0,sqft,6727.0,4,4.0,1.0,1984.0,Yes,3,8,N,Y,N,6.0,262700.0
Harbor Point,221.9,sqm,5830.0,4,3.0,1.5,1975.0,No,5,10,Y,N,N,9.0,$819.0K
Riverside Park,2299.0,sqft,5928.0,3,2.0,1.5,1993.0,No,3,10,Y,Y,N,7.0,$457.3K
Cedar Falls,1822.0,sqft,4499.0,3,2.0,1.0,1973.0,Yes,4,4,Y,N,N,9.0,$236.0K
Maple Grove,2380.0,sqft,5922.0,4,3.5,2.0,2017.0,No,3,4,Y,N,N,8.0,421800.0
Maple Grove,1930.0,sqft,3287.0,2,1.5,2.0,1958.0,Yes,4,9,Y,Y,N,9.0,$325.4K
Sunridge,1210.0,sqft,1788.0,2,1.0,1.5,1937.0,Yes,2,3,N,N,N,5.0,$95.1K
Old Mill District,1312.0,sqft,5192.0,3,2.0,3.0,2004.0,No,3,5,Y,Y,N,7.0,340300.0
Maple Grove,2050.0,sqft,3676.0,3,2.0,2.0,1955.0,Yes,4,9,Y,N,N,4.0,222500.0
Sunridge,1202.0,sqft,4173.0,2,1.5,2.0,1963.0,No,4,4,Y,N,N,9.0,139300.0
Old Mill District,1419.0,sqft,4072.0,2,1.0,1.5,1940.0,No,3,4,N,N,N,7.0,237600.0
Cedar Falls,2327.0,sqft,8962.0,4,3.5,1.0,1963.0,No,3,5,Y,Y,N,8.0,276900.0
Riverside Park,1821.0,sqft,3765.0,2,1.0,2.5,1931.0,No,4,6,Y,N,N,5.0,240400.0
Old Mill District,1506.0,sqft,3152.0,3,2.5,2.0,1940.0,No,4,4,Y,N,N,5.0,268000.0
Harbor Point,3508.0,sqft,6634.0,6,4.5,2.0,2008.0,No,3,4,Y,N,N,8.0,1137900.0
Riverside Park,778.0,sqft,2896.0,2,1.5,2.5,2019.0,No,4,6,Y,Y,N,7.0,$164.3K
Northgate,1530.0,sqft,4890.0,2,1.0,3.0,1956.0,Yes,2,6,Y,Y,N,7.0,130500.0
Northgate,1443.0,sqft,5225.0,2,1.5,1.5,1985.0,No,2,9,Y,N,N,6.0,$122.6K
Northgate,2275.0,sqft,8420.0,4,2.0,2.0,1978.0,No,5,6,Y,Y,N,7.0,213300.0
Riverside Park,285.2,sqm,4117.0,5,3.5,2.0,1949.0,Yes,3,3,Y,Y,N,7.0,462800.0
Riverside Park,3313.0,sqft,11488.0,5,4.0,2.0,1926.0,No,2,7,Y,N,N,4.0,442000.0
Harbor Point,3461.0,sqft,8527.0,4,3.0,1.0,1935.0,No,4,5,Y,Y,N,4.0,$857.1K
Old Mill District,2853.0,sqft,9950.0,5,4.0,2.0,,No,3,3,Y,N,N,6.0,$515.9K
Old Mill District,2233.0,sqft,4037.0,3,2.5,2.0,1973.0,No,4,8,Y,N,Y,7.0,$642.6K
Harbor Point,1449.0,sqft,4373.0,2,1.0,1.0,1972.0,No,1,4,Y,Y,N,8.0,378200.0
Harbor Point,609.0,sqft,1067.0,1,1.0,1.5,1985.0,No,4,7,Y,N,N,8.0,$167.8K
Maple Grove,2749.0,sqft,7553.0,4,3.5,1.5,1984.0,Yes,4,6,Y,N,N,6.0,$346.1K
Cedar Falls,2178.0,sqft,6621.0,4,3.5,3.0,1937.0,Yes,5,8,N,N,N,6.0,$257.2K
Brookhaven,1810.0,sqft,4235.0,2,1.5,2.0,2019.0,No,5,7,Y,N,N,9.0,$450.4K
Riverside Park,135.2,sqm,5063.0,2,1.5,1.0,1965.0,No,3,6,N,N,N,7.0,217400.0
Harbor Point,765.0,sqft,2818.0,1,1.0,1.5,1982.0,No,4,3,N,N,N,5.0,$188.1K
Old Mill District,1779.0,sqft,6584.0,4,3.0,1.0,1934.0,No,4,5,Y,N,N,5.0,$307.3K
Old Mill District,206.5,sqm,3109.0,3,3.0,1.0,1945.0,No,3,7,Y,Y,Y,4.0,470700.0
Old Mill District,2869.0,sqft,7739.0,4,2.5,2.0,1993.0,Yes,4,4,Y,Y,N,6.0,$796.1K
Northgate,1635.0,sqft,5769.0,2,2.0,1.0,1934.0,Yes,3,3,N,,N,5.0,122200.0
Old Mill District,2067.0,sqft,7515.0,3,2.0,1.5,1991.0,No,5,9,Y,,N,9.0,606900.0
Cedar Falls,1489.0,sqft,5118.0,2,1.5,1.5,2003.0,No,4,5,Y,N,N,4.0,$177.2K
Harbor Point,1925.0,sqft,5450.0,3,2.5,2.5,1950.0,Yes,3,10,N,N,N,6.0,$502.5K
Riverside Park,1015.0,sqft,2643.0,2,2.0,1.0,1941.0,No,2,6,Y,Y,N,6.0,$130.5K
Cedar Falls,2697.0,sqft,8627.0,4,3.0,2.0,2022.0,No,5,9,Y,Y,N,4.0,481600.0
Cedar Falls,2218.0,sqft,5670.0,3,2.0,3.0,2003.0,No,3,10,Y,Y,N,7.0,$329.9K
Old Mill District,1862.0,sqft,7000.0,3,2.0,1.0,1985.0,No,3,5,Y,Y,Y,7.0,$538.9K
Harbor Point,1898.0,sqft,6398.0,4,2.5,3.0,1988.0,Yes,2,5,N,N,N,5.0,594400.0
Maple Grove,229.7,sqm,4948.0,4,3.5,2.0,1992.0,Yes,3,6,Y,N,N,5.0,339900.0
Cedar Falls,2727.0,sqft,8970.0,4,3.0,2.0,2003.0,No,5,8,Y,N,N,6.0,389200.0
Sunridge,276.1,sqm,5971.0,5,3.5,3.0,1990.0,Yes,3,9,N,Y,N,6.0,$334.6K
Harbor Point,112.7,sqm,2304.0,2,2.5,3.0,2017.0,No,3,6,Y,N,N,5.0,$377.9K
Maple Grove,2961.0,sqft,9819.0,4,3.0,2.0,2006.0,No,5,5,N,N,N,8.0,436800.0
Cedar Falls,255.1,sqm,10170.0,4,3.5,1.0,1949.0,No,4,5,Y,N,N,8.0,$347.5K
Northgate,2407.0,sqft,4298.0,4,3.5,2.5,1946.0,No,5,6,Y,Y,N,5.0,173300.0
Maple Grove,213.9,sqm,7489.0,3,1.5,3.0,1942.0,No,3,4,Y,N,N,8.0,$269.3K
Brookhaven,237.4,sqm,7346.0,4,2.5,2.0,1952.0,No,5,3,Y,Y,N,5.0,384900.0
Northgate,1493.0,sqft,1824.0,3,3.0,1.5,2019.0,Yes,5,7,N,N,N,,158700.0
Maple Grove,1291.0,sqft,5062.0,2,2.0,3.0,1931.0,Yes,4,4,Y,Y,N,7.0,175100.0
Riverside Park,2295.0,sqft,4514.0,5,3.5,2.0,1925.0,Yes,3,3,N,Y,N,,$384.4K
Riverside Park,2195.0,sqft,5954.0,4,2.5,1.0,1991.0,Yes,3,3,N,N,N,8.0,334600.0
Riverside Park,215.6,sqm,3921.0,4,3.0,2.5,1977.0,Yes,4,3,Y,Y,N,6.0,406600.0
Northgate,758.0,sqft,1013.0,1,1.0,2.0,1987.0,No,4,5,N,N,N,9.0,$68.6K
Harbor Point,2704.0,sqft,4929.0,5,4.0,3.0,2005.0,No,2,9,Y,Y,N,,$830.9K
Northgate,2482.0,sqft,3721.0,4,3.0,1.5,2019.0,No,2,3,Y,N,N,7.0,224500.0
Riverside Park,187.4,sqm,2965.0,3,1.5,3.0,2009.0,No,3,6,N,Y,N,6.0,$420.4K
Northgate,1448.0,sqft,3392.0,3,2.0,3.0,1951.0,Yes,4,5,Y,Y,N,6.0,114100.0
Brookhaven,1983.0,sqft,3849.0,3,2.5,2.0,2022.0,No,2,7,Y,N,N,2.0,$391.2K
Old Mill District,2038.0,sqft,4913.0,4,3.0,1.0,1940.0,No,2,8,Y,N,N,6.0,430100.0
Harbor Point,161.5,sqm,2600.0,2,1.5,1.0,1949.0,Yes,3,8,Y,Y,N,10.0,$441.7K
Old Mill District,213.6,sqm,8541.0,4,2.5,2.5,1996.0,No,5,7,Y,N,N,5.0,$593.6K
Riverside Park,1128.0,sqft,4140.0,2,1.0,2.5,1971.0,Yes,2,6,Y,N,N,5.0,200800.0
Riverside Park,2468.0,sqft,8049.0,4,3.0,1.0,2002.0,No,4,5,Y,Y,N,7.0,$451.2K
Cedar Falls,1629.0,sqft,3137.0,4,3.5,2.0,1978.0,No,4,8,N,N,N,,163900.0
Harbor Point,763.0,sqft,1857.0,1,1.0,1.0,1922.0,No,3,6,N,Y,N,6.0,200900.0
Northgate,321.2,sqm,11021.0,6,3.5,2.0,1969.0,No,3,10,N,Y,N,7.0,$258.6K
Old Mill District,2551.0,sqft,3826.0,4,2.5,2.0,1953.0,No,3,7,N,N,N,5.0,$408.1K
Old Mill District,230.4,sqm,,4,3.5,2.0,1989.0,No,5,8,Y,Y,Y,4.0,752700.0
Brookhaven,2841.0,sqft,10338.0,5,3.5,2.0,1925.0,No,2,4,N,Y,N,5.0,$389.2K
Maple Grove,2931.0,sqft,4453.0,3,3.0,3.0,1992.0,No,2,4,Y,Y,N,7.0,$440.4K
Old Mill District,1049.0,sqft,4098.0,2,1.0,1.0,1973.0,No,5,8,Y,N,N,10.0,260800.0
Old Mill District,1239.0,sqft,3421.0,1,1.0,1.0,2023.0,No,3,9,Y,N,N,4.0,$358.8K
Riverside Park,247.7,sqm,3617.0,3,1.5,2.0,1965.0,No,2,7,Y,N,Y,6.0,$435.5K
Northgate,1510.0,sqft,3212.0,2,1.5,1.0,1933.0,Yes,3,8,Y,,N,9.0,$120.9K
Old Mill District,1169.0,sqft,1990.0,2,1.5,1.0,1931.0,Yes,1,4,N,Y,N,5.0,217600.0
Harbor Point,2297.0,sqft,6107.0,3,2.0,3.0,1965.0,No,4,8,Y,N,N,7.0,633700.0
Harbor Point,188.6,sqm,7595.0,4,4.0,1.0,1929.0,No,3,8,N,N,N,7.0,$552.6K
Old Mill District,1095.0,sqft,2458.0,1,1.0,1.0,1976.0,No,3,9,N,Y,N,5.0,$251.0K
Harbor Point,2110.0,sqft,4302.0,3,1.5,1.5,2003.0,No,4,3,Y,N,N,,577700.0
Brookhaven,2272.0,sqft,3876.0,4,3.5,1.0,1975.0,No,3,7,Y,N,N,6.0,$455.0K
Sunridge,2794.0,sqft,4517.0,4,3.5,1.0,1931.0,No,4,7,N,N,Y,4.0,275200.0
Harbor Point,261.3,sqm,4548.0,5,3.0,1.5,1961.0,No,3,7,Y,N,Y,9.0,756000.0
Old Mill District,1626.0,sqft,4831.0,3,2.5,3.0,1954.0,No,5,3,N,Y,N,8.0,361100.0
Harbor Point,1836.0,sqft,3270.0,2,2.0,1.0,2003.0,No,4,6,N,Y,N,6.0,541000.0
Harbor Point,2114.0,sqft,2556.0,3,2.5,3.0,1999.0,No,4,3,N,Y,Y,10.0,$819.2K
Riverside Park,3322.0,sqft,4247.0,5,3.5,1.5,1932.0,Yes,4,3,N,Y,N,6.0,471900.0
Brookhaven,2555.0,sqft,6886.0,3,1.5,1.0,1927.0,No,3,5,Y,N,N,10.0,395900.0
Maple Grove,145.4,sqm,4043.0,3,2.0,2.0,1994.0,No,3,8,Y,N,N,10.0,308900.0
Riverside Park,595.0,sqft,1204.0,1,1.0,1.0,1933.0,No,5,4,Y,N,Y,7.0,$89.9K
Cedar Falls,718.0,sqft,1725.0,1,1.5,1.5,1988.0,Yes,5,5,N,Y,N,,$92.4K
Sunridge,1741.0,sqft,6480.0,3,2.5,2.0,1930.0,No,5,3,N,N,N,6.0,$165.0K
Brookhaven,1429.0,sqft,2683.0,2,1.5,1.0,1981.0,No,3,5,Y,N,N,1.0,$249.7K
Northgate,2756.0,sqft,4945.0,5,3.5,1.0,1982.0,No,2,3,N,Y,N,6.0,$221.9K
Old Mill District,3399.0,sqft,9437.0,5,4.0,1.0,2003.0,Yes,4,8,Y,Y,Y,8.0,$1180.6K
Old Mill District,1322.0,sqft,1643.0,3,2.0,1.5,1922.0,No,1,8,Y,N,N,5.0,$280.8K
Maple Grove,1250.0,sqft,2447.0,2,2.5,1.0,1982.0,No,5,7,Y,Y,N,8.0,163700.0
Sunridge,2717.0,sqft,6012.0,6,5.0,1.0,1983.0,Yes,3,4,N,N,N,4.0,284700.0
Brookhaven,1557.0,sqft,4208.0,4,3.0,2.0,1922.0,Yes,4,7,Y,N,N,7.0,$273.1K
Maple Grove,2551.0,sqft,8655.0,4,2.0,1.0,2014.0,No,1,4,Y,Y,N,4.0,$427.6K
Harbor Point,2530.0,sqft,3249.0,4,3.0,2.0,1930.0,Yes,4,5,Y,N,N,,640500.0
Old Mill District,1550.0,sqft,2248.0,3,2.0,1.0,2016.0,No,3,3,Y,N,N,10.0,438000.0
Cedar Falls,181.9,sqm,7471.0,3,2.0,1.0,1963.0,No,5,10,Y,Y,N,9.0,$284.3K
Cedar Falls,117.8,sqm,4098.0,3,3.5,2.0,1972.0,No,2,7,N,N,N,3.0,$146.3K
Brookhaven,2742.0,sqft,7749.0,4,2.0,1.0,2013.0,No,5,3,Y,N,Y,6.0,$679.5K
Cedar Falls,1318.0,sqft,4859.0,2,1.0,2.0,1942.0,Yes,3,8,N,N,N,7.0,146600.0
Old Mill District,500.0,sqft,1409.0,1,1.0,1.5,2000.0,No,2,10,Y,Y,N,5.0,126800.0
Riverside Park,2425.0,sqft,8070.0,4,3.5,1.0,2016.0,No,3,4,Y,N,N,6.0,464300.0
Harbor Point,1926.0,sqft,5997.0,4,2.0,1.0,1957.0,No,4,6,N,N,N,6.0,$453.6K
Sunridge,1801.0,sqft,5876.0,3,1.5,1.0,1965.0,Yes,3,8,Y,N,N,7.0,$183.6K
Northgate,3064.0,sqft,9575.0,5,4.0,2.0,1949.0,No,4,5,Y,Y,N,4.0,$258.1K
Northgate,1390.0,sqft,3680.0,3,2.5,1.0,2002.0,Yes,3,8,Y,N,N,5.0,$132.6K
Maple Grove,1263.0,sqft,2031.0,2,1.0,3.0,1942.0,Yes,3,6,Y,N,N,9.0,$173.2K
Northgate,1835.0,sqft,5700.0,3,2.5,2.5,1950.0,No,2,9,Y,N,N,6.0,151700.0
Maple Grove,1382.0,sqft,5357.0,2,1.0,2.5,2019.0,No,5,3,Y,N,N,3.0,196600.0
Sunridge,2213.0,sqft,5143.0,4,3.0,1.5,1957.0,Yes,3,6,Y,N,N,6.0,$191.7K
Maple Grove,1075.0,sqft,3138.0,1,1.0,2.0,1989.0,No,3,10,N,Y,N,9.0,$189.3K
Old Mill District,2491.0,sqft,9260.0,3,2.5,2.0,1937.0,Yes,3,5,N,N,N,8.0,572800.0
Brookhaven,96.4,sqm,1813.0,1,1.0,1.5,1957.0,No,2,6,Y,Y,N,8.0,191500.0
Sunridge,1114.0,sqft,4278.0,2,1.0,1.5,2018.0,No,5,5,Y,N,N,6.0,$133.1K
Sunridge,2103.0,sqft,5531.0,2,1.5,2.0,1999.0,No,3,5,Y,Y,N,2.0,$221.7K
Brookhaven,1789.0,sqft,2867.0,3,2.5,2.0,1993.0,No,5,10,Y,Y,N,5.0,$338.7K
Riverside Park,2041.0,sqft,2470.0,3,1.0,1.5,1965.0,Yes,4,9,N,N,N,6.0,$352.8K
Harbor Point,2159.0,sqft,4984.0,3,3.0,2.0,1947.0,Yes,3,8,Y,N,N,8.0,$571.8K
Northgate,2803.0,sqft,6697.0,4,3.0,1.0,1927.0,Yes,4,6,Y,Y,N,6.0,$195.1K
Maple Grove,1903.0,sqft,6164.0,3,2.5,3.0,2017.0,No,3,9,Y,Y,N,4.0,334100.0
Sunridge,2151.0,sqft,3499.0,3,2.0,1.5,2007.0,No,3,7,N,Y,N,8.0,271100.0
Maple Grove,1779.0,sqft,2308.0,3,2.5,2.0,2000.0,No,1,8,Y,Y,N,5.0,297400.0
Brookhaven,1890.0,sqft,6750.0,3,2.0,2.5,1926.0,No,2,8,N,N,N,4.0,$362.9K
Old Mill District,93.1,sqm,1795.0,1,1.0,2.5,1925.0,Yes,2,4,Y,Y,N,,$217.7K
Maple Grove,219.6,sqm,8369.0,3,2.0,2.0,1979.0,No,4,7,Y,N,N,7.0,368700.0
Northgate,1938.0,sqft,5594.0,3,2.0,2.0,1920.0,Yes,5,10,Y,N,N,6.0,$155.3K
Riverside Park,552.0,sqft,1203.0,1,1.0,2.0,1935.0,No,5,7,Y,N,N,,$82.5K
Northgate,2028.0,sqft,4308.0,3,1.5,2.0,1990.0,No,4,9,Y,Y,Y,3.0,$206.9K
Sunridge,2545.0,sqft,8536.0,5,3.5,3.0,1983.0,No,2,7,Y,N,N,7.0,$211.5K
Sunridge,164.1,sqm,5669.0,2,1.5,2.5,1931.0,No,5,6,Y,N,N,4.0,$155.8K
Riverside Park,2548.0,sqft,4923.0,3,2.5,1.5,1995.0,No,3,10,N,N,N,5.0,314200.0
Northgate,1857.0,sqft,4187.0,3,2.5,1.5,1976.0,No,5,10,Y,Y,N,4.0,158200.0
Harbor Point,1829.0,sqft,6502.0,3,1.5,2.0,1969.0,No,1,10,Y,N,N,8.0,562600.0
Harbor Point,1724.0,sqft,5879.0,3,2.0,2.0,1948.0,No,4,6,Y,N,N,4.0,$394.3K
Cedar Falls,1556.0,sqft,5231.0,2,2.0,2.5,2007.0,No,3,10,Y,Y,N,10.0,$267.2K
Harbor Point,131.5,sqm,2017.0,1,1.0,2.0,1948.0,Yes,3,4,Y,Y,N,8.0,380300.0
Riverside Park,693.0,sqft,876.0,1,1.0,3.0,1944.0,No,4,10,Y,Y,N,5.0,$104.7K
Northgate,1782.0,sqft,6964.0,2,1.5,1.0,1999.0,No,5,10,Y,Y,N,6.0,$211.2K
Riverside Park,1645.0,sqft,6153.0,3,2.5,1.0,1979.0,Yes,2,6,Y,Y,Y,6.0,358700.0
Brookhaven,817.0,sqft,1733.0,1,1.0,1.0,1955.0,Yes,4,3,Y,Y,N,7.0,$156.8K
Maple Grove,1926.0,sqft,2439.0,3,3.0,3.0,1933.0,No,3,9,N,N,N,5.0,211900.0
Sunridge,2246.0,sqft,4033.0,4,2.5,2.5,2015.0,No,5,6,Y,N,N,9.0,$279.7K
Old Mill District,2182.0,sqft,6672.0,3,1.5,2.0,1984.0,No,2,6,N,Y,N,6.0,507200.0
Old Mill District,1346.0,sqft,2182.0,1,1.0,1.0,2004.0,No,2,4,Y,N,N,,332500.0
Cedar Falls,500.0,sqft,902.0,1,1.0,1.0,2002.0,No,1,5,Y,N,N,6.0,$68.9K
Harbor Point,1541.0,sqft,3838.0,2,2.0,2.0,1922.0,Yes,3,3,Y,Y,N,5.0,332000.0
Maple Grove,2968.0,sqft,5697.0,5,4.0,2.0,1970.0,No,3,5,Y,Y,N,7.0,$359.4K
Riverside Park,2089.0,sqft,2733.0,3,2.5,1.0,2018.0,No,3,3,Y,Y,Y,10.0,446600.0
Brookhaven,1433.0,sqft,3604.0,2,1.0,2.0,1981.0,No,3,4,Y,N,N,9.0,$265.9K
Harbor Point,1688.0,sqft,5522.0,2,1.5,2.0,1920.0,No,5,3,N,N,N,8.0,$368.8K
Old Mill District,2294.0,sqft,8353.0,4,3.0,1.0,2009.0,No,3,8,Y,Y,N,5.0,624400.0
Harbor Point,2850.0,sqft,9826.0,5,3.5,1.0,1928.0,Yes,3,9,Y,Y,N,4.0,$724.5K
Riverside Park,2021.0,sqft,4876.0,3,3.5,1.0,1969.0,Yes,3,6,Y,N,N,4.0,$338.3K
Northgate,166.3,sqm,6000.0,3,3.0,1.5,1941.0,No,1,7,Y,N,N,6.0,115200.0
Cedar Falls,2756.0,sqft,4081.0,4,2.5,2.0,1940.0,Yes,5,3,Y,N,N,7.0,296200.0
Sunridge,252.5,sqm,4274.0,5,2.5,1.0,1999.0,No,2,7,Y,N,N,7.0,$261.9K
Harbor Point,154.5,sqm,4840.0,2,1.5,1.0,1967.0,No,3,4,Y,N,N,5.0,369900.0
Maple Grove,261.9,sqm,7168.0,5,3.5,1.0,2014.0,No,3,6,Y,Y,N,3.0,356900.0
Maple Grove,1087.0,sqft,4336.0,3,3.0,1.0,1995.0,No,4,4,N,N,N,6.0,$165.5K
Northgate,2047.0,sqft,5868.0,4,3.0,2.5,2012.0,No,2,8,Y,N,N,6.0,$221.0K
Maple Grove,2277.0,sqft,5470.0,3,2.0,2.0,2004.0,No,3,4,Y,Y,N,7.0,338400.0
Riverside Park,1345.0,sqft,3585.0,2,1.5,1.5,1947.0,Yes,3,5,Y,N,N,,182700.0
Brookhaven,1881.0,sqft,4302.0,3,1.5,1.0,1944.0,Yes,3,10,Y,Y,N,,$359.9K
Sunridge,2811.0,sqft,5506.0,5,4.5,3.0,1983.0,No,2,4,Y,Y,N,7.0,248300.0
Riverside Park,1191.0,sqft,4339.0,2,1.0,3.0,1953.0,Yes,1,5,N,Y,N,5.0,175300.0
Cedar Falls,1551.0,sqft,3319.0,3,2.5,1.0,1935.0,No,4,10,Y,N,N,5.0,$169.5K
Northgate,177.8,sqm,5975.0,4,3.5,2.0,2004.0,No,3,9,N,,N,,222100.0
Northgate,2421.0,sqft,8844.0,4,3.0,2.0,2001.0,No,3,7,N,Y,N,5.0,$224.2K
Maple Grove,1569.0,sqft,4868.0,2,1.0,2.0,1993.0,Yes,3,5,N,Y,N,7.0,$241.9K
Sunridge,209.2,sqm,6185.0,4,3.5,3.0,1979.0,Yes,3,7,Y,Y,N,4.0,$231.8K
Maple Grove,1506.0,sqft,2701.0,2,2.5,1.0,1952.0,Yes,3,5,Y,N,N,6.0,$195.0K
Riverside Park,1228.0,sqft,4538.0,2,1.5,2.5,1960.0,No,4,5,Y,N,N,5.0,$182.7K
Brookhaven,1545.0,sqft,3849.0,2,1.5,3.0,1933.0,Yes,4,6,Y,N,N,8.0,251900.0
Maple Grove,1514.0,sqft,4380.0,2,1.5,1.0,1951.0,Yes,3,10,Y,N,N,7.0,204500.0
Maple Grove,764.0,sqft,2697.0,2,2.0,2.0,1922.0,No,4,10,N,N,Y,,99100.0
Riverside Park,127.6,sqm,1745.0,2,1.0,2.5,1952.0,No,3,10,Y,N,N,6.0,178500.0
Maple Grove,2052.0,sqft,5016.0,3,3.0,2.0,1982.0,No,4,6,Y,N,N,5.0,$280.9K
Riverside Park,2905.0,sqft,9844.0,4,2.5,2.0,2016.0,No,3,6,Y,Y,N,6.0,506200.0
Harbor Point,2787.0,sqft,3735.0,4,3.0,1.0,2020.0,No,5,4,Y,N,N,10.0,1069200.0
Cedar Falls,1756.0,sqft,4642.0,4,3.0,1.0,1960.0,Yes,5,3,Y,N,N,3.0,$189.6K
Old Mill District,171.1,sqm,7348.0,4,3.5,1.5,2015.0,No,3,7,N,Y,N,7.0,$533.2K
Old Mill District,2418.0,sqft,3009.0,3,2.0,2.0,1940.0,No,4,10,Y,N,N,3.0,478900.0
Maple Grove,2531.0,sqft,8244.0,5,4.0,1.0,2013.0,No,3,9,N,Y,N,3.0,377300.0
Brookhaven,500.0,sqft,800.0,1,1.0,1.0,1967.0,No,3,3,Y,N,N,6.0,80600.0
Maple Grove,1849.0,sqft,4852.0,3,2.0,1.0,,No,4,10,Y,N,N,7.0,256500.0
Maple Grove,1252.0,sqft,3486.0,3,2.5,2.5,1941.0,Yes,4,3,Y,N,N,6.0,168400.0
Maple Grove,2752.0,sqft,5075.0,4,3.5,2.0,2018.0,No,3,9,Y,N,N,3.0,$424.6K
Cedar Falls,2070.0,sqft,3592.0,3,2.5,2.0,1995.0,Yes,4,3,N,Y,N,7.0,331800.0
Sunridge,1526.0,sqft,3759.0,2,1.5,1.0,1986.0,No,4,10,Y,N,N,8.0,$158.8K
Sunridge,257.4,sqm,10801.0,5,5.0,2.0,1951.0,No,4,5,Y,N,N,6.0,284800.0
Northgate,1129.0,sqft,3466.0,2,2.0,2.0,1942.0,No,3,5,N,Y,N,7.0,86900.0
Maple Grove,1584.0,sqft,1952.0,3,2.0,3.0,1958.0,Yes,1,4,Y,Y,N,4.0,209900.0
Riverside Park,1574.0,sqft,3119.0,3,2.0,1.5,1948.0,No,3,4,Y,N,N,5.0,$216.5K
Maple Grove,2526.0,sqft,8488.0,4,3.0,3.0,1972.0,Yes,3,8,Y,N,N,7.0,$409.7K
Northgate,1379.0,sqft,1956.0,3,2.0,1.0,1985.0,Yes,3,5,Y,N,N,6.0,137900.0
Cedar Falls,1422.0,sqft,4397.0,2,1.0,1.5,2006.0,No,4,5,N,Y,N,4.0,$210.5K
Harbor Point,128.8,sqm,4348.0,2,1.0,1.0,1988.0,Yes,2,4,Y,N,N,5.0,$335.1K
Riverside Park,2130.0,sqft,3625.0,3,3.0,1.0,1958.0,No,4,5,Y,Y,N,5.0,$318.7K
Harbor Point,1785.0,sqft,5429.0,3,2.0,1.0,1963.0,No,4,9,N,N,N,7.0,484200.0
Riverside Park,823.0,sqft,1910.0,2,1.0,2.0,1999.0,Yes,4,10,Y,N,N,4.0,$157.0K
Cedar Falls,1643.0,sqft,6370.0,2,1.5,2.5,1990.0,No,3,5,Y,Y,Y,7.0,$266.7K
Northgate,1572.0,sqft,5313.0,2,1.5,1.0,1997.0,No,5,4,Y,Y,N,6.0,$141.3K
Old Mill District,1429.0,sqft,2249.0,2,1.0,1.0,1943.0,No,5,4,Y,Y,N,5.0,256600.0
Old Mill District,1509.0,sqft,2275.0,3,2.5,1.0,1941.0,Yes,4,4,Y,N,N,6.0,312800.0
Sunridge,1517.0,sqft,,4,3.0,1.0,1974.0,No,3,4,Y,N,Y,8.0,165300.0
Northgate,260.3,sqm,5736.0,5,3.5,3.0,1967.0,No,2,3,Y,N,N,7.0,236300.0
Maple Grove,2422.0,sqft,8318.0,4,2.5,1.5,2020.0,No,3,5,N,,N,,$369.5K
Harbor Point,737.0,sqft,2708.0,1,1.5,1.0,1976.0,No,3,7,N,Y,N,5.0,$205.4K
Harbor Point,2074.0,sqft,3794.0,3,2.5,1.0,1957.0,No,3,6,Y,Y,N,6.0,416600.0
Maple Grove,1629.0,sqft,4388.0,3,2.5,2.5,2007.0,No,3,4,Y,N,N,6.0,$242.4K
Sunridge,2472.0,sqft,9491.0,5,4.0,1.0,2020.0,No,2,7,Y,N,Y,6.0,309500.0
Old Mill District,181.0,sqm,4587.0,2,1.0,2.5,2002.0,No,3,4,Y,Y,N,6.0,477400.0
Brookhaven,938.0,sqft,2366.0,1,1.0,1.0,1980.0,No,3,8,Y,N,N,,$176.5K
Cedar Falls,1689.0,sqft,2189.0,4,3.0,3.0,1951.0,Yes,2,7,N,N,N,,206900.0
Maple Grove,1303.0,sqft,4379.0,2,2.0,1.0,1925.0,Yes,3,5,Y,N,N,4.0,149900.0
Sunridge,1067.0,sqft,2959.0,1,1.0,2.0,1957.0,No,5,5,Y,Y,N,4.0,$109.9K
Harbor Point,1350.0,sqft,4203.0,2,2.5,1.0,1992.0,No,4,7,Y,Y,N,8.0,394700.0
Old Mill District,271.1,sqm,6061.0,4,3.5,2.0,1929.0,Yes,2,10,Y,N,N,4.0,$692.7K
Riverside Park,1512.0,sqft,3842.0,3,2.0,2.0,1941.0,No,4,4,N,Y,Y,4.0,204400.0
Cedar Falls,2495.0,sqft,3159.0,3,2.0,3.0,1939.0,Yes,4,4,Y,Y,N,3.0,292200.0
Sunridge,2498.0,sqft,5276.0,3,2.0,1.0,2020.0,Yes,5,5,Y,N,N,,$346.1K
Sunridge,1630.0,sqft,5369.0,4,3.0,2.0,1988.0,No,5,6,Y,N,N,7.0,173300.0
Sunridge,1037.0,sqft,3625.0,3,3.0,2.0,1921.0,No,3,10,Y,N,N,6.0,71800.0
Northgate,2162.0,sqft,5783.0,3,2.0,2.0,1969.0,No,4,8,N,N,N,5.0,$185.9K
Northgate,1188.0,sqft,3036.0,2,1.5,3.0,2020.0,No,4,8,Y,N,N,10.0,$116.0K
Old Mill District,242.3,sqm,6382.0,5,4.0,1.5,1935.0,No,5,3,N,N,N,6.0,$494.3K
Harbor Point,2962.0,sqft,6567.0,5,3.5,1.0,1995.0,Yes,3,8,N,N,N,5.0,897600.0
Riverside Park,1820.0,sqft,6591.0,3,2.5,2.5,2010.0,No,4,5,Y,N,N,6.0,363600.0
Riverside Park,1368.0,sqft,4036.0,2,1.0,1.0,2010.0,Yes,2,7,Y,Y,N,4.0,294900.0
Northgate,949.0,sqft,1851.0,2,1.5,1.0,1922.0,Yes,1,3,Y,Y,N,6.0,$70.3K
Brookhaven,1749.0,sqft,5580.0,3,2.0,1.0,1946.0,No,3,10,Y,Y,N,4.0,225400.0
Sunridge,1077.0,sqft,2047.0,1,1.0,1.5,1960.0,No,1,4,Y,N,N,5.0,$84.7K
Brookhaven,1411.0,sqft,4396.0,1,1.0,2.0,1997.0,No,4,4,Y,N,N,9.0,$245.8K
Sunridge,1648.0,sqft,5948.0,3,1.5,2.0,1946.0,No,3,3,Y,N,N,9.0,$150.9K
Northgate,2483.0,sqft,8023.0,4,4.0,1.5,2001.0,No,5,9,N,N,N,7.0,247200.0
Sunridge,142.0,sqm,4904.0,2,1.5,2.0,1954.0,No,1,8,Y,N,N,4.0,138000.0
Northgate,1380.0,sqft,2151.0,2,1.5,2.5,1948.0,Yes,3,6,Y,Y,N,3.0,$116.5K
Harbor Point,914.0,sqft,3017.0,2,1.5,1.0,1991.0,No,2,7,Y,N,N,7.0,262300.0
Sunridge,139.8,sqm,5435.0,2,1.0,1.0,1977.0,Yes,3,7,N,N,N,7.0,165300.0
Cedar Falls,2270.0,sqft,6208.0,3,2.0,1.0,1954.0,Yes,2,4,Y,Y,N,,$275.3K
Harbor Point,1851.0,sqft,,4,4.0,2.0,1929.0,No,4,10,Y,Y,N,7.0,499900.0
Old Mill District,1788.0,sqft,5652.0,3,2.0,2.0,2004.0,No,4,4,N,N,N,7.0,425100.0
Brookhaven,1458.0,sqft,4933.0,2,2.0,1.0,1941.0,No,4,7,Y,N,N,5.0,224100.0
Maple Grove,693.0,sqft,2585.0,1,1.0,2.5,1972.0,No,4,10,Y,Y,N,3.0,$101.0K
Northgate,1701.0,sqft,3503.0,3,2.5,2.0,1954.0,No,4,7,Y,Y,N,7.0,129800.0
Riverside Park,2731.0,sqft,6508.0,4,3.0,2.0,1965.0,No,2,5,Y,,N,9.0,398700.0
Riverside Park,1684.0,sqft,2829.0,3,2.0,1.0,1984.0,Yes,4,8,Y,N,N,4.0,281200.0
Sunridge,227.9,sqm,6787.0,3,2.5,1.0,1984.0,No,4,3,N,Y,N,3.0,$232.8K
Northgate,592.0,sqft,953.0,1,1.0,2.0,,No,4,4,Y,N,N,6.0,51500.0
Maple Grove,2251.0,sqft,6550.0,4,3.0,1.0,2004.0,No,4,3,N,Y,N,6.0,$301.8K
Sunridge,2116.0,sqft,3419.0,2,1.0,1.0,,No,4,6,N,Y,N,6.0,187800.0
Riverside Park,910.0,sqft,2299.0,2,2.0,3.0,1955.0,No,5,3,N,Y,N,6.0,$149.3K
Sunridge,4050.0,sqft,14958.0,6,4.5,2.5,1995.0,No,3,6,Y,Y,N,3.0,420400.0
Harbor Point,1538.0,sqft,2572.0,4,3.0,1.5,1940.0,Yes,3,7,Y,N,N,7.0,403700.0
Maple Grove,3145.0,sqft,9849.0,4,3.0,2.5,1938.0,No,5,9,Y,N,N,8.0,451300.0
Riverside Park,183.3,sqm,4349.0,2,1.5,1.0,1953.0,No,4,6,Y,Y,N,6.0,$305.2K
Sunridge,1620.0,sqft,6072.0,2,1.0,2.5,1971.0,No,3,6,Y,N,N,7.0,160700.0
Brookhaven,2573.0,sqft,6952.0,4,2.5,1.0,1930.0,No,1,10,Y,N,N,5.0,405700.0
Sunridge,1527.0,sqft,4388.0,2,1.0,2.0,2010.0,No,4,10,Y,N,N,10.0,189000.0
Maple Grove,2184.0,sqft,3288.0,3,1.5,1.5,1981.0,Yes,2,7,N,N,N,7.0,$408.5K
Brookhaven,750.0,sqft,2253.0,2,3.0,1.0,2009.0,No,1,8,Y,Y,N,4.0,$165.7K
Cedar Falls,46.4,sqm,1396.0,2,1.0,1.0,1985.0,No,4,10,Y,Y,N,4.0,70400.0
Old Mill District,757.0,sqft,909.0,2,2.0,2.5,2001.0,No,2,4,Y,Y,N,6.0,213900.0
Harbor Point,1223.0,sqft,2004.0,1,1.0,1.0,1950.0,Yes,2,4,Y,Y,N,4.0,274500.0
Riverside Park,1293.0,sqft,4272.0,1,1.0,1.0,2006.0,No,4,4,N,N,N,4.0,$235.9K
Riverside Park,1360.0,sqft,4067.0,2,2.0,3.0,1941.0,No,3,7,N,Y,N,6.0,$187.7K
Old Mill District,1850.0,sqft,2732.0,3,2.0,2.0,2000.0,No,5,4,N,N,N,4.0,471300.0
Riverside Park,741.0,sqft,2299.0,2,1.5,2.0,2009.0,No,4,8,N,N,N,4.0,$124.1K
Riverside Park,2669.0,sqft,3435.0,6,4.5,2.5,2019.0,Yes,3,4,N,Y,N,8.0,491800.0
Riverside Park,72.5,sqm,2132.0,2,2.0,1.0,1929.0,Yes,4,3,Y,N,N,4.0,102100.0
Brookhaven,1512.0,sqft,2090.0,2,1.0,3.0,,Yes,4,4,Y,N,N,5.0,$299.4K
Riverside Park,2098.0,sqft,2915.0,3,2.5,2.0,1922.0,No,3,4,N,Y,N,,278300.0
Northgate,807.0,sqft,3081.0,2,1.5,1.0,2013.0,No,2,5,Y,N,N,2.0,$66.0K
Cedar Falls,1680.0,sqft,4103.0,2,1.0,1.0,1925.0,Yes,3,10,Y,N,N,6.0,227400.0
Old Mill District,1057.0,sqft,4146.0,1,1.0,1.5,1976.0,No,3,9,Y,N,Y,8.0,$295.8K
Riverside Park,170.5,sqm,4929.0,2,2.0,1.0,2015.0,No,4,3,Y,N,N,6.0,$293.4K
Northgate,2183.0,sqft,6193.0,4,3.5,2.5,1932.0,No,4,6,Y,Y,N,5.0,194100.0
Maple Grove,1267.0,sqft,4681.0,2,1.5,1.5,2010.0,No,3,8,Y,N,N,6.0,198800.0
Harbor Point,1723.0,sqft,3403.0,2,2.5,1.0,1932.0,Yes,3,6,N,N,N,5.0,426500.0
Maple Grove,1552.0,sqft,2353.0,1,1.0,2.5,1964.0,No,1,9,Y,Y,N,6.0,$193.0K
Maple Grove,3021.0,sqft,9295.0,5,4.0,1.5,1957.0,No,2,9,Y,Y,N,3.0,$422.9K
Old Mill District,2218.0,sqft,5297.0,3,2.5,2.0,1953.0,Yes,3,5,N,Y,N,5.0,500100.0
Sunridge,2037.0,sqft,2629.0,3,3.0,3.0,2004.0,No,3,9,Y,N,N,10.0,$232.0K
Maple Grove,222.3,sqm,9359.0,4,3.0,3.0,1939.0,No,3,5,Y,Y,N,6.0,361800.0
Maple Grove,1001.0,sqft,2052.0,1,1.5,2.0,2021.0,No,5,10,Y,N,N,5.0,161400.0
Riverside Park,2152.0,sqft,3850.0,5,4.0,1.0,1973.0,Yes,4,3,Y,N,N,7.0,298900.0
Brookhaven,548.0,sqft,846.0,1,2.0,1.0,1956.0,No,3,6,Y,N,N,6.0,$91.9K
Cedar Falls,2716.0,sqft,5448.0,4,3.0,3.0,2014.0,No,3,9,Y,N,N,7.0,445300.0
Brookhaven,1960.0,sqft,4367.0,3,2.0,2.0,1974.0,No,5,8,Y,N,N,8.0,414100.0
Harbor Point,1626.0,sqft,5451.0,3,3.5,2.0,1983.0,No,3,4,N,Y,N,5.0,$403.9K
Old Mill District,2048.0,sqft,7469.0,3,1.5,1.5,2011.0,Yes,5,4,Y,Y,N,5.0,660400.0
Harbor Point,994.0,sqft,2972.0,1,1.0,2.5,1997.0,No,3,7,N,N,N,8.0,$322.6K
Harbor Point,2274.0,sqft,6711.0,4,2.5,1.5,1963.0,Yes,4,9,Y,Y,N,6.0,$624.1K
Sunridge,113.4,sqm,4787.0,1,1.0,1.0,1991.0,No,4,9,Y,N,N,7.0,167400.0
Northgate,2180.0,sqft,5241.0,3,3.0,2.5,1993.0,Yes,2,3,Y,N,N,5.0,195200.0
Old Mill District,2919.0,sqft,4637.0,5,4.0,1.5,1987.0,Yes,5,7,Y,Y,N,8.0,$723.8K
Riverside Park,165.7,sqm,4535.0,2,1.0,2.5,1968.0,Yes,3,10,N,Y,N,5.0,326100.0
Sunridge,1808.0,sqft,6216.0,2,1.5,1.0,1982.0,No,4,5,Y,N,N,7.0,$229.6K
Cedar Falls,200.0,sqm,3033.0,4,3.5,1.0,1975.0,Yes,4,8,Y,Y,N,5.0,$293.6K
Cedar Falls,1765.0,sqft,6777.0,3,2.5,1.0,2008.0,No,3,8,N,N,N,10.0,$281.2K
Northgate,1758.0,sqft,6461.0,3,2.0,2.0,1930.0,No,4,6,Y,N,N,,146600.0
Old Mill District,1752.0,sqft,4432.0,3,2.0,2.5,1941.0,No,5,5,Y,Y,N,3.0,$297.3K
Northgate,1706.0,sqft,4004.0,2,1.0,2.5,,Yes,4,6,N,N,N,3.0,135400.0
Harbor Point,1232.0,sqft,2580.0,2,1.5,2.0,2022.0,Yes,3,3,Y,Y,N,5.0,$438.5K
Old Mill District,2842.0,sqft,9831.0,4,4.0,1.0,2020.0,No,2,10,Y,Y,N,10.0,$725.0K
Sunridge,855.0,sqft,2080.0,1,1.0,3.0,1956.0,Yes,4,10,Y,N,N,4.0,81300.0
Brookhaven,2334.0,sqft,5817.0,4,2.5,2.0,1945.0,Yes,3,7,Y,Y,N,7.0,473200.0
Riverside Park,1877.0,sqft,6976.0,4,3.5,1.0,2004.0,No,2,4,Y,Y,N,6.0,319200.0
Riverside Park,500.0,sqft,1076.0,1,1.0,2.0,1993.0,No,4,3,Y,N,Y,6.0,99600.0
Cedar Falls,84.3,sqm,1965.0,2,2.5,1.0,1930.0,Yes,4,3,Y,,N,6.0,109400.0
Sunridge,2281.0,sqft,8448.0,4,2.5,2.0,1943.0,No,2,7,Y,Y,N,4.0,$197.1K
Harbor Point,500.0,sqft,1836.0,2,1.5,1.5,1994.0,No,3,4,Y,,N,5.0,$127.4K
Northgate,1490.0,sqft,4951.0,2,2.0,2.0,1976.0,No,2,10,Y,Y,N,5.0,153500.0
Northgate,2782.0,sqft,6917.0,5,4.0,2.0,1949.0,Yes,4,7,Y,N,N,6.0,$244.8K
Northgate,674.0,sqft,2329.0,2,1.0,2.5,1927.0,No,3,10,Y,Y,N,6.0,47800.0
Northgate,1690.0,sqft,4746.0,2,1.0,2.0,2004.0,No,3,3,Y,N,N,7.0,$152.0K
Riverside Park,105.3,sqm,2984.0,2,1.5,1.0,1959.0,No,5,7,Y,N,N,6.0,$179.8K
Northgate,2080.0,sqft,7208.0,3,2.0,1.0,1995.0,Yes,2,8,Y,Y,N,7.0,$250.6K
Cedar Falls,2070.0,sqft,7615.0,2,1.0,1.0,1968.0,Yes,3,6,Y,Y,N,7.0,285200.0
Riverside Park,815.0,sqft,2797.0,2,1.5,2.5,1928.0,No,2,6,N,Y,N,4.0,109900.0
Sunridge,783.0,sqft,1207.0,1,1.0,1.0,1961.0,No,3,8,Y,N,N,5.0,$64.2K
Sunridge,125.6,sqm,4308.0,2,1.0,1.0,1949.0,Yes,3,4,Y,Y,N,7.0,139400.0
Brookhaven,1670.0,sqft,4156.0,2,1.5,1.0,1953.0,Yes,4,7,Y,Y,N,3.0,325100.0
Riverside Park,2404.0,sqft,3086.0,5,4.0,1.0,1928.0,No,4,5,Y,Y,N,,$346.1K
Northgate,1154.0,sqft,3961.0,3,2.5,1.0,1945.0,No,3,3,Y,N,N,5.0,$88.2K
Harbor Point,200.1,sqm,7629.0,4,3.0,1.0,1989.0,No,3,6,Y,N,N,9.0,$605.8K
Old Mill District,82.8,sqm,1757.0,1,2.0,1.0,2015.0,No,3,4,N,N,N,6.0,199800.0
Maple Grove,617.0,sqft,1708.0,1,1.0,2.0,1927.0,Yes,4,9,Y,N,N,,$99.9K
Brookhaven,1100.0,sqft,2175.0,1,1.0,1.5,1937.0,No,3,9,Y,Y,N,5.0,192200.0
Northgate,1277.0,sqft,3095.0,2,1.5,2.5,1954.0,No,4,3,Y,N,N,7.0,95000.0
Harbor Point,2037.0,sqft,6085.0,3,3.5,1.0,1951.0,Yes,2,3,Y,N,N,,$413.5K
Maple Grove,2450.0,sqft,4710.0,4,3.0,1.0,1979.0,Yes,3,7,Y,,Y,9.0,444200.0
Old Mill District,2092.0,sqft,2779.0,3,1.5,2.0,1962.0,No,3,5,Y,Y,N,,$491.7K
Sunridge,1861.0,sqft,5044.0,3,1.0,2.0,1993.0,Yes,4,4,Y,Y,Y,8.0,$262.0K
Harbor Point,2553.0,sqft,6508.0,5,4.0,1.5,1964.0,No,5,5,Y,Y,N,8.0,$724.3K
Maple Grove,1680.0,sqft,3292.0,3,1.0,3.0,2015.0,No,2,5,Y,Y,N,6.0,$257.1K
Harbor Point,644.0,sqft,1316.0,1,1.0,2.0,1972.0,No,3,10,Y,N,N,4.0,182300.0
Sunridge,153.7,sqm,2827.0,2,1.5,2.0,1998.0,No,3,3,Y,Y,N,7.0,170400.0
Harbor Point,1876.0,sqft,4742.0,2,2.0,2.0,1953.0,Yes,4,9,N,Y,N,5.0,$538.5K
Cedar Falls,1932.0,sqft,4687.0,3,2.5,2.0,2009.0,No,4,4,N,Y,N,4.0,280900.0
Cedar Falls,1404.0,sqft,1978.0,2,1.5,2.0,1939.0,Yes,2,7,Y,Y,N,5.0,179800.0
Harbor Point,1135.0,sqft,2089.0,1,1.0,2.5,1971.0,No,5,8,Y,Y,N,5.0,299300.0
Riverside Park,1470.0,sqft,2721.0,3,3.0,2.0,2011.0,No,4,6,Y,Y,N,6.0,253900.0
Maple Grove,2480.0,sqft,7524.0,3,2.5,2.5,2021.0,No,5,10,Y,Y,N,7.0,$471.0K
Cedar Falls,2513.0,sqft,5718.0,5,4.5,1.0,1962.0,No,3,4,N,N,N,,$289.2K
Sunridge,1651.0,sqft,2925.0,3,2.0,2.0,1930.0,No,4,6,Y,N,N,6.0,121500.0
Cedar Falls,1318.0,sqft,2421.0,2,2.0,1.0,2000.0,No,5,5,N,N,N,6.0,148400.0
Harbor Point,184.5,sqm,5148.0,3,2.5,2.5,1990.0,No,4,3,Y,Y,N,1.0,570700.0
Brookhaven,1903.0,sqft,2815.0,3,2.0,3.0,1986.0,No,1,7,Y,N,N,7.0,372500.0
Cedar Falls,991.0,sqft,3583.0,1,1.0,2.5,1968.0,No,4,7,Y,N,N,2.0,$104.3K
Northgate,500.0,sqft,1017.0,1,1.0,2.0,1968.0,Yes,3,6,Y,Y,N,6.0,46000.0
Old Mill District,198.0,sqm,8323.0,4,3.0,3.0,1953.0,Yes,3,9,Y,N,N,6.0,$485.4K
Sunridge,1429.0,sqft,4888.0,3,1.5,2.0,1955.0,No,3,5,Y,N,N,5.0,140900.0
Old Mill District,2663.0,sqft,4214.0,5,3.0,2.0,1992.0,No,5,6,Y,Y,N,8.0,731800.0
Northgate,1785.0,sqft,6073.0,3,2.0,2.0,1967.0,Yes,3,7,Y,N,N,,$132.6K
Riverside Park,125.8,sqm,2158.0,2,2.0,1.0,1969.0,No,2,3,Y,N,N,5.0,202700.0
Harbor Point,2278.0,sqft,4932.0,3,1.5,3.0,1985.0,No,4,4,Y,,N,6.0,$650.2K
Riverside Park,2695.0,sqft,8660.0,4,3.0,1.0,2013.0,No,3,9,Y,N,N,6.0,545300.0
Northgate,2695.0,sqft,4036.0,3,2.0,2.5,1967.0,Yes,4,10,N,N,N,7.0,$221.6K
Cedar Falls,2525.0,sqft,4872.0,4,3.5,1.0,1941.0,Yes,4,4,Y,N,N,5.0,300900.0
Northgate,1460.0,sqft,2972.0,3,2.5,1.0,,No,4,9,Y,Y,N,8.0,153500.0
Northgate,261.0,sqm,10141.0,6,5.0,1.0,1992.0,No,5,7,Y,N,N,3.0,240100.0
Cedar Falls,1500.0,sqft,4693.0,2,1.5,1.0,1992.0,Yes,4,4,Y,N,N,6.0,$198.0K
Harbor Point,2211.0,sqft,6281.0,3,3.0,3.0,1934.0,No,3,9,N,N,N,4.0,503500.0
Harbor Point,1361.0,sqft,4539.0,4,3.0,2.0,1997.0,No,4,8,Y,Y,N,6.0,420400.0
Sunridge,1105.0,sqft,2376.0,1,1.5,1.0,1954.0,No,4,5,Y,Y,N,7.0,104800.0
Brookhaven,843.0,sqft,2578.0,2,2.0,2.0,2001.0,No,4,4,Y,N,N,9.0,174700.0
Maple Grove,112.4,sqm,1629.0,2,2.0,2.0,2003.0,No,3,6,Y,N,N,7.0,$160.2K
Old Mill District,1937.0,sqft,2981.0,5,2.5,1.5,1964.0,No,3,3,Y,N,N,7.0,409700.0
Sunridge,1998.0,sqft,4478.0,3,2.5,1.5,1994.0,No,2,4,N,Y,N,6.0,213700.0
Cedar Falls,2627.0,sqft,6227.0,6,4.5,1.0,1984.0,No,5,6,Y,Y,N,3.0,327700.0
Maple Grove,1428.0,sqft,3095.0,3,2.0,1.5,1936.0,Yes,3,7,N,Y,N,5.0,$182.4K
Northgate,1375.0,sqft,1863.0,2,1.0,1.0,1987.0,No,2,5,Y,,N,9.0,116900.0
Brookhaven,2015.0,sqft,3646.0,3,3.0,2.0,2012.0,No,4,5,Y,Y,N,7.0,$409.9K
Northgate,2450.0,sqft,7026.0,4,3.0,1.0,1946.0,Yes,5,9,N,N,N,5.0,190400.0
Harbor Point,1525.0,sqft,4836.0,2,2.0,2.0,1960.0,No,4,4,Y,N,N,5.0,$417.8K
Maple Grove,1734.0,sqft,4097.0,5,3.5,2.5,1924.0,Yes,3,4,N,N,N,6.0,198700.0
Sunridge,3434.0,sqft,4935.0,5,3.0,2.0,2006.0,No,3,9,Y,N,N,6.0,344100.0
Riverside Park,1448.0,sqft,2127.0,2,1.5,2.5,2012.0,No,4,5,N,Y,N,5.0,249700.0
Maple Grove,2565.0,sqft,3612.0,4,2.5,1.0,2015.0,No,2,4,Y,N,N,7.0,$377.1K
Northgate,2122.0,sqft,5988.0,1,1.5,1.0,1958.0,No,2,5,Y,N,N,5.0,150900.0
Maple Grove,231.8,sqm,7264.0,3,3.0,1.0,2007.0,No,2,8,N,N,N,6.0,372300.0
Brookhaven,120.9,sqm,3434.0,2,1.5,1.0,1929.0,Yes,4,5,N,N,N,2.0,218900.0
Brookhaven,2046.0,sqft,6978.0,2,1.5,2.0,2016.0,No,3,7,N,Y,N,6.0,$514.6K
Cedar Falls,2488.0,sqft,8157.0,4,3.0,1.5,1940.0,No,4,7,Y,N,N,8.0,$322.3K
Maple Grove,1980.0,sqft,7890.0,2,1.0,1.0,2015.0,No,3,9,Y,N,N,6.0,340500.0
Old Mill District,2528.0,sqft,4685.0,4,3.5,2.0,1927.0,No,2,3,N,Y,N,3.0,510400.0
Riverside Park,1826.0,sqft,3529.0,2,1.5,1.5,1994.0,No,4,6,Y,,N,7.0,$331.4K
Old Mill District,2618.0,sqft,3476.0,5,3.5,1.0,1976.0,No,3,7,Y,N,N,6.0,$622.9K
Cedar Falls,917.0,sqft,2922.0,2,1.5,1.0,2014.0,No,3,6,N,Y,N,3.0,$140.3K
Harbor Point,2137.0,sqft,7151.0,4,2.5,2.0,1940.0,Yes,4,6,N,N,N,5.0,$483.1K
Cedar Falls,200.8,sqm,7342.0,4,2.5,1.5,1954.0,No,2,9,Y,N,N,6.0,317900.0
Brookhaven,2449.0,sqft,5997.0,5,3.0,2.0,2003.0,Yes,3,10,Y,Y,N,5.0,$735.2K
Northgate,2107.0,sqft,5865.0,3,2.0,1.0,2020.0,No,3,8,N,N,N,,219500.0
Old Mill District,204.5,sqm,5347.0,4,3.0,2.0,2014.0,No,3,9,N,N,N,9.0,562200.0
Northgate,690.0,sqft,1927.0,1,1.0,1.0,1969.0,No,5,8,Y,N,N,7.0,$69.8K
Brookhaven,1323.0,sqft,5032.0,2,2.0,1.5,2001.0,No,3,9,Y,N,N,6.0,291800.0
Cedar Falls,1732.0,sqft,3211.0,2,1.5,1.0,1957.0,No,4,10,Y,N,N,7.0,$207.2K
Northgate,2560.0,sqft,4010.0,4,2.5,1.0,2005.0,Yes,3,10,N,N,N,6.0,$240.1K
Northgate,53.7,sqm,1945.0,1,1.0,2.0,1958.0,Yes,2,4,Y,N,Y,5.0,$55.0K
Harbor Point,1452.0,sqft,2279.0,3,3.5,3.0,1926.0,Yes,5,10,Y,N,N,6.0,$431.6K
Maple Grove,1267.0,sqft,4408.0,2,1.0,2.5,1973.0,No,3,9,N,N,N,6.0,158200.0
Old Mill District,966.0,sqft,3517.0,2,2.0,1.5,1985.0,No,4,7,Y,N,N,7.0,253900.0
Maple Grove,2290.0,sqft,6336.0,4,3.5,2.0,2019.0,Yes,2,5,Y,N,N,7.0,432300.0
Maple Grove,1784.0,sqft,5771.0,3,3.0,2.5,1976.0,No,4,10,N,N,N,7.0,$235.2K
Maple Grove,2012.0,sqft,6675.0,3,2.0,2.0,2015.0,No,3,10,Y,N,N,8.0,$396.3K
Old Mill District,237.7,sqm,9328.0,4,2.5,2.0,1980.0,No,3,6,Y,N,N,6.0,$605.3K
Riverside Park,1751.0,sqft,4456.0,3,1.5,2.0,1955.0,No,3,10,Y,N,N,5.0,214100.0
Maple Grove,2495.0,sqft,9608.0,3,3.0,2.5,1993.0,Yes,3,4,Y,Y,N,7.0,$365.7K
Maple Grove,1617.0,sqft,2218.0,3,3.0,2.5,,No,1,9,Y,N,Y,9.0,254400.0
Brookhaven,1330.0,sqft,3008.0,2,2.5,3.0,1982.0,No,4,5,Y,N,N,6.0,295600.0
Riverside Park,1709.0,sqft,6225.0,4,3.5,2.0,2005.0,Yes,3,3,Y,Y,N,6.0,$308.9K
Old Mill District,2130.0,sqft,3887.0,4,3.0,3.0,1993.0,Yes,3,3,N,N,N,8.0,574800.0
Riverside Park,2352.0,sqft,4538.0,3,2.5,2.5,1961.0,No,4,9,Y,,N,6.0,384500.0
Northgate,1354.0,sqft,2474.0,3,2.0,2.0,1975.0,No,4,5,Y,Y,N,9.0,$121.9K
Old Mill District,1563.0,sqft,1986.0,2,1.5,1.0,1993.0,No,4,6,Y,Y,N,6.0,417100.0
Cedar Falls,2009.0,sqft,7325.0,4,3.5,1.0,1988.0,No,3,4,Y,Y,N,4.0,204200.0
Sunridge,2434.0,sqft,3118.0,3,3.0,1.0,2003.0,No,3,8,Y,N,N,6.0,$275.1K
Old Mill District,2676.0,sqft,9751.0,4,3.0,3.0,1956.0,No,4,5,Y,Y,N,5.0,576500.0
Old Mill District,655.0,sqft,1618.0,1,1.0,2.0,2009.0,No,5,6,Y,N,N,7.0,188700.0
Harbor Point,1744.0,sqft,5559.0,3,2.5,2.0,1965.0,No,5,5,Y,Y,N,6.0,$414.8K
Cedar Falls,266.9,sqm,5844.0,4,3.5,2.5,1948.0,No,3,8,N,N,N,7.0,$387.1K
Maple Grove,2012.0,sqft,5656.0,4,3.0,1.5,1923.0,No,5,5,N,Y,N,5.0,$217.3K
Cedar Falls,160.8,sqm,4119.0,2,1.5,1.0,1950.0,No,2,5,Y,N,N,10.0,184600.0
Riverside Park,1869.0,sqft,2426.0,3,2.0,1.0,1961.0,No,3,3,Y,,N,7.0,$289.7K
Maple Grove,184.9,sqm,6158.0,3,1.5,2.0,1993.0,No,3,4,N,Y,N,7.0,$292.9K
Cedar Falls,101.4,sqm,1867.0,2,1.0,1.5,2000.0,No,3,6,Y,N,N,8.0,167200.0
Harbor Point,162.8,sqm,6868.0,3,2.0,2.5,2000.0,No,2,4,N,N,N,8.0,495500.0
Maple Grove,2294.0,sqft,4748.0,3,2.5,2.0,1942.0,No,4,6,Y,N,Y,7.0,356300.0
Northgate,2074.0,sqft,2717.0,2,1.5,1.0,1971.0,No,4,3,Y,N,N,6.0,$142.0K
Northgate,1928.0,sqft,5512.0,3,2.5,1.5,2006.0,No,4,8,N,Y,N,5.0,$201.0K
Cedar Falls,259.0,sqm,9051.0,4,3.0,3.0,2018.0,No,4,8,Y,,N,4.0,$297.7K
Sunridge,1498.0,sqft,5079.0,2,2.0,2.0,1962.0,Yes,4,5,N,Y,N,4.0,$141.6K
Sunridge,178.2,sqm,2495.0,3,2.0,2.0,2022.0,No,3,5,Y,N,Y,8.0,$260.5K
Maple Grove,2674.0,sqft,8984.0,4,3.5,1.0,1993.0,Yes,3,8,Y,N,N,4.0,433200.0
Sunridge,1872.0,sqft,4439.0,2,2.0,2.0,1954.0,No,3,6,Y,Y,N,4.0,169600.0
Sunridge,1414.0,sqft,3895.0,2,1.5,2.0,2007.0,No,4,5,Y,Y,N,5.0,$185.9K
Harbor Point,266.8,sqm,8445.0,6,5.0,2.0,2023.0,No,4,9,Y,Y,N,3.0,956200.0
Harbor Point,822.0,sqft,2101.0,2,2.0,1.0,1965.0,No,2,4,Y,N,N,7.0,165300.0
Sunridge,113.4,sqm,2766.0,2,1.0,1.0,1967.0,Yes,2,8,N,Y,N,4.0,$105.3K
Northgate,232.2,sqm,6363.0,3,2.0,1.0,1920.0,No,4,3,Y,Y,N,10.0,180300.0
Harbor Point,184.1,sqm,3802.0,3,2.0,2.0,1978.0,No,4,7,Y,Y,N,6.0,517000.0
Old Mill District,3001.0,sqft,11654.0,4,3.5,1.0,1946.0,No,3,3,N,Y,N,5.0,$540.3K
Sunridge,2431.0,sqft,3515.0,4,3.0,2.0,1945.0,No,2,7,N,N,N,8.0,$216.9K
Riverside Park,1173.0,sqft,4169.0,3,2.0,3.0,1961.0,No,4,10,N,N,N,9.0,197800.0
Northgate,2090.0,sqft,3967.0,3,2.5,1.0,1932.0,Yes,3,5,Y,N,Y,7.0,223300.0
Sunridge,1869.0,sqft,6122.0,3,1.0,1.0,2008.0,No,3,7,N,N,N,4.0,$190.9K
Brookhaven,161.9,sqm,5940.0,2,1.0,1.5,1939.0,Yes,3,7,N,N,N,8.0,$286.3K
Northgate,1273.0,sqft,2914.0,2,2.0,2.5,1981.0,No,2,6,N,N,N,7.0,100400.0
Harbor Point,1769.0,sqft,6625.0,2,2.0,1.0,1980.0,Yes,2,8,Y,N,N,6.0,$531.9K
Riverside Park,249.3,sqm,3222.0,5,4.0,2.0,1984.0,No,2,8,N,Y,N,6.0,$449.5K
Maple Grove,1218.0,sqft,3871.0,1,1.0,2.0,1932.0,No,3,9,Y,Y,N,5.0,152100.0
Sunridge,2264.0,sqft,3743.0,4,2.5,2.0,2004.0,No,2,4,Y,Y,N,5.0,269100.0
Riverside Park,2454.0,sqft,6935.0,3,2.5,2.0,1957.0,No,3,6,Y,N,N,6.0,406700.0
Sunridge,917.0,sqft,2824.0,2,2.0,3.0,1981.0,No,3,6,N,N,N,4.0,77900.0
Brookhaven,1044.0,sqft,1398.0,2,1.0,1.0,1927.0,No,5,9,Y,Y,N,4.0,174400.0
Brookhaven,77.4,sqm,2687.0,1,1.5,1.0,2004.0,No,5,9,Y,N,N,8.0,$248.2K
Riverside Park,1893.0,sqft,7025.0,1,1.0,1.0,1939.0,No,4,4,Y,N,N,10.0,$276.8K
Old Mill District,1925.0,sqft,5603.0,4,2.5,1.0,1956.0,No,3,7,Y,N,N,5.0,391800.0
Riverside Park,2023.0,sqft,5390.0,3,3.0,2.5,1934.0,No,4,10,N,Y,N,5.0,$313.0K
Riverside Park,1220.0,sqft,4460.0,2,1.0,2.0,1959.0,Yes,4,10,Y,Y,N,,193100.0
Northgate,2432.0,sqft,5951.0,4,3.0,2.0,1972.0,Yes,3,4,Y,Y,N,7.0,$194.7K
Sunridge,323.9,sqm,11228.0,5,4.0,1.0,2015.0,No,1,10,Y,N,N,5.0,$421.7K
Cedar Falls,2316.0,sqft,3613.0,4,3.0,1.5,1967.0,No,3,8,N,Y,N,6.0,$283.4K
Maple Grove,1960.0,sqft,7565.0,3,2.5,2.0,1991.0,No,3,4,Y,Y,N,7.0,$342.9K
Old Mill District,2972.0,sqft,6239.0,4,3.0,1.0,1980.0,No,3,8,Y,Y,N,5.0,696000.0
Riverside Park,1978.0,sqft,6953.0,2,1.5,2.0,1929.0,No,3,5,Y,N,N,6.0,307600.0
Old Mill District,1267.0,sqft,4042.0,3,2.0,1.0,1972.0,No,3,9,Y,N,N,6.0,$304.5K
Harbor Point,1606.0,sqft,5607.0,2,2.5,1.0,1965.0,Yes,4,10,Y,N,N,,$400.4K
Old Mill District,1853.0,sqft,3705.0,3,3.5,1.0,1932.0,Yes,4,10,Y,N,Y,7.0,443700.0
Harbor Point,1540.0,sqft,3309.0,2,1.5,1.0,1948.0,No,3,9,N,N,Y,6.0,$376.7K
Harbor Point,135.9,sqm,4759.0,1,1.0,3.0,1995.0,Yes,4,9,Y,N,N,7.0,$400.8K
Northgate,1993.0,sqft,7437.0,4,4.0,2.0,1991.0,No,4,10,Y,Y,N,2.0,$212.8K
Northgate,3540.0,sqft,10449.0,7,5.0,1.5,1985.0,No,2,3,Y,Y,N,8.0,301900.0
Brookhaven,3027.0,sqft,8373.0,5,3.5,1.5,1929.0,No,4,3,Y,Y,N,6.0,$459.5K
Harbor Point,2264.0,sqft,7834.0,3,2.5,1.0,1942.0,No,3,5,Y,Y,N,,577300.0
Riverside Park,2595.0,sqft,8731.0,3,3.5,1.0,1967.0,No,3,7,Y,Y,N,4.0,443300.0
Harbor Point,1553.0,sqft,5414.0,3,2.0,2.5,1933.0,No,5,10,Y,Y,N,5.0,$401.8K
Riverside Park,2280.0,sqft,5984.0,3,2.5,2.0,1945.0,No,3,9,Y,N,N,9.0,$347.8K
Riverside Park,2410.0,sqft,9589.0,3,3.0,1.0,2022.0,No,2,10,Y,N,N,7.0,506400.0
Cedar Falls,1863.0,sqft,5353.0,3,1.5,1.0,1980.0,No,3,10,Y,Y,N,5.0,287700.0
Riverside Park,1338.0,sqft,3571.0,3,1.5,1.5,2012.0,No,2,10,Y,Y,N,8.0,$284.0K
Northgate,977.0,sqft,1536.0,2,1.0,1.0,2014.0,No,2,8,Y,Y,N,5.0,$105.8K
Old Mill District,1780.0,sqft,6008.0,3,2.5,1.0,1923.0,No,3,10,Y,Y,N,7.0,$427.3K
Old Mill District,1682.0,sqft,6487.0,2,2.5,2.0,1967.0,No,1,5,N,N,N,9.0,357300.0
Sunridge,233.6,sqm,4474.0,4,2.5,2.0,1957.0,Yes,4,4,Y,Y,N,7.0,$235.5K
Sunridge,2382.0,sqft,3797.0,3,1.5,3.0,1935.0,Yes,1,5,N,,N,7.0,$196.9K
Harbor Point,1272.0,sqft,2907.0,2,1.0,1.5,1936.0,Yes,5,9,Y,Y,N,4.0,326200.0
Sunridge,2396.0,sqft,4133.0,4,3.0,1.5,1997.0,Yes,1,3,N,Y,N,6.0,253900.0
Cedar Falls,2156.0,sqft,5057.0,3,2.5,1.0,1943.0,Yes,3,8,Y,Y,N,7.0,233500.0
Maple Grove,92.2,sqm,2442.0,1,1.0,3.0,1942.0,Yes,4,8,Y,N,N,3.0,107800.0
Northgate,229.7,sqm,5209.0,5,3.5,1.0,2019.0,No,5,7,Y,Y,N,8.0,241900.0
Harbor Point,1325.0,sqft,5066.0,3,3.0,1.0,1925.0,Yes,4,3,Y,N,N,7.0,366000.0
Harbor Point,156.4,sqm,3015.0,3,1.5,2.0,1923.0,No,2,7,Y,Y,N,5.0,$404.6K
Riverside Park,2018.0,sqft,4022.0,3,1.5,3.0,1950.0,Yes,4,8,Y,Y,N,6.0,283900.0
Riverside Park,3298.0,sqft,11460.0,5,4.0,1.0,2021.0,No,2,9,Y,N,N,7.0,$763.0K
Harbor Point,1060.0,sqft,2492.0,1,1.0,1.0,2001.0,No,3,7,Y,N,N,2.0,291900.0
Sunridge,753.0,sqft,1788.0,1,1.0,1.0,1984.0,No,4,10,N,N,N,5.0,$76.4K
Riverside Park,1624.0,sqft,3938.0,3,2.0,1.5,1996.0,Yes,5,9,Y,N,N,9.0,378000.0
Cedar Falls,115.7,sqm,2008.0,2,2.0,2.0,1924.0,No,3,5,N,Y,N,9.0,$138.4K
Harbor Point,3184.0,sqft,4861.0,5,4.0,2.5,1969.0,Yes,1,5,Y,Y,N,5.0,831600.0
Old Mill District,2121.0,sqft,5911.0,4,2.0,2.0,1922.0,No,4,6,Y,N,N,7.0,436100.0
Sunridge,682.0,sqft,1567.0,1,1.0,2.0,1942.0,Yes,4,10,Y,N,N,6.0,$66.5K
Brookhaven,2266.0,sqft,8145.0,4,4.0,2.0,1979.0,Yes,4,3,Y,,N,4.0,$438.5K
Brookhaven,1041.0,sqft,1625.0,1,1.0,2.0,1972.0,Yes,2,8,Y,N,N,6.0,218700.0
Riverside Park,1287.0,sqft,4283.0,1,1.0,3.0,2000.0,No,2,4,N,N,N,3.0,204800.0
Harbor Point,2259.0,sqft,7105.0,3,2.5,1.0,1996.0,No,3,3,N,N,N,6.0,577400.0
Old Mill District,714.0,sqft,1495.0,1,1.0,2.5,1984.0,Yes,4,6,Y,,N,7.0,170100.0
Harbor Point,168.1,sqm,4715.0,2,1.5,1.5,1988.0,Yes,5,7,Y,N,N,3.0,568200.0
Riverside Park,2922.0,sqft,4253.0,6,4.5,2.5,1983.0,No,4,9,N,N,N,7.0,534500.0
Sunridge,2175.0,sqft,5456.0,3,1.5,1.0,1921.0,Yes,2,4,Y,N,N,,150400.0
Cedar Falls,2303.0,sqft,8653.0,4,2.0,3.0,1930.0,Yes,4,3,Y,Y,N,7.0,$248.5K
Northgate,1179.0,sqft,,2,1.5,1.0,2019.0,No,4,3,N,N,N,4.0,91400.0
Old Mill District,2156.0,sqft,8369.0,3,2.0,1.0,1928.0,Yes,2,7,N,Y,N,7.0,$459.9K
Riverside Park,1592.0,sqft,6170.0,2,2.0,1.5,1951.0,No,3,5,Y,N,N,6.0,$231.3K
Maple Grove,102.1,sqm,3397.0,2,1.5,3.0,1934.0,Yes,5,6,Y,N,N,8.0,$130.5K
Brookhaven,1168.0,sqft,1706.0,1,1.0,3.0,1979.0,No,4,5,N,N,N,,165900.0
Riverside Park,1393.0,sqft,4714.0,2,1.0,2.0,1964.0,Yes,3,7,N,N,N,5.0,242500.0
Cedar Falls,1948.0,sqft,6318.0,3,2.0,1.0,1997.0,Yes,2,4,Y,Y,Y,5.0,$327.0K
Maple Grove,1776.0,sqft,4940.0,3,2.5,1.5,2021.0,No,3,9,Y,Y,N,5.0,335100.0
Harbor Point,3763.0,sqft,7896.0,6,5.0,2.0,1994.0,No,4,10,N,Y,N,8.0,1042300.0
Riverside Park,1787.0,sqft,3874.0,2,1.0,1.0,1964.0,No,1,3,Y,Y,Y,9.0,$321.6K
Brookhaven,530.0,sqft,1711.0,1,1.0,2.0,1966.0,No,5,8,Y,N,N,8.0,104200.0
Harbor Point,1603.0,sqft,3672.0,3,2.5,1.0,1979.0,No,3,8,N,N,N,5.0,$439.3K
Sunridge,1618.0,sqft,3956.0,3,2.5,2.0,1982.0,No,3,10,Y,Y,N,7.0,173400.0
Brookhaven,1701.0,sqft,5758.0,3,2.5,2.0,2009.0,No,4,10,Y,N,Y,5.0,$409.9K
Riverside Park,2327.0,sqft,9166.0,3,2.5,2.5,2021.0,No,3,4,Y,N,Y,7.0,$455.2K
Cedar Falls,1481.0,sqft,5019.0,2,1.5,2.5,2002.0,Yes,5,4,Y,Y,N,4.0,$214.0K
Maple Grove,98.1,sqm,1585.0,3,3.0,1.0,1920.0,No,4,4,Y,Y,N,9.0,125600.0
Northgate,3177.0,sqft,6315.0,5,4.0,2.0,2007.0,No,4,5,Y,N,N,6.0,258100.0
Harbor Point,1611.0,sqft,6052.0,2,1.5,1.5,1930.0,No,2,9,Y,N,N,8.0,$450.6K
Riverside Park,1968.0,sqft,6148.0,3,3.0,1.0,1944.0,Yes,2,3,Y,,N,4.0,286900.0
Cedar Falls,1545.0,sqft,5991.0,3,2.5,2.5,1937.0,No,5,6,N,Y,Y,5.0,191000.0
Maple Grove,190.4,sqm,5376.0,3,2.0,3.0,1929.0,No,3,5,Y,Y,N,7.0,271600.0
Cedar Falls,70.1,sqm,1417.0,1,1.0,2.0,1976.0,No,3,8,N,Y,N,5.0,$91.7K
Old Mill District,2020.0,sqft,6433.0,3,2.0,2.0,1983.0,No,4,7,N,N,N,5.0,459300.0
Riverside Park,2828.0,sqft,,4,3.0,2.5,1962.0,Yes,2,5,N,Y,N,6.0,$487.7K
Harbor Point,1817.0,sqft,5318.0,2,1.5,1.0,1971.0,No,5,3,N,Y,N,4.0,$482.0K
Cedar Falls,2033.0,sqft,3420.0,3,1.5,2.5,1928.0,Yes,5,6,Y,Y,N,6.0,226900.0
Harbor Point,2132.0,sqft,4029.0,3,2.0,1.5,,Yes,3,5,N,Y,N,7.0,$701.0K
Cedar Falls,1818.0,sqft,2230.0,3,3.0,2.0,1991.0,No,4,9,Y,N,N,7.0,227700.0
Sunridge,985.0,sqft,3240.0,2,1.0,1.0,1962.0,Yes,3,6,Y,Y,N,4.0,$97.8K
Old Mill District,634.0,sqft,1434.0,1,1.0,3.0,1938.0,Yes,4,5,Y,Y,N,7.0,135400.0
Brookhaven,3020.0,sqft,11918.0,4,3.5,1.0,1923.0,No,4,8,Y,Y,N,8.0,$643.7K
Cedar Falls,1776.0,sqft,6842.0,3,2.5,1.5,1986.0,Yes,3,3,Y,Y,N,6.0,$255.8K
Cedar Falls,873.0,sqft,1749.0,2,2.0,2.0,1941.0,No,4,4,Y,N,N,8.0,112400.0
Cedar Falls,968.0,sqft,1809.0,1,1.0,1.5,2022.0,Yes,3,10,Y,N,N,6.0,168400.0
Brookhaven,1724.0,sqft,2671.0,3,2.0,2.0,1973.0,Yes,4,7,Y,Y,N,6.0,353500.0
Brookhaven,107.4,sqm,2918.0,2,1.5,2.0,1922.0,No,5,7,Y,N,N,6.0,211000.0
Northgate,2154.0,sqft,7571.0,3,3.0,2.0,2014.0,No,4,6,Y,Y,N,7.0,$229.0K
Cedar Falls,223.6,sqm,5497.0,3,1.5,2.5,1985.0,No,3,10,N,N,N,5.0,$337.6K
Cedar Falls,2753.0,sqft,6405.0,4,2.5,1.0,1993.0,Yes,3,7,Y,N,N,6.0,$407.0K
Brookhaven,1546.0,sqft,4133.0,3,1.5,1.0,2009.0,No,4,3,Y,Y,N,8.0,$381.8K
Cedar Falls,638.0,sqft,2329.0,1,1.0,2.0,2015.0,No,5,8,Y,N,N,8.0,$97.6K
Brookhaven,1447.0,sqft,4497.0,2,2.0,1.5,1980.0,No,4,6,N,N,N,9.0,303700.0
Old Mill District,1949.0,sqft,,3,2.0,1.0,2019.0,No,2,5,Y,N,Y,8.0,$560.7K
Cedar Falls,176.6,sqm,6439.0,3,2.0,1.0,2020.0,No,3,9,Y,N,N,7.0,$338.5K
Old Mill District,1956.0,sqft,7475.0,4,3.0,2.0,1977.0,No,4,5,N,N,N,5.0,$390.7K
Riverside Park,608.0,sqft,1428.0,1,1.0,1.0,1951.0,No,2,10,N,Y,N,7.0,91300.0
Old Mill District,1766.0,sqft,5152.0,2,1.0,1.5,1973.0,No,4,9,Y,N,N,7.0,$384.1K
Cedar Falls,3109.0,sqft,11920.0,5,4.0,2.0,2008.0,No,1,4,Y,N,N,8.0,$472.8K
Sunridge,96.3,sqm,3662.0,2,1.0,2.0,1985.0,No,3,3,Y,Y,N,3.0,87600.0
Cedar Falls,2138.0,sqft,3867.0,3,3.0,1.0,2007.0,No,4,9,Y,N,N,10.0,312800.0
Harbor Point,3870.0,sqft,5815.0,7,4.0,2.0,1998.0,No,2,3,N,N,N,6.0,$1131.6K
Brookhaven,2406.0,sqft,7053.0,5,3.5,3.0,2023.0,No,3,9,Y,Y,N,5.0,$517.6K
Maple Grove,1863.0,sqft,5265.0,2,1.5,1.0,1992.0,Yes,3,6,N,Y,N,5.0,305400.0
Riverside Park,140.5,sqm,5047.0,3,1.0,1.0,1963.0,No,1,5,Y,Y,N,8.0,235800.0
Sunridge,3558.0,sqft,10519.0,7,5.0,2.5,,No,3,3,Y,N,N,1.0,340800.0
Harbor Point,179.8,sqm,6609.0,2,1.5,2.0,2021.0,No,3,4,Y,N,N,7.0,538900.0
Old Mill District,2799.0,sqft,8907.0,4,3.0,1.0,1994.0,No,3,6,Y,N,N,5.0,688000.0
Brookhaven,1354.0,sqft,2404.0,2,1.0,1.5,1925.0,Yes,4,10,Y,Y,N,9.0,$300.4K
Cedar Falls,1290.0,sqft,4701.0,2,1.5,2.0,1974.0,No,2,6,Y,N,N,5.0,165700.0
Cedar Falls,1838.0,sqft,3294.0,3,2.5,2.0,1946.0,Yes,4,10,Y,Y,N,10.0,297500.0
Northgate,1129.0,sqft,1395.0,1,1.0,1.0,2013.0,No,4,4,Y,N,N,6.0,$100.6K
Northgate,764.0,sqft,1459.0,2,1.5,2.0,1992.0,No,1,8,N,N,N,5.0,$55.6K
Sunridge,1877.0,sqft,6043.0,3,2.0,2.5,1981.0,No,3,4,Y,N,N,5.0,186000.0
Brookhaven,2921.0,sqft,7101.0,5,3.5,1.0,2001.0,No,3,4,Y,N,N,8.0,$572.7K
Riverside Park,2599.0,sqft,8112.0,4,2.5,2.0,1925.0,Yes,5,3,Y,N,N,5.0,$344.8K
Brookhaven,154.3,sqm,6642.0,2,1.0,2.0,1950.0,No,3,4,Y,N,N,9.0,$308.8K
Sunridge,1744.0,sqft,2534.0,2,1.5,1.0,1930.0,Yes,5,4,Y,Y,N,7.0,$177.6K
Riverside Park,1969.0,sqft,2515.0,5,3.5,2.0,1941.0,Yes,5,10,N,Y,N,6.0,282300.0
Cedar Falls,2288.0,sqft,3182.0,3,2.5,2.0,2015.0,Yes,5,7,Y,N,N,8.0,330000.0
Sunridge,134.1,sqm,5488.0,2,1.0,1.0,1996.0,No,2,6,Y,Y,Y,7.0,$164.0K
Cedar Falls,2661.0,sqft,6303.0,4,3.0,2.0,1965.0,No,2,8,Y,N,N,7.0,$348.0K
Harbor Point,1905.0,sqft,3801.0,3,3.0,1.0,1955.0,No,3,8,Y,,N,5.0,445500.0
Old Mill District,2688.0,sqft,3558.0,4,2.5,2.0,1925.0,No,4,7,Y,Y,Y,7.0,691200.0
Brookhaven,190.5,sqm,6578.0,4,3.0,1.0,1999.0,No,3,8,Y,N,N,6.0,$444.4K
Riverside Park,3003.0,sqft,6207.0,4,3.0,2.5,1995.0,Yes,2,7,N,N,N,6.0,$447.3K
Sunridge,1823.0,sqft,7108.0,4,3.5,2.0,,No,3,10,N,N,N,6.0,$191.7K
Cedar Falls,1899.0,sqft,2597.0,4,2.5,1.0,1933.0,No,5,8,N,N,N,5.0,$216.4K
Sunridge,1678.0,sqft,4728.0,3,2.0,2.0,1977.0,No,4,8,N,N,N,2.0,$146.1K
Harbor Point,1087.0,sqft,3729.0,1,2.0,1.0,1920.0,No,2,9,Y,Y,N,3.0,$252.1K
Brookhaven,500.0,sqft,1013.0,1,1.0,1.0,1937.0,Yes,2,10,N,N,N,4.0,$74.8K
Maple Grove,2121.0,sqft,4409.0,3,1.0,1.0,1931.0,Yes,5,9,Y,N,N,7.0,$287.1K
Harbor Point,2394.0,sqft,9100.0,3,2.0,2.0,1946.0,Yes,2,3,Y,N,Y,6.0,$599.4K
Maple Grove,1811.0,sqft,3443.0,2,1.0,3.0,1940.0,No,3,7,Y,N,N,8.0,258200.0
Maple Grove,141.4,sqm,2901.0,2,2.0,2.0,1999.0,No,4,9,Y,Y,N,6.0,$256.1K
Brookhaven,1605.0,sqft,5194.0,2,1.5,1.5,1929.0,No,5,10,Y,Y,N,4.0,$354.0K
Brookhaven,1645.0,sqft,2181.0,3,2.5,2.0,1928.0,Yes,3,3,Y,Y,Y,8.0,$345.4K
Maple Grove,1265.0,sqft,2475.0,2,2.0,2.0,2003.0,No,5,5,Y,N,Y,8.0,$247.2K
Northgate,1618.0,sqft,2911.0,4,2.5,1.0,2018.0,No,2,3,Y,Y,N,7.0,187800.0
Old Mill District,728.0,sqft,1772.0,1,1.0,1.0,1984.0,Yes,3,9,Y,Y,N,2.0,187800.0
Harbor Point,2053.0,sqft,5916.0,3,3.5,1.0,1933.0,No,2,6,Y,,Y,10.0,568000.0
Harbor Point,832.0,sqft,1097.0,2,1.5,2.0,2019.0,No,3,10,N,Y,N,8.0,$288.1K
Maple Grove,1745.0,sqft,6488.0,2,1.5,2.0,2004.0,No,4,8,N,Y,N,7.0,$291.8K
Riverside Park,1069.0,sqft,3890.0,1,1.0,2.0,2006.0,No,2,5,Y,N,N,8.0,$169.1K
Old Mill District,1904.0,sqft,3355.0,3,1.5,1.0,1942.0,No,1,9,N,N,N,9.0,$430.7K
Sunridge,2466.0,sqft,3707.0,5,3.5,2.0,1964.0,No,1,7,Y,Y,N,9.0,$241.8K
Sunridge,1343.0,sqft,4638.0,3,2.5,2.0,1997.0,No,4,7,Y,Y,N,6.0,$161.6K
Cedar Falls,175.4,sqm,5660.0,3,2.0,2.5,1993.0,No,2,5,Y,N,N,5.0,240500.0
Sunridge,142.2,sqm,5582.0,2,1.0,1.0,1988.0,Yes,2,9,Y,Y,N,5.0,174900.0
Old Mill District,500.0,sqft,1827.0,1,1.0,2.0,2013.0,No,2,5,Y,N,N,6.0,$117.9K
Brookhaven,1683.0,sqft,5078.0,3,2.5,2.0,1951.0,Yes,4,7,Y,N,N,4.0,$322.1K
Maple Grove,936.0,sqft,1406.0,1,2.0,1.0,1951.0,No,3,8,Y,N,N,9.0,$112.3K
Brookhaven,2779.0,sqft,3954.0,4,3.0,2.0,1982.0,No,3,8,N,N,N,,$481.3K
Sunridge,1164.0,sqft,1648.0,2,2.0,2.0,2015.0,No,4,9,N,Y,N,,125300.0
Riverside Park,2130.0,sqft,5605.0,3,2.5,1.0,2006.0,No,4,9,N,Y,N,10.0,$418.3K
Sunridge,132.3,sqm,2440.0,2,1.0,1.5,2014.0,No,4,4,N,Y,N,4.0,143200.0
Harbor Point,1735.0,sqft,3716.0,3,2.0,2.0,2017.0,No,3,4,Y,N,N,8.0,$581.9K
Riverside Park,2956.0,sqft,9864.0,5,4.0,2.0,2019.0,No,3,3,Y,Y,N,7.0,528000.0
Old Mill District,1749.0,sqft,3620.0,3,2.5,1.0,1975.0,No,2,6,Y,Y,N,4.0,$348.9K
Riverside Park,2241.0,sqft,5318.0,4,3.5,1.0,1921.0,No,4,10,Y,N,N,9.0,$356.7K
Cedar Falls,2543.0,sqft,4470.0,4,3.0,2.0,1936.0,Yes,5,10,Y,N,N,8.0,334600.0
Cedar Falls,2598.0,sqft,3936.0,4,2.5,2.5,2012.0,No,4,4,Y,N,N,8.0,356800.0
Sunridge,2257.0,sqft,3621.0,4,3.5,2.0,1924.0,No,2,9,Y,N,N,10.0,$198.1K
Sunridge,2092.0,sqft,7424.0,3,2.0,3.0,1991.0,Yes,3,7,Y,Y,N,7.0,230300.0
Sunridge,1758.0,sqft,2833.0,3,3.0,1.0,1965.0,No,4,3,N,N,N,6.0,155200.0
Sunridge,1079.0,sqft,,2,1.5,1.0,2000.0,No,4,8,Y,N,N,1.0,$102.7K
Harbor Point,2259.0,sqft,3556.0,3,3.0,2.0,1974.0,Yes,4,4,Y,N,N,4.0,586700.0
Northgate,1799.0,sqft,2332.0,3,2.0,2.0,2018.0,No,3,10,Y,N,Y,4.0,$182.2K
Sunridge,1764.0,sqft,5504.0,3,3.0,2.0,1934.0,Yes,4,6,Y,N,Y,,204000.0
Brookhaven,2261.0,sqft,5629.0,3,2.5,3.0,1992.0,No,3,9,Y,N,N,6.0,$413.6K
Old Mill District,586.0,sqft,999.0,1,1.5,1.5,1947.0,No,5,10,N,N,N,5.0,$118.1K
Old Mill District,1538.0,sqft,1932.0,2,1.5,1.0,2004.0,No,3,10,Y,,N,5.0,442700.0
Harbor Point,2129.0,sqft,6313.0,3,2.0,2.0,1988.0,Yes,5,7,Y,Y,N,7.0,705200.0
Northgate,1634.0,sqft,2147.0,2,1.0,1.0,1922.0,No,2,9,Y,Y,N,6.0,$136.7K
Riverside Park,3021.0,sqft,10673.0,5,4.0,2.0,1922.0,Yes,1,3,Y,Y,N,5.0,$492.6K
Sunridge,1718.0,sqft,3656.0,3,2.0,1.5,1954.0,No,2,9,Y,N,N,6.0,$158.4K
Northgate,161.7,sqm,3424.0,3,2.0,1.0,2013.0,No,2,4,Y,N,N,5.0,$166.2K
Maple Grove,156.9,sqm,3876.0,2,2.0,1.0,1962.0,Yes,4,10,Y,Y,N,5.0,$242.5K
Northgate,1757.0,sqft,5521.0,3,3.0,1.0,1945.0,No,3,9,Y,Y,N,5.0,$122.4K
Northgate,2357.0,sqft,4163.0,4,1.5,2.0,1987.0,No,2,9,Y,Y,N,6.0,214400.0
Riverside Park,1842.0,sqft,3275.0,3,1.5,2.0,1930.0,No,4,10,Y,Y,N,4.0,317200.0
Brookhaven,1328.0,sqft,2608.0,2,1.5,2.0,1944.0,No,3,8,Y,N,N,7.0,$234.1K
Maple Grove,191.5,sqm,3116.0,3,1.5,1.0,2005.0,No,1,4,Y,N,Y,5.0,333300.0
Brookhaven,1712.0,sqft,2667.0,2,1.0,1.5,1985.0,Yes,2,4,Y,Y,Y,5.0,$351.8K
Northgate,2142.0,sqft,3539.0,4,3.5,2.0,1972.0,No,4,7,Y,N,N,5.0,144300.0
Brookhaven,2472.0,sqft,9811.0,6,4.5,2.0,1930.0,Yes,1,8,N,Y,N,5.0,333300.0
Riverside Park,1139.0,sqft,3594.0,2,1.0,2.0,1997.0,Yes,4,5,N,,N,6.0,$195.9K
Cedar Falls,1985.0,sqft,6424.0,3,2.0,2.0,2019.0,No,3,6,N,Y,N,8.0,243700.0
Harbor Point,1688.0,sqft,4021.0,2,2.0,2.0,1927.0,No,2,7,Y,N,N,10.0,425800.0
Maple Grove,1981.0,sqft,4743.0,4,3.0,1.0,2016.0,No,5,5,Y,Y,N,8.0,$307.4K
Maple Grove,1399.0,sqft,1922.0,2,2.0,3.0,1979.0,Yes,5,6,N,N,N,4.0,194300.0
Harbor Point,187.3,sqm,6051.0,2,1.5,2.5,1961.0,No,3,8,Y,N,N,5.0,$606.4K
Brookhaven,1824.0,sqft,4946.0,4,3.0,1.0,1970.0,No,2,9,N,Y,N,5.0,301800.0
Cedar Falls,2414.0,sqft,3119.0,4,2.5,2.0,1941.0,No,4,6,Y,N,N,7.0,$253.1K
Sunridge,2549.0,sqft,5775.0,3,2.0,3.0,1991.0,Yes,3,3,Y,Y,N,9.0,$287.9K
Brookhaven,2350.0,sqft,7031.0,4,3.5,2.0,1985.0,No,4,4,Y,N,N,8.0,$431.5K
Riverside Park,2055.0,sqft,6866.0,2,2.0,1.0,2013.0,Yes,4,7,Y,N,N,8.0,373000.0
Old Mill District,1944.0,sqft,6431.0,3,2.0,1.0,1942.0,No,1,3,Y,N,N,9.0,450700.0
Riverside Park,1896.0,sqft,3402.0,3,3.0,1.0,1981.0,No,3,3,Y,N,N,7.0,$287.8K
Sunridge,1828.0,sqft,5247.0,4,3.0,1.0,1982.0,No,3,3,Y,N,Y,6.0,169400.0
Cedar Falls,995.0,sqft,2955.0,1,1.0,1.0,1995.0,Yes,3,9,Y,N,N,4.0,$148.0K
Brookhaven,1164.0,sqft,2487.0,2,1.5,1.0,1926.0,No,3,7,Y,N,N,,$207.9K
Maple Grove,744.0,sqft,1491.0,1,1.0,3.0,1959.0,No,4,5,Y,Y,N,5.0,91800.0
Brookhaven,1127.0,sqft,2933.0,2,1.0,2.0,1951.0,Yes,5,7,Y,N,N,,$274.6K
Old Mill District,138.5,sqm,5154.0,2,1.5,3.0,1942.0,No,3,5,Y,N,N,5.0,259500.0
Old Mill District,2530.0,sqft,3958.0,4,3.0,2.0,2009.0,No,3,3,Y,N,Y,6.0,668200.0
Old Mill District,768.0,sqft,2517.0,2,1.0,2.0,,No,4,6,N,N,Y,6.0,$219.9K
Brookhaven,182.4,sqm,7058.0,4,3.5,2.0,1957.0,No,3,5,Y,N,N,7.0,399700.0
Old Mill District,1893.0,sqft,7536.0,3,2.5,1.0,1952.0,No,4,7,Y,Y,N,6.0,432500.0
Harbor Point,1527.0,sqft,3547.0,3,1.5,1.0,1992.0,Yes,3,8,N,,N,9.0,423000.0
Sunridge,980.0,sqft,2935.0,1,1.0,2.0,1926.0,Yes,3,9,Y,,N,6.0,99200.0
Brookhaven,2110.0,sqft,2854.0,4,3.0,1.0,2018.0,No,3,10,N,N,N,7.0,502100.0
Northgate,113.6,sqm,1690.0,1,1.5,2.5,1927.0,Yes,3,10,N,N,N,9.0,96300.0
Brookhaven,1468.0,sqft,3007.0,2,2.0,1.5,1922.0,No,3,5,N,N,N,4.0,214600.0
Old Mill District,1049.0,sqft,1805.0,1,1.0,1.0,1985.0,No,4,8,Y,N,N,8.0,$248.9K
Sunridge,2499.0,sqft,5887.0,4,2.5,2.0,1927.0,No,4,10,Y,N,Y,5.0,256400.0
Cedar Falls,1739.0,sqft,4305.0,3,2.5,3.0,1960.0,Yes,4,8,Y,N,N,8.0,249100.0
Northgate,2455.0,sqft,5903.0,4,2.5,2.0,1974.0,No,4,7,Y,N,N,9.0,$199.1K
Brookhaven,1795.0,sqft,6874.0,2,1.0,1.0,2006.0,No,4,3,Y,N,N,7.0,353800.0
Riverside Park,2561.0,sqft,5580.0,4,4.0,1.0,1997.0,No,5,10,Y,,N,6.0,452300.0
Riverside Park,2689.0,sqft,,4,4.0,2.0,1960.0,No,2,7,Y,Y,N,5.0,$403.8K
Northgate,3626.0,sqft,8010.0,7,6.0,2.0,1986.0,No,3,6,Y,N,N,5.0,$319.4K
Riverside Park,1864.0,sqft,4857.0,4,3.0,1.0,1966.0,No,3,10,Y,Y,N,6.0,$364.5K
Brookhaven,1797.0,sqft,5155.0,3,3.0,3.0,1954.0,No,2,10,N,Y,N,6.0,$381.6K
Riverside Park,2572.0,sqft,5532.0,4,2.0,2.0,1978.0,No,3,8,Y,Y,N,5.0,364000.0
Sunridge,2614.0,sqft,6054.0,3,3.5,1.0,1934.0,No,4,7,N,Y,N,10.0,274100.0
Old Mill District,1860.0,sqft,6353.0,4,3.0,2.0,1999.0,No,2,4,Y,N,N,4.0,441500.0
Maple Grove,1492.0,sqft,4070.0,3,3.0,3.0,1952.0,No,1,4,N,N,N,7.0,189800.0
Sunridge,165.8,sqm,6193.0,3,2.0,2.0,1934.0,No,2,6,Y,N,N,5.0,128600.0
Riverside Park,220.8,sqm,8554.0,4,3.0,3.0,1942.0,Yes,4,9,Y,,N,5.0,$415.3K
Cedar Falls,142.4,sqm,4477.0,2,1.0,2.0,2018.0,No,4,4,Y,Y,N,5.0,212200.0
Sunridge,2389.0,sqft,9403.0,4,3.5,1.0,1960.0,No,3,3,Y,N,N,4.0,209200.0
Cedar Falls,151.9,sqm,5755.0,3,2.0,2.0,1981.0,No,2,9,Y,N,N,8.0,$233.9K
Sunridge,1846.0,sqft,4394.0,3,2.5,1.0,1977.0,No,4,6,Y,N,N,5.0,183500.0
Brookhaven,268.0,sqm,10007.0,4,3.0,1.0,1928.0,No,4,5,N,Y,N,7.0,560000.0
Sunridge,1930.0,sqft,5360.0,3,2.0,1.0,1985.0,No,4,5,Y,Y,N,7.0,$206.7K
Cedar Falls,1759.0,sqft,6970.0,4,3.0,3.0,1966.0,Yes,2,7,Y,Y,N,7.0,250100.0
Sunridge,129.7,sqm,2206.0,1,1.0,2.0,2000.0,No,3,9,N,Y,N,2.0,$136.9K
Northgate,1401.0,sqft,5600.0,3,2.5,2.0,1953.0,Yes,4,9,Y,Y,N,6.0,139000.0
Old Mill District,1991.0,sqft,7788.0,3,3.0,2.0,1992.0,Yes,4,10,N,Y,N,6.0,506400.0
Brookhaven,2652.0,sqft,3231.0,4,2.5,2.0,2008.0,No,3,3,Y,N,Y,8.0,678700.0
Riverside Park,2614.0,sqft,6813.0,4,2.5,2.0,1982.0,No,2,4,Y,Y,N,8.0,450300.0
Sunridge,2938.0,sqft,7012.0,4,2.5,1.0,2018.0,No,3,6,Y,N,N,7.0,357900.0
Northgate,1207.0,sqft,3260.0,1,1.0,2.0,2007.0,No,4,7,Y,Y,N,9.0,$131.7K
Maple Grove,162.9,sqm,6927.0,3,1.5,1.5,1946.0,No,3,3,Y,Y,N,8.0,174800.0
Northgate,2330.0,sqft,6934.0,3,2.0,1.0,1961.0,Yes,1,9,Y,N,N,4.0,214900.0
Northgate,1728.0,sqft,6275.0,2,2.0,3.0,1978.0,Yes,3,5,Y,N,N,5.0,$151.4K
Northgate,2361.0,sqft,6038.0,3,3.0,2.0,1967.0,Yes,4,4,Y,Y,Y,4.0,$253.3K
Riverside Park,85.7,sqm,2554.0,2,1.0,2.0,2017.0,No,3,7,Y,Y,N,6.0,$149.9K
Maple Grove,742.0,sqft,1843.0,1,1.0,1.0,2020.0,No,2,8,Y,Y,N,9.0,146800.0
Brookhaven,2250.0,sqft,7201.0,3,1.5,3.0,1959.0,Yes,2,4,Y,Y,N,8.0,423800.0
Old Mill District,2472.0,sqft,9464.0,4,3.5,2.0,1975.0,No,5,6,Y,Y,N,8.0,657500.0
Harbor Point,1691.0,sqft,5211.0,3,2.5,2.0,1921.0,No,4,3,Y,N,N,4.0,$385.4K
Old Mill District,2647.0,sqft,3485.0,5,4.0,2.0,1931.0,No,3,3,Y,Y,Y,5.0,560600.0
Riverside Park,549.0,sqft,1634.0,1,1.0,1.0,2008.0,Yes,3,3,Y,Y,N,8.0,105800.0
Maple Grove,155.1,sqm,2188.0,2,1.5,1.0,1942.0,Yes,2,3,Y,N,Y,7.0,219400.0
Brookhaven,1645.0,sqft,4081.0,2,1.0,1.0,1973.0,No,3,3,Y,Y,N,5.0,$281.9K
Riverside Park,1678.0,sqft,4956.0,3,3.5,3.0,1931.0,Yes,4,6,Y,N,N,4.0,262000.0
Harbor Point,1668.0,sqft,5177.0,2,1.0,2.0,1990.0,No,4,9,N,N,N,7.0,$549.6K
Brookhaven,3545.0,sqft,10391.0,6,5.5,2.0,1978.0,Yes,3,8,Y,Y,Y,4.0,869400.0
Northgate,219.0,sqm,9376.0,3,2.5,1.0,1939.0,Yes,3,4,Y,N,Y,3.0,$208.2K
Sunridge,46.4,sqm,1563.0,2,1.0,2.0,1969.0,No,4,8,Y,N,N,2.0,49600.0
Harbor Point,1564.0,sqft,5818.0,2,1.5,2.0,1951.0,No,4,9,Y,N,N,6.0,334600.0
Cedar Falls,1352.0,sqft,4001.0,3,2.0,2.0,1998.0,Yes,5,10,N,Y,N,7.0,184700.0
Cedar Falls,2880.0,sqft,9640.0,5,4.0,2.0,,No,3,3,Y,Y,N,6.0,$337.6K
Riverside Park,1987.0,sqft,6979.0,3,2.5,2.0,1992.0,Yes,3,3,Y,N,N,4.0,244600.0
Old Mill District,46.4,sqm,1077.0,2,1.5,2.0,1959.0,Yes,4,5,Y,Y,N,4.0,122700.0
Cedar Falls,1289.0,sqft,2806.0,3,3.0,2.5,2000.0,No,3,7,Y,Y,N,8.0,$210.4K
Riverside Park,1407.0,sqft,3622.0,2,1.0,1.0,1985.0,Yes,2,9,Y,N,N,4.0,250000.0
Sunridge,2042.0,sqft,4660.0,3,1.0,3.0,1950.0,Yes,3,3,Y,N,N,6.0,$172.7K
Maple Grove,1874.0,sqft,3433.0,1,1.0,1.0,2012.0,No,4,4,Y,Y,N,,310800.0
Harbor Point,3738.0,sqft,12684.0,5,3.5,2.0,1932.0,No,3,6,Y,N,N,9.0,945200.0
Cedar Falls,1088.0,sqft,3880.0,1,2.0,1.0,2005.0,No,3,3,N,N,N,8.0,153400.0
Brookhaven,2169.0,sqft,3223.0,4,3.5,2.5,1972.0,No,4,7,N,Y,N,7.0,325200.0
Harbor Point,2038.0,sqft,3282.0,3,3.0,1.5,1957.0,Yes,4,6,Y,N,N,7.0,540600.0
Sunridge,346.5,sqm,6102.0,6,4.5,2.0,1983.0,No,4,9,Y,N,N,4.0,$342.0K
Sunridge,1761.0,sqft,2194.0,3,1.5,2.5,2015.0,No,4,6,Y,N,N,7.0,222700.0
Old Mill District,2929.0,sqft,8718.0,5,4.5,2.0,1932.0,Yes,4,3,N,Y,N,5.0,563000.0
Sunridge,133.0,sqm,2433.0,3,2.0,1.5,1931.0,No,4,8,N,Y,N,7.0,$128.4K
Maple Grove,2093.0,sqft,7594.0,3,2.5,1.0,1931.0,No,4,8,Y,N,N,2.0,$215.9K
Northgate,1659.0,sqft,5806.0,3,1.5,1.0,1950.0,Yes,2,8,N,,N,7.0,148700.0
Maple Grove,1977.0,sqft,2408.0,4,3.5,1.5,1948.0,No,3,3,Y,N,Y,5.0,$248.8K
Harbor Point,1360.0,sqft,2664.0,4,3.5,1.0,1952.0,No,2,3,Y,N,N,5.0,$299.4K
Maple Grove,500.0,sqft,1999.0,2,2.0,1.0,2005.0,No,5,8,Y,N,Y,8.0,$100.7K
Harbor Point,2960.0,sqft,9601.0,4,2.5,2.0,1977.0,No,3,9,Y,Y,N,7.0,$863.8K
Maple Grove,1117.0,sqft,4211.0,1,1.0,2.0,1982.0,No,3,6,N,N,N,3.0,$157.2K
Sunridge,2561.0,sqft,9993.0,4,2.5,2.5,2012.0,No,4,10,N,Y,N,4.0,330500.0
Sunridge,1222.0,sqft,,2,2.0,2.0,1963.0,No,2,7,Y,Y,N,5.0,$115.9K
Old Mill District,2197.0,sqft,4806.0,4,3.0,3.0,1984.0,No,5,8,Y,N,N,6.0,$508.5K
Maple Grove,1774.0,sqft,5383.0,2,1.5,1.0,1970.0,No,3,5,N,Y,N,6.0,$214.4K
Northgate,1350.0,sqft,4289.0,2,1.5,2.0,1957.0,No,3,7,Y,N,N,6.0,$119.6K
Northgate,2577.0,sqft,7672.0,6,5.0,2.0,1992.0,Yes,3,7,Y,Y,N,5.0,$241.4K
Old Mill District,1279.0,sqft,2052.0,1,1.0,2.5,1979.0,Yes,4,5,Y,Y,N,4.0,310800.0
Riverside Park,206.1,sqm,8352.0,5,4.0,1.5,1948.0,Yes,2,6,Y,Y,N,,$307.5K
Brookhaven,1530.0,sqft,5858.0,2,1.5,2.0,1933.0,No,4,7,Y,N,N,4.0,$226.0K
Northgate,1286.0,sqft,2760.0,3,1.5,1.5,1950.0,No,5,5,N,,N,6.0,96100.0
Sunridge,2616.0,sqft,9088.0,5,3.5,2.0,1969.0,Yes,1,4,Y,,N,9.0,$308.1K
Harbor Point,2563.0,sqft,7730.0,4,3.5,1.0,1951.0,No,3,9,Y,Y,N,7.0,735100.0
Northgate,1783.0,sqft,2668.0,4,3.5,1.5,1956.0,No,2,10,N,N,N,3.0,$150.6K
Cedar Falls,1346.0,sqft,5202.0,2,2.0,2.0,1993.0,No,3,5,Y,N,Y,8.0,196900.0
Maple Grove,1950.0,sqft,6375.0,3,1.0,2.0,,Yes,1,6,N,N,N,3.0,$279.1K
Sunridge,128.9,sqm,3498.0,2,1.0,2.0,1963.0,Yes,4,3,Y,N,N,8.0,$141.4K
Harbor Point,1284.0,sqft,3449.0,2,1.5,1.5,1931.0,Yes,3,5,Y,N,N,6.0,$324.4K
Northgate,1322.0,sqft,4533.0,2,1.5,1.0,1970.0,No,3,9,N,Y,N,6.0,$109.1K
Riverside Park,1248.0,sqft,2335.0,3,1.5,1.5,2018.0,No,3,3,N,N,N,3.0,$217.8K
Maple Grove,1121.0,sqft,2221.0,2,2.0,2.0,1980.0,No,3,5,Y,N,Y,5.0,$187.7K
Sunridge,2567.0,sqft,10189.0,4,2.5,2.5,2023.0,No,3,8,Y,N,N,4.0,275800.0
Cedar Falls,896.0,sqft,3037.0,2,1.5,2.0,1932.0,Yes,2,7,Y,Y,Y,7.0,113700.0
Brookhaven,1525.0,sqft,2512.0,2,1.5,2.5,1958.0,Yes,2,5,Y,Y,N,7.0,$279.7K
Cedar Falls,190.7,sqm,2925.0,3,2.0,2.0,1983.0,No,4,7,Y,N,N,9.0,332500.0
Riverside Park,1993.0,sqft,2631.0,2,1.5,1.5,1980.0,Yes,3,5,N,Y,N,7.0,$316.7K
Maple Grove,1145.0,sqft,2085.0,1,1.0,2.0,1971.0,No,3,6,Y,Y,N,5.0,$168.1K
Sunridge,1190.0,sqft,2099.0,3,2.5,3.0,1987.0,No,4,9,Y,,N,4.0,$126.7K
Sunridge,1842.0,sqft,4513.0,2,1.0,1.0,1936.0,No,3,4,N,N,N,6.0,145200.0
Old Mill District,2285.0,sqft,4752.0,3,2.5,2.0,1976.0,No,3,10,Y,Y,Y,8.0,628200.0
Northgate,1254.0,sqft,3123.0,2,1.0,1.0,1944.0,No,2,9,Y,N,N,5.0,97300.0
Harbor Point,1076.0,sqft,1343.0,2,1.0,3.0,1990.0,No,4,8,N,N,N,6.0,$284.7K
Riverside Park,220.7,sqm,5466.0,4,3.5,2.0,1936.0,No,3,10,Y,N,N,6.0,380700.0
Old Mill District,1783.0,sqft,2957.0,2,3.0,1.0,2004.0,No,5,4,N,N,N,6.0,387100.0
Maple Grove,1585.0,sqft,5983.0,2,1.0,2.0,1933.0,No,1,3,Y,Y,N,5.0,161800.0
Sunridge,870.0,sqft,2282.0,1,1.5,3.0,1922.0,Yes,2,8,Y,Y,N,8.0,$87.3K
Brookhaven,1953.0,sqft,6188.0,2,1.5,3.0,1960.0,No,5,6,Y,N,N,6.0,344300.0
Riverside Park,2462.0,sqft,3240.0,3,2.5,1.0,1957.0,Yes,4,6,N,Y,N,5.0,$372.1K
Sunridge,2551.0,sqft,4677.0,4,3.0,1.0,1994.0,No,3,10,Y,Y,N,6.0,$277.0K
Sunridge,1039.0,sqft,3309.0,2,1.0,1.0,1943.0,No,5,10,Y,N,N,10.0,$100.6K
Sunridge,1760.0,sqft,2804.0,2,1.5,2.0,1986.0,No,2,6,Y,Y,N,6.0,$139.2K
Harbor Point,1654.0,sqft,4747.0,4,2.5,2.0,1940.0,No,2,8,Y,Y,Y,7.0,428300.0
Old Mill District,1214.0,sqft,3057.0,2,2.0,2.0,1983.0,No,4,9,Y,Y,N,,$302.3K
Northgate,2462.0,sqft,5602.0,4,3.5,2.0,1960.0,Yes,4,3,Y,N,N,6.0,228000.0
Sunridge,137.0,sqm,3084.0,2,2.0,2.0,1994.0,No,1,5,N,Y,N,,$152.8K
Riverside Park,3070.0,sqft,,4,3.0,2.0,2004.0,No,4,8,N,N,N,6.0,515800.0
Harbor Point,930.0,sqft,2128.0,1,1.0,3.0,1981.0,No,2,8,Y,N,N,3.0,$222.2K
Maple Grove,2476.0,sqft,6800.0,4,3.5,2.0,1961.0,No,4,10,Y,Y,N,8.0,402300.0
Riverside Park,2077.0,sqft,6145.0,3,3.0,1.0,2008.0,No,3,4,Y,Y,N,4.0,390300.0
Cedar Falls,2138.0,sqft,6874.0,4,3.0,1.0,1930.0,No,4,8,N,N,N,10.0,229800.0
Sunridge,1359.0,sqft,3133.0,3,1.5,1.0,1924.0,No,5,5,Y,Y,N,5.0,$118.8K
Harbor Point,3174.0,sqft,7124.0,3,2.5,1.0,1927.0,Yes,5,5,Y,N,N,5.0,$761.6K
Harbor Point,1885.0,sqft,6877.0,2,2.0,1.0,1986.0,No,5,6,Y,N,N,6.0,$529.6K
Riverside Park,1375.0,sqft,3150.0,1,1.0,1.0,1949.0,No,5,4,N,Y,N,8.0,$234.1K
Riverside Park,2722.0,sqft,7425.0,4,3.0,2.0,1963.0,No,1,9,Y,N,N,5.0,$438.1K
Cedar Falls,2187.0,sqft,7202.0,2,1.5,2.0,1927.0,Yes,5,6,N,Y,N,6.0,$216.5K
Brookhaven,1659.0,sqft,5804.0,2,1.5,1.0,1989.0,No,2,10,Y,N,N,9.0,$375.1K
Brookhaven,1549.0,sqft,2547.0,3,2.5,3.0,1997.0,No,5,4,Y,Y,Y,4.0,$368.3K
Cedar Falls,2550.0,sqft,8140.0,3,2.5,1.0,1944.0,No,5,4,Y,,N,4.0,$268.3K
Northgate,2760.0,sqft,8125.0,5,4.0,3.0,1960.0,No,2,3,N,N,N,,$215.8K
Northgate,500.0,sqft,1583.0,2,1.0,1.5,1974.0,No,4,9,Y,N,N,5.0,47900.0
Riverside Park,1540.0,sqft,2870.0,2,1.0,2.0,1961.0,Yes,5,9,Y,Y,N,4.0,$279.2K
Riverside Park,2981.0,sqft,4333.0,4,2.0,1.5,1995.0,No,3,5,Y,N,N,3.0,$494.8K
Sunridge,2836.0,sqft,5048.0,5,3.5,1.0,2015.0,No,4,5,Y,Y,N,7.0,314600.0
Sunridge,2420.0,sqft,6636.0,4,3.0,1.0,1993.0,Yes,2,4,N,N,N,4.0,228000.0
Sunridge,182.5,sqm,4434.0,4,3.5,2.0,1983.0,No,3,4,Y,Y,Y,6.0,234700.0
Maple Grove,1489.0,sqft,3569.0,3,2.0,1.5,1981.0,No,4,4,N,N,N,5.0,218700.0
Sunridge,143.9,sqm,5289.0,2,2.0,2.0,1993.0,Yes,4,9,Y,N,N,6.0,$188.7K
Brookhaven,2257.0,sqft,6859.0,3,2.5,2.0,1962.0,No,4,8,Y,Y,N,6.0,450500.0
Northgate,1864.0,sqft,3296.0,3,2.0,3.0,1926.0,No,4,5,Y,N,N,6.0,144800.0
Northgate,118.4,sqm,3606.0,2,2.0,2.5,2022.0,No,5,9,N,Y,N,3.0,134100.0
Harbor Point,46.4,sqm,800.0,1,1.0,2.0,1958.0,Yes,3,8,N,Y,N,5.0,120800.0
Sunridge,2074.0,sqft,3522.0,4,3.0,1.0,2005.0,No,4,9,N,N,N,7.0,249600.0
Sunridge,2342.0,sqft,3419.0,4,2.5,1.0,1976.0,No,3,8,N,Y,N,3.0,$224.8K
Maple Grove,181.6,sqm,3876.0,4,3.0,2.0,1996.0,No,4,6,N,N,N,4.0,278900.0
Sunridge,213.5,sqm,3534.0,4,3.5,2.0,1949.0,No,2,7,Y,N,N,7.0,$225.6K
Riverside Park,1808.0,sqft,3163.0,3,3.0,3.0,2021.0,No,5,4,Y,Y,N,4.0,$364.5K
Maple Grove,2002.0,sqft,3663.0,3,1.5,2.0,1983.0,No,2,3,Y,N,N,9.0,287000.0
Sunridge,1759.0,sqft,6581.0,4,2.5,2.5,1970.0,No,3,7,N,N,N,7.0,170700.0
Maple Grove,1279.0,sqft,2635.0,2,2.0,1.0,1989.0,No,3,10,Y,Y,N,3.0,194200.0
Brookhaven,152.6,sqm,4197.0,3,2.0,3.0,2009.0,No,2,5,Y,N,N,7.0,$285.6K
Maple Grove,2369.0,sqft,2986.0,4,3.0,2.0,1952.0,No,3,6,Y,,N,6.0,$300.7K
Old Mill District,3205.0,sqft,7914.0,4,3.0,1.0,1958.0,Yes,4,3,N,Y,N,6.0,$761.1K
Harbor Point,2672.0,sqft,7236.0,4,2.5,1.5,1937.0,No,2,6,Y,N,N,8.0,543500.0
Harbor Point,2277.0,sqft,8477.0,3,1.5,1.5,2021.0,No,4,3,Y,Y,N,3.0,618400.0
Cedar Falls,1948.0,sqft,4828.0,2,1.5,1.5,2017.0,No,5,5,N,N,N,6.0,264000.0
Northgate,274.0,sqm,7839.0,4,3.0,2.0,1932.0,No,4,10,N,N,N,1.0,195800.0
Riverside Park,1827.0,sqft,7121.0,4,3.5,1.0,1939.0,Yes,4,8,N,N,N,7.0,$234.8K
Maple Grove,2828.0,sqft,4729.0,4,2.0,2.0,2021.0,No,5,10,Y,Y,N,7.0,546000.0
Old Mill District,245.1,sqm,5435.0,4,3.0,1.5,1941.0,No,2,6,Y,Y,N,3.0,499000.0
Harbor Point,1664.0,sqft,2670.0,3,2.0,2.5,2013.0,No,3,10,Y,N,N,7.0,532000.0
Cedar Falls,1496.0,sqft,2717.0,2,1.0,2.0,2007.0,No,4,7,N,Y,N,,226700.0
Cedar Falls,1971.0,sqft,2681.0,4,4.0,3.0,1925.0,No,2,9,Y,Y,N,9.0,$229.7K
Cedar Falls,1793.0,sqft,4569.0,3,2.0,1.0,2002.0,No,4,6,Y,Y,N,10.0,$297.6K
Old Mill District,2521.0,sqft,3895.0,4,3.5,1.5,1972.0,Yes,3,4,Y,N,N,6.0,581100.0
Maple Grove,2581.0,sqft,7949.0,5,4.0,2.0,1950.0,Yes,3,4,Y,Y,N,6.0,$370.4K
Brookhaven,1236.0,sqft,3924.0,2,1.5,3.0,1931.0,Yes,3,10,Y,Y,N,5.0,$197.8K
Brookhaven,2922.0,sqft,4648.0,4,3.5,2.0,2015.0,No,2,8,N,N,N,5.0,$660.4K
Brookhaven,1417.0,sqft,4759.0,2,1.5,1.0,1961.0,No,2,9,N,N,N,,302000.0
Old Mill District,2184.0,sqft,6243.0,3,2.0,1.0,1986.0,No,1,5,N,Y,N,6.0,$470.0K
Northgate,2375.0,sqft,7146.0,4,2.5,1.0,2017.0,No,1,5,Y,Y,N,2.0,250200.0
Maple Grove,500.0,sqft,1573.0,1,1.5,2.0,2021.0,No,5,8,Y,Y,N,6.0,91200.0
Brookhaven,1587.0,sqft,3092.0,3,2.5,3.0,2011.0,No,5,10,N,N,N,5.0,363100.0
Riverside Park,1337.0,sqft,4542.0,1,1.5,2.5,1953.0,No,3,4,Y,,N,3.0,182200.0
Northgate,169.3,sqm,3087.0,3,3.0,2.0,1927.0,Yes,4,4,Y,Y,N,,$139.2K
Maple Grove,1601.0,sqft,2697.0,3,2.5,2.5,2008.0,No,5,10,N,Y,N,7.0,269700.0
Brookhaven,1222.0,sqft,3555.0,3,1.5,1.0,2015.0,No,5,3,Y,Y,N,8.0,295000.0
Old Mill District,1655.0,sqft,3214.0,2,1.0,1.5,1998.0,No,4,6,Y,N,N,10.0,476900.0
Riverside Park,997.0,sqft,3490.0,1,1.0,3.0,1944.0,No,4,8,Y,N,Y,6.0,$167.8K
Northgate,1964.0,sqft,6651.0,2,2.0,1.0,1966.0,No,3,4,Y,N,N,6.0,$168.3K
Brookhaven,1929.0,sqft,2910.0,4,3.0,2.0,1971.0,No,3,9,Y,Y,N,8.0,435500.0
Sunridge,1468.0,sqft,3608.0,3,3.0,2.5,1945.0,No,3,7,Y,Y,N,3.0,$117.8K
Brookhaven,500.0,sqft,,1,1.0,1.0,1982.0,Yes,4,5,Y,Y,N,7.0,123000.0
Brookhaven,127.8,sqm,4716.0,2,2.0,1.5,1997.0,No,3,6,Y,Y,N,1.0,$315.4K
Brookhaven,187.6,sqm,7489.0,2,1.0,2.0,1923.0,Yes,4,5,N,N,N,8.0,$385.1K
Brookhaven,1304.0,sqft,2432.0,2,1.5,1.0,2006.0,No,5,5,Y,Y,N,4.0,240600.0
Old Mill District,1156.0,sqft,4115.0,3,2.0,2.0,1960.0,Yes,3,3,Y,Y,N,3.0,224600.0
Riverside Park,2043.0,sqft,4951.0,3,2.0,1.0,1974.0,No,3,4,Y,N,N,,324700.0
Northgate,135.4,sqm,2183.0,3,1.5,3.0,1944.0,No,1,6,Y,N,N,9.0,$107.4K
Old Mill District,947.0,sqft,3018.0,1,1.0,1.0,1990.0,Yes,3,4,Y,N,Y,7.0,242500.0
Old Mill District,1704.0,sqft,4933.0,2,1.5,2.0,1966.0,Yes,2,5,Y,Y,N,5.0,414000.0
Harbor Point,2063.0,sqft,2529.0,3,1.5,2.0,1980.0,No,2,4,Y,N,N,,$511.2K
Old Mill District,2096.0,sqft,4405.0,3,2.5,1.0,2007.0,No,3,9,Y,N,N,3.0,$527.3K
Riverside Park,1590.0,sqft,6048.0,2,1.0,3.0,1958.0,Yes,5,10,N,Y,N,3.0,$260.2K
Riverside Park,57.3,sqm,1890.0,1,1.0,2.0,2005.0,No,3,5,Y,N,N,5.0,112300.0
Northgate,2443.0,sqft,7224.0,4,3.0,2.0,2019.0,No,2,7,N,Y,N,6.0,243600.0
Harbor Point,127.8,sqm,3222.0,3,1.0,3.0,1924.0,Yes,3,8,Y,N,N,5.0,$324.0K
Northgate,1986.0,sqft,6136.0,3,1.5,2.0,1983.0,No,4,7,Y,Y,N,8.0,201100.0
Maple Grove,1688.0,sqft,5872.0,3,1.5,3.0,1985.0,No,5,4,N,N,N,8.0,236500.0
Riverside Park,1760.0,sqft,3249.0,2,1.5,1.0,2021.0,Yes,4,7,N,Y,N,6.0,$323.5K
Cedar Falls,2375.0,sqft,6163.0,4,4.0,3.0,2015.0,No,3,8,Y,Y,N,7.0,387900.0
Harbor Point,2501.0,sqft,8251.0,3,3.0,1.0,1974.0,Yes,4,8,Y,Y,N,4.0,615000.0
Sunridge,187.3,sqm,2807.0,3,1.5,1.0,1976.0,No,5,10,Y,Y,N,7.0,216300.0
Maple Grove,2594.0,sqft,7682.0,4,3.0,1.0,2022.0,No,3,10,Y,Y,N,6.0,444700.0
Northgate,1664.0,sqft,3861.0,3,2.0,1.0,1978.0,No,3,10,Y,N,N,,170700.0
Northgate,2403.0,sqft,8900.0,2,1.0,1.0,1923.0,Yes,4,3,N,Y,N,7.0,$185.6K
Riverside Park,1496.0,sqft,4702.0,2,1.0,1.0,2001.0,No,5,9,Y,N,N,7.0,277700.0
Riverside Park,2242.0,sqft,2720.0,4,1.5,2.5,1943.0,No,2,8,Y,Y,N,6.0,$367.5K
Brookhaven,2261.0,sqft,7830.0,3,2.0,2.0,1991.0,No,5,10,Y,N,N,2.0,$448.7K
Maple Grove,2785.0,sqft,9365.0,4,3.0,1.0,1949.0,Yes,3,8,Y,N,Y,5.0,$408.6K
Maple Grove,961.0,sqft,3257.0,1,1.0,3.0,2011.0,No,2,7,Y,N,N,6.0,$152.1K
Riverside Park,1599.0,sqft,1946.0,3,2.0,1.0,1932.0,Yes,3,6,N,Y,N,3.0,209100.0
Brookhaven,977.0,sqft,1491.0,2,1.5,1.0,1964.0,Yes,3,4,Y,Y,N,5.0,162600.0
Harbor Point,2709.0,sqft,10142.0,3,2.5,1.0,2021.0,No,2,10,N,N,N,8.0,$828.0K
Brookhaven,2165.0,sqft,5556.0,4,3.5,1.0,1992.0,No,4,7,Y,Y,N,4.0,474500.0
Maple Grove,2037.0,sqft,5904.0,2,1.0,2.0,1954.0,No,4,3,Y,N,N,4.0,$240.9K
Sunridge,1812.0,sqft,2627.0,2,1.5,1.0,2006.0,No,5,5,N,Y,N,6.0,$191.4K
Sunridge,2100.0,sqft,5165.0,4,3.5,2.5,1972.0,Yes,5,10,Y,N,N,5.0,219100.0
Riverside Park,2798.0,sqft,10344.0,5,3.5,2.0,1953.0,No,4,10,Y,Y,N,,$451.8K
Harbor Point,1019.0,sqft,3754.0,2,1.0,2.0,2013.0,No,2,3,Y,Y,Y,9.0,$362.6K
Cedar Falls,155.1,sqm,2305.0,2,2.0,2.0,1923.0,No,2,6,Y,Y,N,5.0,191000.0
Cedar Falls,2084.0,sqft,7284.0,4,2.0,2.0,1951.0,No,3,10,N,N,N,7.0,244900.0
Riverside Park,1399.0,sqft,2403.0,2,1.5,1.0,2015.0,No,2,7,Y,N,N,5.0,$256.4K
Cedar Falls,1082.0,sqft,1514.0,1,1.0,1.5,1932.0,No,3,9,Y,Y,N,5.0,$115.4K
Brookhaven,1387.0,sqft,4305.0,3,2.5,1.0,1964.0,Yes,4,3,Y,Y,N,4.0,294500.0
Cedar Falls,84.4,sqm,2028.0,2,1.5,3.0,1986.0,Yes,3,10,Y,Y,N,9.0,144200.0
Northgate,1607.0,sqft,5224.0,2,2.0,2.0,1991.0,No,3,4,N,Y,N,7.0,133400.0
Cedar Falls,2500.0,sqft,6320.0,3,2.5,2.5,2014.0,No,3,9,N,N,N,4.0,$380.2K
Northgate,2342.0,sqft,2888.0,4,3.0,2.0,1993.0,No,4,3,Y,Y,N,8.0,$222.6K
Harbor Point,1246.0,sqft,3305.0,1,1.0,1.5,2003.0,No,1,9,Y,N,N,4.0,$285.7K
Maple Grove,2573.0,sqft,6843.0,3,1.5,1.0,1921.0,No,5,7,N,N,N,5.0,315700.0
Brookhaven,2350.0,sqft,8894.0,3,2.0,1.0,1994.0,Yes,3,3,Y,N,N,7.0,$552.4K
Cedar Falls,1669.0,sqft,5062.0,2,1.5,1.5,1922.0,No,1,8,Y,Y,N,7.0,$198.1K
Brookhaven,1292.0,sqft,3441.0,3,2.0,1.5,1970.0,Yes,2,4,Y,N,N,4.0,264300.0
Northgate,3318.0,sqft,8840.0,6,5.0,2.0,2002.0,No,3,10,Y,N,N,6.0,345500.0
Sunridge,3250.0,sqft,5362.0,7,5.5,2.0,1948.0,No,3,10,N,Y,N,9.0,290400.0
Northgate,1612.0,sqft,5976.0,2,1.0,1.0,2009.0,No,3,9,Y,N,Y,4.0,$191.1K
Riverside Park,2074.0,sqft,4858.0,4,2.5,2.5,2004.0,No,2,8,Y,Y,N,3.0,376400.0
Maple Grove,1895.0,sqft,6838.0,3,2.0,2.0,1966.0,Yes,4,9,Y,N,N,9.0,$322.6K
Sunridge,130.8,sqm,5631.0,2,1.5,1.5,2012.0,No,3,6,Y,Y,N,7.0,131700.0
Cedar Falls,1298.0,sqft,3784.0,2,1.5,2.0,1997.0,Yes,4,6,Y,N,N,6.0,194500.0
Old Mill District,2212.0,sqft,7274.0,3,2.5,1.0,1986.0,No,3,10,N,N,N,9.0,$643.8K
Maple Grove,1895.0,sqft,4808.0,4,3.0,1.0,1961.0,Yes,4,9,Y,Y,N,7.0,$244.1K
Old Mill District,1367.0,sqft,4650.0,1,1.0,1.5,2020.0,No,4,4,Y,N,N,3.0,$276.9K
Harbor Point,2244.0,sqft,5866.0,4,4.0,2.0,1936.0,No,4,3,Y,Y,N,6.0,529700.0
Riverside Park,1184.0,sqft,2774.0,1,1.5,2.0,1968.0,Yes,5,3,Y,N,N,6.0,185300.0
Sunridge,2376.0,sqft,8381.0,4,2.5,3.0,1928.0,No,3,9,N,Y,N,3.0,$213.1K
Harbor Point,147.8,sqm,6103.0,3,3.0,2.0,1943.0,No,5,7,N,,N,8.0,379800.0
Brookhaven,2132.0,sqft,6239.0,3,2.0,1.0,2007.0,No,5,7,Y,N,N,5.0,410100.0
Riverside Park,100.1,sqm,4281.0,2,2.5,1.0,2016.0,No,3,6,Y,N,N,3.0,202700.0
Brookhaven,1328.0,sqft,3933.0,2,1.0,2.0,1992.0,No,4,4,Y,Y,N,7.0,300300.0
Cedar Falls,1398.0,sqft,,2,1.5,1.0,1993.0,No,2,9,Y,Y,N,5.0,$181.0K
Riverside Park,2124.0,sqft,3110.0,3,3.5,3.0,1921.0,Yes,4,7,Y,N,N,7.0,337300.0
Old Mill District,1942.0,sqft,6769.0,3,2.0,1.0,1931.0,No,4,9,Y,Y,N,3.0,$413.6K
Sunridge,3418.0,sqft,12723.0,4,3.0,1.0,1946.0,No,3,8,Y,Y,N,6.0,348400.0
Maple Grove,2201.0,sqft,3886.0,3,3.0,1.0,1942.0,Yes,5,5,Y,N,N,10.0,363400.0
Riverside Park,2346.0,sqft,6838.0,4,3.0,2.0,2011.0,No,5,5,N,N,N,5.0,392700.0
Old Mill District,628.0,sqft,1586.0,1,1.5,1.5,1925.0,No,4,6,Y,N,N,8.0,$149.0K
Riverside Park,1764.0,sqft,3733.0,2,1.5,2.5,1972.0,Yes,3,4,Y,N,N,7.0,$329.5K
Northgate,1717.0,sqft,3088.0,3,2.5,2.5,1926.0,No,5,7,N,N,N,7.0,$111.2K
Brookhaven,1123.0,sqft,3117.0,1,1.0,2.5,1945.0,No,4,10,Y,N,N,6.0,$195.5K
Sunridge,500.0,sqft,1417.0,1,1.5,1.5,1923.0,No,3,6,N,N,N,7.0,45000
Old Mill District,2391.0,sqft,9094.0,5,4.0,2.5,1976.0,No,4,7,Y,Y,N,5.0,593400.0
Harbor Point,1993.0,sqft,6572.0,3,2.0,2.0,2016.0,No,4,9,Y,Y,N,6.0,$644.8K
Maple Grove,1255.0,sqft,1723.0,1,1.0,2.5,1972.0,No,2,9,Y,N,N,8.0,176700.0
Riverside Park,1922.0,sqft,6862.0,3,1.5,1.0,1922.0,Yes,3,7,N,N,N,8.0,$323.2K
Northgate,1676.0,sqft,2171.0,4,2.5,2.0,2000.0,No,3,5,N,Y,N,3.0,150500.0
Brookhaven,1467.0,sqft,5386.0,2,1.5,1.0,1983.0,Yes,3,7,N,N,N,4.0,279600.0
Northgate,983.0,sqft,3577.0,2,1.5,2.0,1971.0,Yes,3,7,Y,Y,N,5.0,$88.1K
Northgate,1561.0,sqft,2802.0,3,2.0,2.5,1979.0,Yes,3,8,Y,Y,N,6.0,161300.0
Northgate,230.9,sqm,7622.0,4,3.5,1.5,1943.0,Yes,4,10,Y,Y,N,9.0,$272.7K
Harbor Point,1418.0,sqft,2773.0,3,3.5,1.0,2006.0,No,3,6,Y,Y,Y,,$572.2K
Riverside Park,1691.0,sqft,3167.0,3,2.5,2.0,2011.0,No,2,7,Y,N,N,6.0,$306.0K
Sunridge,1387.0,sqft,1838.0,2,1.5,2.0,1932.0,No,3,6,Y,Y,N,6.0,$130.1K
Harbor Point,1849.0,sqft,6508.0,3,2.0,2.0,1950.0,No,2,9,Y,Y,N,8.0,442000.0
Brookhaven,2049.0,sqft,3573.0,2,2.0,2.0,2006.0,No,1,9,Y,Y,N,4.0,438900.0
Maple Grove,1570.0,sqft,5095.0,2,2.0,2.0,1997.0,Yes,5,5,Y,Y,N,5.0,252200.0
Harbor Point,1844.0,sqft,2935.0,4,3.0,2.0,1944.0,Yes,4,8,Y,Y,N,6.0,477400.0
Old Mill District,220.0,sqm,8144.0,5,3.5,1.5,1949.0,No,4,8,Y,N,N,6.0,627300.0
Old Mill District,2753.0,sqft,6910.0,5,3.0,1.0,2010.0,No,3,6,Y,N,N,5.0,720600.0
Old Mill District,1293.0,sqft,3499.0,1,1.5,2.0,1930.0,No,5,3,Y,N,N,6.0,$282.9K
Harbor Point,165.5,sqm,4923.0,3,2.5,1.5,1989.0,No,5,10,N,Y,Y,9.0,$659.3K
Sunridge,2085.0,sqft,4189.0,2,1.0,2.0,1988.0,No,4,5,N,N,N,7.0,$197.0K
Harbor Point,147.0,sqm,3454.0,4,2.5,1.5,1978.0,No,3,9,Y,N,N,5.0,446300.0
Sunridge,1547.0,sqft,2741.0,2,1.5,2.0,1975.0,No,3,10,Y,Y,N,5.0,170900.0
Old Mill District,1245.0,sqft,2164.0,2,1.0,1.0,1926.0,Yes,4,8,Y,Y,N,7.0,341600.0
Old Mill District,1901.0,sqft,6976.0,3,2.5,3.0,2002.0,No,5,3,N,N,N,4.0,$445.1K
Old Mill District,1009.0,sqft,2060.0,2,2.0,2.0,1984.0,No,2,7,Y,N,N,3.0,215700.0
Harbor Point,1036.0,sqft,1727.0,2,1.0,1.0,1950.0,No,4,4,Y,Y,N,6.0,$212.5K
Northgate,194.4,sqm,3773.0,2,2.5,1.0,2003.0,No,3,7,Y,Y,N,6.0,$162.0K
Maple Grove,1382.0,sqft,5016.0,2,1.0,2.0,1974.0,Yes,3,6,Y,N,N,,$220.9K
Cedar Falls,46.4,sqm,800.0,1,1.0,1.0,1955.0,Yes,4,9,Y,N,N,7.0,65200.0
Northgate,1984.0,sqft,4515.0,4,3.0,1.5,1947.0,No,2,10,N,N,N,8.0,$164.6K
Harbor Point,1899.0,sqft,6980.0,3,2.0,1.0,2009.0,No,2,9,Y,N,N,7.0,$565.0K
Northgate,251.3,sqm,6774.0,4,2.5,2.0,1958.0,No,5,4,N,N,N,6.0,178000.0
Maple Grove,1672.0,sqft,3972.0,3,3.0,2.0,1946.0,No,3,10,N,N,N,6.0,$243.5K
Harbor Point,171.5,sqm,6595.0,3,2.0,2.5,2022.0,No,4,6,Y,Y,N,8.0,607100.0
Northgate,1869.0,sqft,3635.0,3,1.0,2.0,2000.0,No,4,10,Y,Y,N,7.0,$196.6K
Brookhaven,106.5,sqm,2534.0,2,2.5,1.0,1922.0,No,5,7,Y,N,N,7.0,$196.7K
Maple Grove,121.7,sqm,3842.0,2,2.0,2.0,1954.0,Yes,4,3,N,N,N,7.0,$157.6K
Maple Grove,2039.0,sqft,8064.0,4,2.0,2.0,1968.0,No,3,4,Y,N,N,7.0,$294.2K
Harbor Point,2285.0,sqft,8805.0,3,2.0,2.0,1983.0,Yes,2,6,Y,Y,N,,777600.0
Harbor Point,1247.0,sqft,3855.0,2,1.5,1.0,2015.0,No,5,3,Y,Y,N,9.0,$368.8K
Sunridge,1772.0,sqft,2167.0,3,2.0,2.0,1934.0,No,4,8,Y,Y,N,8.0,$146.1K
Old Mill District,1546.0,sqft,5429.0,3,2.0,2.0,1966.0,No,4,5,N,Y,N,9.0,381700.0
Riverside Park,203.7,sqm,6655.0,3,2.0,1.0,1983.0,Yes,2,10,Y,Y,N,6.0,$432.9K
Brookhaven,1438.0,sqft,3455.0,2,1.5,3.0,2015.0,No,3,7,Y,N,N,7.0,$306.2K
Riverside Park,1491.0,sqft,2287.0,3,2.0,1.0,1938.0,No,5,5,Y,Y,N,7.0,197600.0
Sunridge,542.0,sqft,852.0,2,1.5,3.0,1929.0,No,2,7,Y,Y,N,5.0,$48.4K
Harbor Point,897.0,sqft,1127.0,1,1.0,2.0,1937.0,No,5,9,Y,N,N,6.0,$202.0K
Old Mill District,1206.0,sqft,3425.0,1,1.0,1.5,1935.0,No,4,3,Y,N,N,6.0,$254.0K
Northgate,236.1,sqm,3102.0,4,3.0,2.0,1973.0,Yes,3,6,Y,Y,N,5.0,235600.0
Old Mill District,203.4,sqm,7604.0,4,2.5,1.5,1971.0,No,5,5,Y,N,N,6.0,$479.0K
Brookhaven,1473.0,sqft,4591.0,2,1.0,2.0,1940.0,No,4,3,N,Y,Y,6.0,$284.0K
Old Mill District,2946.0,sqft,8134.0,5,4.0,2.0,2003.0,Yes,3,7,Y,N,N,4.0,805600.0
Riverside Park,1334.0,sqft,4351.0,2,1.0,2.5,1994.0,No,3,5,N,Y,N,8.0,214500.0
Brookhaven,2146.0,sqft,2992.0,3,2.5,1.0,1975.0,Yes,2,10,Y,N,N,1.0,470600.0
Sunridge,1945.0,sqft,6664.0,3,2.5,2.0,1977.0,Yes,3,5,Y,N,N,4.0,$193.2K
Northgate,2339.0,sqft,8419.0,3,1.5,2.0,1950.0,Yes,3,7,N,Y,N,2.0,$197.0K
Northgate,1648.0,sqft,2647.0,3,2.0,2.0,1950.0,No,3,9,N,N,N,3.0,$136.1K
Northgate,1707.0,sqft,2804.0,3,2.0,1.0,1924.0,No,5,3,N,Y,N,6.0,119100.0
Sunridge,500.0,sqft,1145.0,1,1.0,1.0,1979.0,Yes,4,8,Y,Y,N,9.0,67100.0
Sunridge,500.0,sqft,958.0,2,1.5,2.0,1944.0,No,4,4,N,Y,N,5.0,45000
Riverside Park,2120.0,sqft,3388.0,3,3.0,2.0,1963.0,No,3,5,N,N,N,5.0,263200.0
Old Mill District,1796.0,sqft,6021.0,2,1.5,2.0,1966.0,No,2,10,N,N,N,5.0,$365.1K
Brookhaven,1443.0,sqft,4911.0,3,2.5,1.0,1926.0,No,3,4,Y,N,N,7.0,234800.0
Brookhaven,1424.0,sqft,2562.0,2,1.5,3.0,1964.0,Yes,5,9,Y,Y,N,10.0,$300.0K
Riverside Park,1111.0,sqft,3160.0,1,1.0,2.0,2022.0,No,5,7,N,,N,6.0,231000.0
Old Mill District,254.6,sqm,7537.0,4,4.0,2.5,1949.0,No,3,4,N,N,N,1.0,535600.0
Maple Grove,1221.0,sqft,2634.0,2,2.0,1.5,1969.0,No,5,5,Y,Y,N,4.0,$182.7K
Cedar Falls,1899.0,sqft,4258.0,3,3.0,2.0,1981.0,Yes,4,7,N,Y,N,7.0,227900.0
Old Mill District,1752.0,sqft,3021.0,2,1.5,1.5,1950.0,No,4,4,N,N,N,6.0,361400.0
Riverside Park,2491.0,sqft,5601.0,4,2.5,1.0,2002.0,No,4,6,Y,N,N,5.0,410900.0
Riverside Park,600.0,sqft,1936.0,1,1.5,1.0,2006.0,Yes,3,7,Y,N,N,7.0,140100.0
Brookhaven,1603.0,sqft,2849.0,3,3.0,1.5,1984.0,No,5,5,Y,Y,N,7.0,$311.0K
Harbor Point,2857.0,sqft,9380.0,5,4.0,2.0,1949.0,No,2,6,Y,N,N,8.0,699400.0
Maple Grove,1197.0,sqft,1578.0,2,1.5,2.0,2013.0,No,5,9,Y,N,N,7.0,$206.1K
Brookhaven,2480.0,sqft,3689.0,3,1.0,2.0,1932.0,No,3,3,Y,Y,N,6.0,437600.0
Cedar Falls,3030.0,sqft,9123.0,4,3.5,1.5,1933.0,No,4,9,N,N,N,6.0,$312.8K
Old Mill District,2098.0,sqft,5978.0,3,2.0,3.0,1957.0,No,3,9,Y,Y,N,5.0,476600.0
Sunridge,2482.0,sqft,7891.0,4,3.5,2.0,2017.0,No,4,4,Y,Y,N,4.0,$318.4K
Northgate,816.0,sqft,2145.0,1,1.0,1.0,1937.0,No,1,4,Y,N,N,6.0,$56.3K
Old Mill District,2073.0,sqft,8069.0,4,3.0,2.0,1995.0,No,4,9,Y,N,N,,561800.0
Riverside Park,2344.0,sqft,5823.0,4,3.0,1.0,1928.0,Yes,5,6,N,N,N,3.0,296600.0
Old Mill District,1527.0,sqft,2828.0,3,2.5,2.0,1996.0,Yes,3,9,Y,N,N,6.0,$482.7K
Sunridge,1078.0,sqft,3313.0,2,1.0,2.0,1994.0,No,4,10,Y,Y,N,4.0,$103.0K
Northgate,545.0,sqft,1711.0,1,1.0,1.5,2000.0,No,1,6,Y,N,N,8.0,$51.6K
Harbor Point,221.1,sqm,7997.0,3,3.0,1.0,1967.0,No,2,4,Y,N,N,5.0,$520.9K
Brookhaven,1954.0,sqft,4917.0,4,2.5,1.0,1953.0,Yes,3,7,N,N,N,5.0,$324.7K
Riverside Park,818.0,sqft,2841.0,1,1.0,3.0,1946.0,No,4,8,Y,N,N,6.0,$107.6K
Cedar Falls,1157.0,sqft,4353.0,2,1.0,3.0,1938.0,No,5,7,Y,N,N,,129700.0
Harbor Point,1329.0,sqft,4757.0,2,2.0,2.0,1951.0,Yes,4,4,Y,N,N,6.0,309900.0
Northgate,2071.0,sqft,2742.0,3,2.5,3.0,1955.0,No,1,8,Y,N,N,7.0,$134.2K
Maple Grove,1309.0,sqft,2939.0,3,1.5,2.0,1957.0,Yes,3,9,Y,N,N,7.0,$188.0K
Old Mill District,172.0,sqm,7202.0,2,2.0,1.5,1926.0,No,3,3,N,N,N,6.0,$271.4K
Cedar Falls,2449.0,sqft,4742.0,4,2.5,2.0,1924.0,No,2,7,Y,Y,N,5.0,$299.5K
Maple Grove,2798.0,sqft,8607.0,4,2.5,2.0,1950.0,No,4,6,Y,Y,N,7.0,383800.0
Maple Grove,2381.0,sqft,6115.0,3,3.5,1.0,1992.0,No,3,3,Y,Y,N,7.0,$324.2K
Maple Grove,2337.0,sqft,2974.0,3,3.0,3.0,1920.0,Yes,4,3,Y,N,N,6.0,$268.4K
Riverside Park,589.0,sqft,1159.0,1,1.5,2.0,2012.0,No,4,3,N,Y,N,6.0,107900.0
Riverside Park,1300.0,sqft,3908.0,1,1.0,2.0,1962.0,No,2,8,N,Y,N,4.0,169100.0
Maple Grove,2910.0,sqft,7070.0,5,3.5,1.0,1962.0,No,3,10,Y,N,N,5.0,362000.0
Harbor Point,3083.0,sqft,7916.0,5,3.5,1.0,1977.0,No,4,8,Y,Y,N,4.0,$849.2K
Cedar Falls,51.9,sqm,1840.0,1,1.0,1.0,1979.0,No,4,4,Y,N,N,4.0,$68.9K
Northgate,1828.0,sqft,6280.0,2,1.0,2.0,1978.0,No,4,7,N,Y,Y,4.0,$171.3K
Harbor Point,1597.0,sqft,6175.0,2,1.5,3.0,2015.0,No,5,3,Y,,N,5.0,401900.0
Brookhaven,1125.0,sqft,2800.0,1,1.5,2.0,1956.0,No,5,6,N,Y,N,9.0,202800.0
Old Mill District,1582.0,sqft,4882.0,3,2.0,1.5,,No,2,4,Y,N,N,6.0,272000.0
Cedar Falls,1463.0,sqft,5534.0,2,1.5,3.0,1927.0,Yes,3,3,Y,N,N,5.0,158600.0
Sunridge,1369.0,sqft,4307.0,2,1.5,2.5,1995.0,No,3,5,Y,N,N,8.0,168300.0
Sunridge,1962.0,sqft,4212.0,4,3.0,2.0,2002.0,No,3,3,Y,Y,N,6.0,192900.0
Old Mill District,2186.0,sqft,6785.0,2,1.0,1.0,2020.0,No,1,6,N,Y,N,4.0,$596.8K
Northgate,1598.0,sqft,5219.0,2,2.0,2.0,1942.0,Yes,1,6,N,Y,N,7.0,$150.1K
Riverside Park,200.4,sqm,8575.0,4,3.5,1.0,1975.0,Yes,2,5,Y,Y,N,5.0,$400.2K
Old Mill District,1484.0,sqft,5345.0,2,1.5,2.0,2003.0,No,3,4,Y,Y,N,8.0,$385.3K
Cedar Falls,2321.0,sqft,5154.0,5,4.0,2.5,2021.0,No,5,5,Y,N,Y,8.0,$327.5K
Cedar Falls,1990.0,sqft,7466.0,3,1.5,1.0,2022.0,No,3,4,Y,N,N,4.0,287600.0
Riverside Park,179.8,sqm,5396.0,3,3.0,2.0,1965.0,No,4,8,Y,Y,N,,304200.0
Sunridge,1400.0,sqft,2127.0,2,2.5,1.0,1997.0,No,3,3,Y,Y,N,8.0,154100.0
Riverside Park,1850.0,sqft,3560.0,2,2.0,2.0,1950.0,No,4,6,Y,N,N,5.0,$261.8K
Brookhaven,1832.0,sqft,4125.0,3,2.5,1.0,1998.0,No,4,5,Y,Y,N,7.0,$428.1K
Cedar Falls,1201.0,sqft,2059.0,3,2.0,2.5,1974.0,No,3,5,Y,Y,N,10.0,184600.0
Harbor Point,1765.0,sqft,4981.0,3,2.5,2.0,1948.0,No,3,6,Y,Y,N,9.0,$431.3K
Maple Grove,869.0,sqft,1730.0,2,1.5,1.0,1964.0,Yes,3,9,N,Y,Y,5.0,155500.0
Harbor Point,210.8,sqm,5336.0,4,3.0,2.0,1940.0,No,5,7,Y,Y,N,6.0,$553.7K
Cedar Falls,102.2,sqm,2883.0,2,1.5,1.0,2013.0,No,4,6,Y,N,N,5.0,$167.5K
Old Mill District,2126.0,sqft,3379.0,4,3.0,1.0,1977.0,Yes,4,4,Y,Y,N,5.0,525000.0
Sunridge,1742.0,sqft,4110.0,2,1.5,2.0,1961.0,Yes,1,10,Y,N,N,7.0,$178.4K
Riverside Park,831.0,sqft,1722.0,1,1.0,2.0,1943.0,No,5,7,Y,N,N,8.0,$129.9K
Old Mill District,1848.0,sqft,2624.0,3,2.5,3.0,1996.0,No,5,10,N,Y,N,6.0,$437.8K
Old Mill District,500.0,sqft,1792.0,1,1.0,2.5,1927.0,Yes,2,8,Y,N,N,7.0,108700.0
Maple Grove,2144.0,sqft,5046.0,4,2.5,2.5,1989.0,Yes,4,7,Y,Y,N,10.0,392400.0
Sunridge,1644.0,sqft,4276.0,3,1.5,2.0,1940.0,No,3,6,Y,N,N,6.0,$148.9K
Old Mill District,1390.0,sqft,3745.0,3,2.0,2.0,1991.0,No,5,8,N,Y,N,7.0,$402.6K
Sunridge,2111.0,sqft,3587.0,3,2.5,2.0,1960.0,Yes,3,10,N,N,Y,5.0,$213.7K
Riverside Park,1802.0,sqft,4975.0,2,1.0,2.0,1980.0,No,5,4,Y,Y,Y,9.0,$293.5K
Harbor Point,1698.0,sqft,2985.0,2,1.0,1.0,1997.0,No,2,9,N,Y,N,6.0,510500.0
Old Mill District,2248.0,sqft,7694.0,3,2.0,1.0,1941.0,No,3,5,Y,N,N,6.0,509500.0
Cedar Falls,294.7,sqm,9657.0,6,5.0,1.0,1971.0,No,5,7,Y,N,N,3.0,$407.3K
Harbor Point,2093.0,sqft,5736.0,4,3.0,2.0,2019.0,No,5,3,Y,N,N,6.0,$568.3K
Maple Grove,2092.0,sqft,4951.0,2,1.0,1.0,2012.0,No,3,5,Y,N,N,6.0,336900.0
Old Mill District,2012.0,sqft,5248.0,3,2.5,2.0,1950.0,No,4,3,Y,N,N,8.0,$433.0K
Old Mill District,1674.0,sqft,4116.0,1,1.0,3.0,2000.0,No,5,7,Y,Y,N,5.0,345600.0
Northgate,188.1,sqm,4676.0,2,1.0,2.0,1921.0,No,2,8,Y,Y,N,7.0,$167.4K
Brookhaven,907.0,sqft,2295.0,1,1.0,1.0,1931.0,Yes,2,6,N,Y,N,5.0,159400.0
Cedar Falls,71.2,sqm,1168.0,2,1.5,2.0,1991.0,No,4,3,Y,Y,N,9.0,$123.2K
Harbor Point,1797.0,sqft,6473.0,2,1.0,2.5,2020.0,No,4,8,N,N,N,5.0,540900.0
Riverside Park,2745.0,sqft,7371.0,3,2.5,1.0,2015.0,No,4,3,Y,N,N,8.0,$512.7K
Brookhaven,1983.0,sqft,3967.0,4,3.0,1.0,1928.0,No,5,8,Y,N,N,6.0,336100.0
Maple Grove,1544.0,sqft,2588.0,2,1.5,1.5,2014.0,Yes,1,8,Y,N,Y,8.0,$305.6K
Brookhaven,1721.0,sqft,5569.0,2,1.5,2.0,1976.0,Yes,2,4,Y,Y,N,9.0,$396.5K
Sunridge,1430.0,sqft,2324.0,2,1.0,2.5,2002.0,No,5,5,Y,N,N,8.0,158900.0
Brookhaven,1638.0,sqft,3860.0,3,3.0,1.5,1984.0,Yes,2,4,Y,Y,N,6.0,423300.0
Maple Grove,1483.0,sqft,2061.0,3,2.5,1.0,1923.0,Yes,4,8,Y,N,N,8.0,187700.0
Old Mill District,2503.0,sqft,5042.0,3,2.5,1.0,1997.0,No,4,10,Y,Y,N,5.0,$654.7K
Riverside Park,1405.0,sqft,3158.0,2,2.0,3.0,1970.0,No,4,8,Y,N,N,5.0,204400.0
Cedar Falls,2153.0,sqft,2938.0,3,2.5,1.0,1932.0,Yes,4,9,Y,N,N,7.0,273100.0
Maple Grove,211.3,sqm,5865.0,4,2.5,2.0,1956.0,Yes,3,3,Y,Y,N,6.0,$344.2K
Sunridge,3379.0,sqft,8061.0,5,4.5,1.0,1949.0,No,3,6,N,,N,,$298.8K
Northgate,1901.0,sqft,4094.0,3,2.5,2.0,1994.0,Yes,1,5,Y,N,N,7.0,232700.0
Riverside Park,1409.0,sqft,4907.0,3,2.0,1.0,2008.0,No,3,6,Y,Y,N,8.0,310900.0
Cedar Falls,1405.0,sqft,5556.0,3,2.5,2.0,1940.0,Yes,4,5,N,Y,N,9.0,183300.0
Cedar Falls,1407.0,sqft,3226.0,2,1.5,2.0,1922.0,No,3,8,N,N,N,5.0,154300.0
Harbor Point,117.0,sqm,2321.0,2,1.5,1.0,2012.0,No,3,5,Y,Y,N,10.0,410300.0
Sunridge,1263.0,sqft,3514.0,2,1.5,1.0,2011.0,No,3,6,Y,Y,Y,6.0,163000.0
Maple Grove,2210.0,sqft,4420.0,3,2.0,2.0,2022.0,No,5,7,Y,Y,N,8.0,397100.0
Cedar Falls,139.3,sqm,5165.0,3,2.5,1.0,2023.0,Yes,4,4,Y,N,N,6.0,$248.2K
Northgate,215.2,sqm,6283.0,3,2.0,2.0,1995.0,No,3,10,N,Y,N,9.0,212200.0
Maple Grove,2182.0,sqft,5238.0,3,2.5,1.0,2013.0,No,4,9,Y,Y,Y,4.0,$395.0K
Old Mill District,2796.0,sqft,7472.0,4,3.0,3.0,1961.0,Yes,4,7,Y,Y,N,4.0,560200.0
Cedar Falls,1285.0,sqft,3218.0,2,1.5,1.0,1954.0,No,3,7,Y,N,N,,$163.9K
Brookhaven,861.0,sqft,1146.0,1,1.0,2.0,1945.0,Yes,4,4,N,Y,N,3.0,$109.8K
Maple Grove,1716.0,sqft,3755.0,3,2.5,2.0,1968.0,No,4,7,Y,N,N,9.0,229200.0
Maple Grove,1644.0,sqft,3090.0,3,2.5,2.5,1987.0,No,2,9,Y,N,N,7.0,232400.0
Brookhaven,1320.0,sqft,3109.0,2,1.5,1.0,1981.0,Yes,2,6,N,N,N,7.0,$244.8K
Harbor Point,1574.0,sqft,4585.0,2,2.0,1.0,2005.0,No,5,7,N,N,N,4.0,413200.0
Harbor Point,1833.0,sqft,7195.0,3,2.0,1.0,1992.0,Yes,5,9,Y,N,Y,7.0,$770.2K
Maple Grove,167.1,sqm,6914.0,2,1.5,1.0,1996.0,No,3,8,Y,N,N,4.0,$240.1K
Old Mill District,2297.0,sqft,6932.0,3,3.5,2.0,2018.0,No,4,6,Y,N,N,6.0,$701.6K
Riverside Park,2671.0,sqft,10515.0,5,3.5,1.0,1921.0,No,2,4,Y,N,N,3.0,366500.0
Sunridge,819.0,sqft,1225.0,1,1.0,3.0,2000.0,No,2,3,N,Y,N,3.0,$71.6K
Northgate,2261.0,sqft,4862.0,4,3.5,2.0,2002.0,Yes,4,4,Y,Y,N,4.0,244500.0
Harbor Point,1336.0,sqft,2554.0,2,2.5,2.0,2010.0,No,3,6,N,Y,N,7.0,$424.2K
Sunridge,1829.0,sqft,4368.0,3,2.0,2.0,1987.0,No,4,6,N,N,N,3.0,$171.8K
Harbor Point,1821.0,sqft,6520.0,3,2.5,2.0,1996.0,Yes,3,5,N,N,N,4.0,$397.0K
Harbor Point,1899.0,sqft,2992.0,2,1.0,2.5,2015.0,No,4,8,N,N,N,8.0,$616.6K
Harbor Point,2318.0,sqft,4396.0,4,2.5,2.5,2014.0,No,4,8,Y,Y,N,2.0,648200.0
Old Mill District,1831.0,sqft,5551.0,2,1.5,1.0,1949.0,No,3,6,Y,Y,N,6.0,$394.0K
Sunridge,1402.0,sqft,2230.0,1,1.0,1.0,2015.0,No,3,7,N,N,N,6.0,$148.4K
Old Mill District,317.9,sqm,8812.0,5,3.5,1.0,1999.0,No,4,4,Y,Y,N,5.0,$766.0K
Brookhaven,1553.0,sqft,1881.0,3,2.5,3.0,1924.0,No,5,3,Y,N,N,5.0,226600.0
Brookhaven,110.1,sqm,2334.0,2,1.0,3.0,1955.0,No,5,6,Y,Y,N,2.0,180800.0
Old Mill District,1468.0,sqft,2047.0,2,2.0,2.0,2020.0,No,1,8,Y,Y,N,6.0,$362.9K
Sunridge,1440.0,sqft,4232.0,3,3.0,1.5,2010.0,No,5,7,Y,N,N,7.0,$182.2K
Sunridge,1047.0,sqft,3774.0,2,1.5,2.0,1932.0,No,3,7,Y,Y,Y,8.0,107200.0
Cedar Falls,2300.0,sqft,6406.0,4,3.0,2.5,2003.0,No,3,8,Y,N,N,3.0,$327.9K
Brookhaven,2030.0,sqft,6043.0,4,2.5,1.0,1959.0,No,5,6,N,N,N,8.0,$307.3K
Cedar Falls,334.7,sqm,11407.0,5,4.0,2.0,1925.0,Yes,5,7,N,N,N,,495800.0
Harbor Point,2315.0,sqft,3701.0,3,1.5,2.0,1920.0,Yes,4,10,Y,Y,N,2.0,$655.8K
Riverside Park,1435.0,sqft,2490.0,2,2.0,1.0,1987.0,No,3,9,N,N,N,6.0,$226.0K
Riverside Park,2563.0,sqft,9925.0,3,2.0,2.0,2006.0,No,3,4,Y,N,N,4.0,408800.0
Cedar Falls,199.5,sqm,8433.0,3,2.5,1.5,2014.0,No,2,7,Y,N,N,8.0,$368.3K
Harbor Point,1198.0,sqft,3132.0,2,2.0,3.0,1998.0,No,4,10,Y,N,N,6.0,357800.0
Brookhaven,2810.0,sqft,10885.0,5,3.5,1.0,1999.0,No,2,6,Y,N,N,6.0,554700.0
Cedar Falls,2163.0,sqft,6947.0,3,1.5,1.0,2002.0,No,1,3,Y,N,N,3.0,$318.4K
Riverside Park,2492.0,sqft,9821.0,5,3.5,1.5,2017.0,No,3,9,Y,N,N,6.0,$486.3K
Riverside Park,2005.0,sqft,4124.0,3,2.5,1.0,2018.0,No,3,4,N,N,N,7.0,362300.0
Old Mill District,2621.0,sqft,9633.0,5,4.0,3.0,1946.0,No,5,8,Y,N,N,9.0,583600.0
Brookhaven,89.9,sqm,3475.0,1,1.0,2.0,1935.0,Yes,3,6,Y,Y,N,5.0,180900.0
Sunridge,244.5,sqm,9731.0,4,3.0,1.0,1927.0,No,5,10,Y,Y,N,4.0,222800.0
Old Mill District,2360.0,sqft,5407.0,3,2.5,1.0,2004.0,No,3,7,Y,N,N,3.0,443000.0
Cedar Falls,2810.0,sqft,4126.0,4,3.0,2.0,1981.0,No,3,8,Y,Y,N,4.0,379500.0
Sunridge,209.2,sqm,4366.0,3,3.5,1.0,1999.0,No,5,9,N,Y,N,5.0,$249.5K
Sunridge,2043.0,sqft,6443.0,3,2.0,2.5,1987.0,No,3,9,N,N,N,7.0,$235.1K
Brookhaven,1267.0,sqft,1824.0,3,3.0,1.0,1950.0,No,5,5,Y,Y,N,6.0,233400.0
Cedar Falls,1592.0,sqft,2151.0,3,2.0,2.0,1941.0,No,2,4,Y,N,N,6.0,$186.8K
Sunridge,2870.0,sqft,7569.0,5,4.5,2.0,1978.0,Yes,3,6,Y,N,N,6.0,$312.0K
Cedar Falls,1657.0,sqft,4595.0,3,2.0,1.0,1932.0,No,2,9,N,N,N,4.0,193200.0
Sunridge,2737.0,sqft,10227.0,4,4.0,1.0,1945.0,No,5,10,Y,N,N,6.0,$325.9K
Maple Grove,1895.0,sqft,4472.0,4,2.5,1.5,1998.0,No,4,8,Y,N,N,3.0,$310.2K
Old Mill District,2585.0,sqft,10003.0,4,3.5,3.0,1955.0,Yes,4,3,Y,N,N,5.0,453000.0
Riverside Park,1896.0,sqft,3695.0,2,2.0,2.0,1981.0,No,3,4,N,N,N,4.0,275300.0
Northgate,1583.0,sqft,2047.0,3,2.5,1.0,2005.0,No,3,7,N,N,N,8.0,142800.0
Riverside Park,115.2,sqm,2616.0,3,2.0,1.0,1990.0,No,4,6,Y,Y,N,6.0,226500.0
Harbor Point,500.0,sqft,969.0,2,1.5,2.0,2020.0,No,5,9,N,Y,Y,6.0,$161.0K
Sunridge,1568.0,sqft,5709.0,2,1.5,2.0,1927.0,No,3,5,Y,Y,N,6.0,$163.7K
Brookhaven,1151.0,sqft,2123.0,2,1.5,1.0,2012.0,No,3,8,Y,Y,N,5.0,$261.7K
Northgate,2183.0,sqft,5537.0,3,2.5,2.0,2019.0,No,4,4,Y,N,N,6.0,$194.5K
Sunridge,557.0,sqft,1501.0,1,1.0,2.0,1989.0,No,3,8,N,Y,N,7.0,$60.0K
Northgate,2106.0,sqft,6006.0,3,2.5,1.0,1926.0,Yes,3,10,Y,Y,Y,4.0,191600.0
Old Mill District,191.2,sqm,7119.0,3,3.0,1.0,2017.0,No,4,8,Y,N,N,10.0,559400.0
Harbor Point,1678.0,sqft,5950.0,3,2.0,2.0,1982.0,No,4,6,Y,N,N,8.0,395600.0
Brookhaven,225.5,sqm,4887.0,4,3.5,2.5,1999.0,No,4,9,Y,N,N,7.0,$491.0K
Cedar Falls,830.0,sqft,1838.0,1,1.0,1.5,,No,3,9,Y,N,N,9.0,98600.0
Brookhaven,1791.0,sqft,2923.0,3,2.5,2.5,1943.0,Yes,3,3,Y,N,Y,8.0,429800.0
Maple Grove,1561.0,sqft,4849.0,2,1.0,2.0,1973.0,No,2,5,Y,N,N,6.0,$215.2K
Northgate,1945.0,sqft,7541.0,3,2.5,2.0,1977.0,No,2,7,N,Y,N,8.0,173800.0
Maple Grove,1041.0,sqft,1528.0,1,2.0,3.0,2016.0,No,5,5,Y,N,N,10.0,$166.2K
Harbor Point,2703.0,sqft,5522.0,4,3.0,2.5,,Yes,3,6,Y,N,N,5.0,761500.0
Old Mill District,146.5,sqm,5458.0,2,1.5,1.0,1923.0,Yes,1,6,N,N,N,3.0,$315.7K
Brookhaven,2192.0,sqft,,4,3.0,1.0,2023.0,No,4,8,Y,Y,N,4.0,$528.0K
Brookhaven,1565.0,sqft,2846.0,2,3.0,1.0,1950.0,Yes,1,5,N,Y,N,8.0,$287.8K
Brookhaven,1980.0,sqft,3965.0,2,2.5,1.0,1979.0,No,4,7,Y,Y,N,7.0,$388.6K
Harbor Point,1143.0,sqft,4514.0,2,1.5,2.0,2013.0,No,3,4,N,Y,N,5.0,$315.4K
Northgate,824.0,sqft,1065.0,1,1.0,2.0,1984.0,Yes,3,8,N,Y,N,5.0,$70.3K
Cedar Falls,1599.0,sqft,3597.0,3,2.5,2.0,1973.0,No,3,7,N,N,N,6.0,$214.0K
Cedar Falls,2063.0,sqft,4300.0,4,4.0,1.5,1955.0,No,5,6,Y,N,N,5.0,$242.1K
Maple Grove,1336.0,sqft,2920.0,2,1.5,1.0,1945.0,Yes,5,6,Y,Y,N,7.0,$182.5K
Harbor Point,2762.0,sqft,9691.0,4,4.0,1.0,1944.0,Yes,4,4,Y,N,N,5.0,654300.0
Northgate,1513.0,sqft,2623.0,3,2.0,1.0,1994.0,No,4,7,Y,N,N,5.0,$137.6K
Harbor Point,500.0,sqft,1011.0,1,1.0,2.5,1930.0,Yes,5,9,Y,Y,N,4.0,130100.0
Maple Grove,1569.0,sqft,3450.0,1,1.0,2.5,1942.0,No,4,8,Y,N,N,6.0,$202.7K
Maple Grove,2322.0,sqft,6375.0,4,3.0,1.0,1985.0,Yes,3,3,Y,Y,N,,294200.0
Brookhaven,256.7,sqm,8761.0,4,3.0,2.0,1954.0,Yes,2,7,Y,N,N,5.0,$544.0K
Riverside Park,2208.0,sqft,8492.0,4,3.0,1.0,1954.0,No,3,8,Y,Y,Y,6.0,423100.0
Old Mill District,227.0,sqm,3823.0,5,3.5,2.0,1961.0,No,2,6,N,N,N,6.0,599900.0
Riverside Park,2124.0,sqft,3640.0,3,2.5,1.0,2002.0,No,3,7,Y,N,N,6.0,$400.2K
Old Mill District,720.0,sqft,1791.0,1,1.0,2.5,1952.0,No,3,6,Y,N,N,10.0,163100.0
Maple Grove,2927.0,sqft,6769.0,4,2.5,1.0,2005.0,No,1,3,Y,N,Y,4.0,486100.0
Sunridge,1437.0,sqft,1981.0,3,3.5,2.0,1926.0,No,3,4,Y,N,N,5.0,109600.0
Sunridge,71.5,sqm,1460.0,1,1.0,1.0,1944.0,No,2,7,Y,N,N,6.0,$71.8K
Maple Grove,259.0,sqm,5308.0,4,4.0,1.0,1926.0,Yes,2,5,Y,N,N,,343400.0
Harbor Point,1804.0,sqft,6982.0,2,1.5,1.5,2012.0,No,4,6,N,N,N,8.0,$544.5K
Northgate,1742.0,sqft,3149.0,3,1.0,1.0,1975.0,No,5,8,Y,Y,N,6.0,149500.0
Sunridge,2145.0,sqft,3877.0,3,2.0,2.0,2019.0,No,2,3,Y,N,N,2.0,$213.1K
Northgate,670.0,sqft,1585.0,1,1.5,3.0,1997.0,No,5,10,Y,Y,N,5.0,77800.0
Old Mill District,1515.0,sqft,3661.0,2,1.5,2.0,1942.0,Yes,4,7,Y,N,N,7.0,$390.0K
Old Mill District,2430.0,sqft,9338.0,4,3.0,2.0,2002.0,No,3,6,N,N,N,,614100.0
Old Mill District,1788.0,sqft,5648.0,2,1.5,2.0,,No,1,3,Y,N,N,5.0,$357.9K
Old Mill District,2306.0,sqft,6843.0,3,2.0,2.5,1930.0,Yes,4,3,Y,Y,Y,6.0,577800.0
Riverside Park,1672.0,sqft,3038.0,3,2.0,1.0,2023.0,Yes,3,8,Y,Y,N,6.0,$316.0K
Cedar Falls,2542.0,sqft,6557.0,3,1.5,1.0,2007.0,No,2,8,Y,N,N,6.0,$368.2K
Sunridge,2304.0,sqft,7511.0,4,3.0,2.0,2010.0,No,3,4,Y,N,Y,,$260.9K
Sunridge,1150.0,sqft,4331.0,2,1.5,1.0,1983.0,Yes,4,9,N,N,N,5.0,127900.0
Harbor Point,1765.0,sqft,5628.0,3,2.0,1.0,1981.0,No,2,9,N,N,N,6.0,$515.2K
Sunridge,260.5,sqm,3912.0,6,4.5,2.5,2014.0,Yes,3,9,N,N,N,9.0,$363.0K
Northgate,1158.0,sqft,3936.0,2,1.5,2.5,1950.0,No,3,8,N,N,N,8.0,$91.8K
Brookhaven,2061.0,sqft,5713.0,4,3.0,1.0,1986.0,No,5,5,Y,N,N,3.0,$323.9K
Brookhaven,1928.0,sqft,5217.0,3,1.5,1.0,1995.0,Yes,3,10,Y,N,N,7.0,450800.0
Cedar Falls,2411.0,sqft,8873.0,4,3.5,1.0,2022.0,No,3,3,Y,N,N,8.0,332500.0
Old Mill District,2420.0,sqft,4937.0,3,2.5,1.0,1953.0,No,3,6,Y,Y,N,8.0,508800.0
Sunridge,1569.0,sqft,4048.0,2,1.5,1.0,1987.0,Yes,5,5,N,Y,N,6.0,$183.0K
Maple Grove,2658.0,sqft,3285.0,4,3.0,1.0,1960.0,Yes,3,7,Y,N,N,3.0,354500.0
Brookhaven,1833.0,sqft,5740.0,3,3.0,1.5,2009.0,No,1,3,Y,Y,N,10.0,420300.0
Northgate,1404.0,sqft,2510.0,2,1.5,1.5,1964.0,No,1,7,N,Y,N,7.0,$106.2K
Sunridge,961.0,sqft,2738.0,1,1.5,2.0,2020.0,No,2,8,Y,N,N,4.0,$115.5K
Northgate,2131.0,sqft,6406.0,3,3.0,1.0,1996.0,No,5,3,N,Y,Y,4.0,$210.3K
Old Mill District,98.1,sqm,2434.0,2,2.0,3.0,1983.0,No,5,10,N,N,N,2.0,$232.0K
Sunridge,290.2,sqm,12020.0,5,4.0,3.0,1971.0,No,2,8,Y,N,N,3.0,$306.6K
Harbor Point,1877.0,sqft,2385.0,3,2.0,2.0,1983.0,No,3,7,N,Y,N,6.0,489800.0
Maple Grove,2395.0,sqft,5815.0,4,3.0,2.5,2007.0,No,5,5,Y,N,N,4.0,$340.9K
Cedar Falls,1942.0,sqft,7116.0,3,2.0,2.0,1993.0,No,4,3,Y,N,N,9.0,$275.6K
Northgate,46.4,sqm,1628.0,1,1.0,1.0,1952.0,No,5,3,Y,Y,N,5.0,$45.0K
Maple Grove,2535.0,sqft,5610.0,4,2.0,1.5,1970.0,No,4,3,N,N,N,9.0,$323.5K
Sunridge,169.1,sqm,3371.0,2,1.5,2.0,1991.0,Yes,4,3,Y,Y,N,6.0,232000.0
Sunridge,2553.0,sqft,9414.0,4,3.0,2.0,1954.0,Yes,4,6,Y,,N,7.0,$251.5K
Sunridge,2363.0,sqft,9271.0,4,4.0,1.5,1968.0,No,5,10,Y,Y,N,4.0,240600.0
Old Mill District,2206.0,sqft,6344.0,3,2.5,3.0,1931.0,Yes,4,10,Y,N,N,5.0,$599.5K
Old Mill District,198.4,sqm,8474.0,3,3.0,2.0,1984.0,Yes,5,3,N,,N,7.0,606000.0
Brookhaven,2272.0,sqft,8429.0,3,2.5,2.5,2012.0,No,4,5,Y,N,N,4.0,$500.2K
Riverside Park,2021.0,sqft,5074.0,3,2.5,2.0,2005.0,No,4,5,Y,N,N,4.0,$306.1K
Old Mill District,229.0,sqm,3473.0,4,3.5,1.0,1964.0,No,4,10,Y,N,N,4.0,$440.3K
Old Mill District,1623.0,sqft,5666.0,2,2.0,2.0,1970.0,No,4,4,Y,Y,N,5.0,314100.0
Riverside Park,2247.0,sqft,4968.0,4,3.5,1.0,1972.0,Yes,3,4,Y,N,N,4.0,374500.0
Old Mill District,2299.0,sqft,6710.0,3,3.0,2.0,2023.0,No,5,7,Y,Y,N,,626500.0
Old Mill District,2185.0,sqft,5238.0,4,3.5,1.5,1969.0,No,2,9,Y,,N,4.0,517400.0
Sunridge,1100.0,sqft,3677.0,2,1.5,1.0,2019.0,No,4,5,Y,N,N,5.0,$133.1K
Old Mill District,2309.0,sqft,6313.0,4,3.0,2.5,1980.0,No,4,9,N,Y,N,5.0,$525.6K
Sunridge,1285.0,sqft,3788.0,1,1.0,3.0,1978.0,Yes,3,7,N,Y,Y,6.0,$134.5K
Cedar Falls,1101.0,sqft,4064.0,2,2.0,3.0,2003.0,No,4,9,Y,Y,N,5.0,174600.0
Riverside Park,885.0,sqft,2460.0,1,1.0,1.0,1923.0,No,4,10,N,Y,N,4.0,147900.0
Maple Grove,2836.0,sqft,10462.0,4,2.0,2.0,1937.0,No,1,8,Y,N,N,5.0,$345.9K
Riverside Park,1524.0,sqft,5487.0,2,1.0,3.0,2012.0,No,3,8,Y,Y,N,5.0,$289.1K
Maple Grove,927.0,sqft,1759.0,1,1.5,2.0,2003.0,No,3,7,Y,Y,N,6.0,$154.1K
Harbor Point,2079.0,sqft,2812.0,3,2.0,3.0,2004.0,No,3,9,Y,Y,N,6.0,$679.3K
Sunridge,2422.0,sqft,8981.0,4,3.0,3.0,,No,3,10,Y,Y,N,6.0,260700.0
Old Mill District,1723.0,sqft,4095.0,3,1.5,1.5,2017.0,Yes,5,7,Y,N,N,4.0,457900.0
Old Mill District,893.0,sqft,1573.0,2,2.0,2.0,1995.0,No,4,7,N,Y,N,,$220.0K
Riverside Park,1306.0,sqft,2285.0,2,1.5,3.0,1989.0,No,5,3,Y,N,N,6.0,$212.6K
Riverside Park,1026.0,sqft,2210.0,2,1.5,2.0,1943.0,No,5,6,N,N,N,5.0,148800.0
Riverside Park,193.2,sqm,3948.0,4,3.0,1.0,1979.0,No,5,7,N,Y,N,8.0,305300.0
Northgate,210.6,sqm,6387.0,4,2.5,2.0,2020.0,No,2,3,Y,N,N,5.0,215100.0
Riverside Park,272.8,sqm,5169.0,5,4.0,2.5,1948.0,No,5,10,Y,N,N,8.0,439400.0
Harbor Point,1770.0,sqft,3524.0,3,1.5,2.0,2017.0,No,2,4,Y,N,N,5.0,521000.0
Northgate,974.0,sqft,1570.0,1,1.0,1.0,1996.0,No,4,8,Y,Y,N,7.0,$100.4K
Maple Grove,243.3,sqm,8523.0,3,2.0,2.0,1980.0,No,3,5,Y,N,N,8.0,$398.1K
Brookhaven,2411.0,sqft,5451.0,4,3.0,2.5,2018.0,No,4,8,N,Y,N,6.0,527300.0
Harbor Point,766.0,sqft,2388.0,2,1.5,1.0,1985.0,Yes,4,4,Y,N,N,6.0,241600.0
Brookhaven,1312.0,sqft,4753.0,3,3.0,2.0,1982.0,Yes,4,9,Y,Y,N,4.0,282300.0
Harbor Point,1986.0,sqft,4196.0,4,3.0,1.0,2010.0,No,2,5,N,N,N,6.0,$550.9K
Maple Grove,852.0,sqft,3066.0,1,1.0,2.0,1990.0,No,5,8,Y,N,N,8.0,129200.0
Sunridge,1810.0,sqft,5968.0,3,2.0,2.0,1949.0,No,2,5,Y,Y,N,8.0,$160.0K
Harbor Point,2134.0,sqft,6637.0,3,2.0,2.0,2021.0,No,3,3,N,,N,5.0,$546.2K
Maple Grove,138.2,sqm,2660.0,2,1.0,2.0,1951.0,No,4,6,Y,Y,N,7.0,$190.4K
Riverside Park,2327.0,sqft,3996.0,3,2.5,2.5,1951.0,No,3,3,Y,N,N,7.0,337700.0
Maple Grove,2295.0,sqft,2851.0,4,3.0,3.0,1956.0,Yes,4,7,N,N,N,7.0,$271.8K
Harbor Point,234.0,sqm,6207.0,4,3.0,3.0,1951.0,No,4,10,Y,N,Y,8.0,705500.0
Maple Grove,1356.0,sqft,5167.0,3,1.5,2.0,1968.0,Yes,3,4,Y,Y,N,6.0,191000.0
Old Mill District,2269.0,sqft,6572.0,4,2.0,1.0,1972.0,No,3,9,N,Y,N,6.0,$541.1K
Cedar Falls,2744.0,sqft,8744.0,4,3.0,2.0,1943.0,Yes,2,6,N,N,N,8.0,301800.0
Brookhaven,2737.0,sqft,4907.0,4,2.5,1.5,1948.0,No,4,10,Y,N,N,6.0,501800.0
Brookhaven,500.0,sqft,1722.0,2,2.5,1.0,1940.0,Yes,3,7,N,N,N,1.0,$77.3K
Cedar Falls,2170.0,sqft,4806.0,3,3.0,3.0,2006.0,No,3,3,Y,N,N,8.0,$307.9K
Riverside Park,2316.0,sqft,6107.0,3,2.5,2.0,1959.0,No,3,10,Y,N,N,8.0,$375.6K
Cedar Falls,1407.0,sqft,3530.0,3,2.0,1.0,2001.0,No,2,3,Y,N,N,,$167.8K
Cedar Falls,2053.0,sqft,3101.0,2,1.0,2.0,1922.0,No,4,3,Y,Y,N,6.0,207700.0
Riverside Park,64.3,sqm,1012.0,1,1.0,1.0,1949.0,No,3,3,Y,N,Y,,96800.0
Maple Grove,789.0,sqft,1556.0,1,1.5,1.0,2014.0,No,3,10,Y,N,N,4.0,$133.0K
Riverside Park,173.0,sqm,6712.0,2,1.0,1.0,1941.0,No,4,8,Y,N,N,9.0,$352.7K
Old Mill District,938.0,sqft,3440.0,1,1.0,2.0,1955.0,Yes,4,6,Y,Y,N,8.0,235000.0
Maple Grove,2477.0,sqft,9311.0,5,3.5,1.0,1922.0,Yes,4,4,Y,N,N,9.0,324300.0
Riverside Park,2582.0,sqft,4727.0,5,3.5,2.0,1977.0,Yes,3,7,Y,Y,N,7.0,438200.0
Cedar Falls,150.0,sqm,6320.0,2,1.0,3.0,1979.0,Yes,2,7,Y,Y,N,3.0,$234.7K
Old Mill District,2026.0,sqft,5280.0,3,2.0,2.0,2018.0,No,3,3,Y,Y,Y,6.0,645900.0
Sunridge,1818.0,sqft,4350.0,3,2.0,1.0,1965.0,No,3,4,N,N,N,4.0,170900.0
Sunridge,2184.0,sqft,3034.0,4,3.5,1.0,1986.0,Yes,1,5,Y,N,N,,252200.0
Riverside Park,2601.0,sqft,7618.0,5,4.0,2.0,1924.0,No,4,5,Y,Y,N,7.0,369100.0
Cedar Falls,2622.0,sqft,3437.0,3,2.5,1.5,2006.0,No,3,4,Y,Y,N,7.0,390700.0
Sunridge,3374.0,sqft,8337.0,5,4.0,1.0,1939.0,No,4,8,Y,Y,N,5.0,$284.0K
Northgate,1165.0,sqft,4148.0,3,2.0,2.5,1975.0,No,3,4,Y,N,N,5.0,$86.4K
Brookhaven,2360.0,sqft,8007.0,4,3.5,1.0,2010.0,No,1,6,N,N,Y,6.0,$527.0K
Old Mill District,2044.0,sqft,3933.0,4,3.5,3.0,1997.0,Yes,4,3,Y,N,N,7.0,510600.0
Riverside Park,1207.0,sqft,1800.0,2,1.5,2.0,2005.0,No,2,10,Y,N,N,5.0,$202.5K
Cedar Falls,808.0,sqft,3003.0,1,1.0,1.0,1955.0,No,5,10,N,N,N,4.0,$102.1K
Harbor Point,1030.0,sqft,3569.0,1,1.5,1.0,1938.0,No,3,7,Y,Y,N,3.0,268800.0
Cedar Falls,1363.0,sqft,3429.0,2,1.5,1.0,1963.0,No,4,5,N,N,N,,$170.1K
Cedar Falls,2081.0,sqft,5751.0,3,2.0,1.0,1951.0,No,4,6,Y,Y,N,8.0,$232.1K
Brookhaven,1971.0,sqft,3500.0,3,2.5,2.0,1925.0,No,3,3,Y,N,N,7.0,$349.8K
Cedar Falls,2227.0,sqft,7133.0,4,4.0,2.5,1989.0,Yes,3,6,Y,,Y,6.0,$346.6K
Sunridge,2106.0,sqft,4718.0,3,2.0,2.0,1976.0,Yes,5,10,Y,Y,N,6.0,270400.0
Harbor Point,1629.0,sqft,5540.0,2,1.5,3.0,1966.0,No,1,10,N,Y,Y,8.0,$471.1K
Old Mill District,2102.0,sqft,5764.0,4,3.0,2.0,1989.0,Yes,3,3,Y,Y,N,9.0,670600.0
Harbor Point,1631.0,sqft,6310.0,3,2.0,1.0,1968.0,No,5,10,Y,,N,6.0,428700.0
Northgate,1882.0,sqft,3287.0,3,2.5,2.0,1936.0,No,3,3,N,N,N,4.0,128600.0
Brookhaven,2536.0,sqft,7024.0,4,3.5,2.0,1981.0,No,2,7,Y,N,N,8.0,$495.7K
Brookhaven,92.3,sqm,3807.0,3,1.0,2.0,1964.0,No,3,9,N,N,N,4.0,151000.0
Riverside Park,1879.0,sqft,4224.0,3,2.5,1.5,1966.0,No,4,10,Y,Y,N,7.0,308200.0
Old Mill District,191.6,sqm,5067.0,4,2.5,2.5,1929.0,Yes,3,3,Y,,N,7.0,370900.0
Brookhaven,1291.0,sqft,5061.0,1,1.5,1.0,1993.0,Yes,3,10,Y,Y,Y,6.0,323700.0
Northgate,2691.0,sqft,10389.0,4,3.0,1.0,1976.0,No,4,6,Y,N,N,6.0,$216.5K
Old Mill District,182.5,sqm,5616.0,4,3.0,2.5,2012.0,No,4,6,Y,N,N,3.0,$545.4K
Brookhaven,1347.0,sqft,5019.0,2,2.0,2.0,,No,3,3,Y,Y,N,4.0,298800.0
Harbor Point,220.5,sqm,3497.0,3,1.5,1.0,1980.0,No,4,10,Y,Y,N,8.0,$677.8K
Sunridge,2902.0,sqft,3770.0,5,4.0,2.0,1984.0,Yes,2,5,Y,N,N,7.0,313200.0
Old Mill District,2767.0,sqft,6002.0,4,3.5,2.0,2016.0,No,3,3,Y,Y,N,6.0,725700.0
Sunridge,2182.0,sqft,3272.0,3,2.0,2.0,2001.0,No,5,4,Y,N,N,6.0,257600.0
Brookhaven,214.2,sqm,4396.0,3,2.5,2.0,1991.0,Yes,3,4,N,N,N,5.0,$491.6K
Brookhaven,2383.0,sqft,8667.0,4,3.0,2.0,2010.0,No,2,3,N,Y,N,7.0,468900.0
Maple Grove,1928.0,sqft,6389.0,2,1.0,2.0,1999.0,No,3,5,Y,Y,N,6.0,$309.7K
Harbor Point,1024.0,sqft,2116.0,2,1.0,2.0,1968.0,No,3,9,N,N,N,3.0,$209.9K
Northgate,1999.0,sqft,3871.0,3,2.5,2.0,1961.0,No,5,5,Y,N,N,6.0,150100.0
Riverside Park,142.0,sqm,5230.0,2,1.0,1.0,1995.0,No,5,6,N,N,N,6.0,$263.3K
Old Mill District,1588.0,sqft,6098.0,2,2.0,2.0,1958.0,Yes,4,9,Y,N,N,8.0,$448.5K
Riverside Park,115.1,sqm,3713.0,3,3.0,2.0,1943.0,Yes,4,4,Y,Y,N,6.0,205500.0
Sunridge,1580.0,sqft,4969.0,3,1.5,1.5,2002.0,No,3,10,Y,N,N,3.0,192400.0
Northgate,1152.0,sqft,3441.0,1,1.0,2.0,2011.0,No,3,8,Y,Y,N,5.0,$117.5K
Sunridge,2296.0,sqft,9064.0,3,3.0,2.5,,No,3,3,Y,N,N,6.0,257500.0
Maple Grove,1855.0,sqft,7220.0,3,2.0,1.0,2006.0,No,3,8,Y,N,N,,244400.0
Northgate,2126.0,sqft,7598.0,3,2.5,2.0,1981.0,No,2,3,Y,N,N,5.0,224800.0
Riverside Park,2447.0,sqft,5542.0,5,4.0,1.0,1929.0,No,3,7,Y,Y,N,6.0,$336.1K
Northgate,1299.0,sqft,2269.0,1,1.0,2.0,2021.0,No,5,4,N,Y,N,4.0,$103.8K
Cedar Falls,797.0,sqft,1359.0,1,1.0,2.0,2013.0,No,2,7,N,Y,N,9.0,125500.0
Harbor Point,1719.0,sqft,4855.0,3,2.0,2.0,2007.0,No,3,3,Y,Y,N,7.0,575900.0
Old Mill District,1346.0,sqft,4884.0,2,2.0,1.5,1951.0,Yes,4,5,Y,Y,N,3.0,294300.0
Northgate,1037.0,sqft,1988.0,1,1.0,1.5,1992.0,Yes,1,9,Y,N,N,,$78.3K
Old Mill District,2183.0,sqft,2786.0,4,3.5,1.0,1982.0,No,5,8,Y,N,N,7.0,$540.7K
Sunridge,1844.0,sqft,3399.0,2,1.0,2.0,1976.0,Yes,2,5,Y,N,N,3.0,129800.0
Old Mill District,2633.0,sqft,3529.0,4,2.5,2.0,1921.0,Yes,2,3,Y,,N,8.0,$545.2K
Old Mill District,836.0,sqft,3086.0,2,1.0,3.0,1962.0,No,3,7,N,Y,N,,182000.0
Harbor Point,2842.0,sqft,5259.0,4,3.0,1.5,1981.0,Yes,4,9,Y,Y,N,8.0,$981.7K
Brookhaven,2871.0,sqft,6603.0,4,3.0,1.5,1938.0,No,3,6,N,N,N,6.0,393800.0
Harbor Point,500.0,sqft,1833.0,1,1.0,3.0,1959.0,No,3,7,Y,N,N,9.0,$132.6K
Sunridge,100.2,sqm,2378.0,3,1.5,3.0,1976.0,No,1,10,Y,N,N,5.0,109600.0
Maple Grove,141.9,sqm,5003.0,2,1.5,1.0,2018.0,No,4,9,N,N,N,,265900.0
Cedar Falls,1973.0,sqft,3814.0,2,1.5,2.0,1938.0,Yes,4,3,Y,N,N,4.0,$202.7K
Brookhaven,216.3,sqm,6346.0,4,2.5,2.5,1989.0,Yes,3,6,N,Y,N,8.0,$506.7K
Harbor Point,236.8,sqm,7101.0,4,3.0,2.0,2004.0,No,3,3,Y,Y,N,6.0,$769.8K
Sunridge,2409.0,sqft,8352.0,4,3.0,1.0,2006.0,No,3,6,Y,Y,N,4.0,$250.1K
Old Mill District,1083.0,sqft,1534.0,2,1.0,1.0,1968.0,Yes,3,10,Y,N,N,5.0,241300.0
Sunridge,1558.0,sqft,3624.0,2,1.5,2.5,1983.0,Yes,4,6,N,N,N,5.0,$159.1K
Brookhaven,2681.0,sqft,9246.0,4,3.0,2.0,1991.0,No,3,10,Y,N,N,5.0,540700.0
Cedar Falls,1505.0,sqft,4984.0,2,1.5,2.0,1955.0,Yes,2,5,Y,Y,N,8.0,205600.0
Northgate,223.4,sqm,7748.0,3,1.5,2.5,1946.0,No,3,6,N,N,N,5.0,$172.2K
Harbor Point,2099.0,sqft,2943.0,3,1.5,1.0,1996.0,Yes,5,6,N,Y,N,6.0,649700.0
Old Mill District,157.8,sqm,5757.0,3,2.0,1.0,1995.0,No,3,3,N,Y,N,,$390.8K
Harbor Point,2472.0,sqft,7877.0,5,4.5,1.0,2014.0,No,5,3,Y,N,N,7.0,737200.0
Sunridge,1249.0,sqft,2813.0,3,2.0,2.0,1972.0,No,3,3,Y,N,N,3.0,92300.0
Old Mill District,1664.0,sqft,6223.0,2,2.0,1.0,1996.0,No,5,10,Y,N,N,5.0,$458.4K
Maple Grove,2471.0,sqft,6536.0,4,3.0,1.5,1963.0,No,2,3,Y,Y,N,6.0,321200.0
Cedar Falls,235.5,sqm,7828.0,4,2.5,3.0,1993.0,No,3,8,Y,N,N,6.0,310500.0
Sunridge,141.4,sqm,,3,3.0,3.0,1927.0,No,3,6,Y,Y,N,6.0,$113.2K
Northgate,942.0,sqft,3675.0,1,1.0,1.0,1931.0,No,5,6,Y,N,N,6.0,77500.0
Sunridge,2246.0,sqft,4302.0,3,2.5,1.5,1945.0,No,2,3,N,N,N,5.0,159800.0
Cedar Falls,1173.0,sqft,2179.0,2,1.5,1.0,1987.0,No,4,3,Y,Y,Y,7.0,$175.9K
Harbor Point,2162.0,sqft,4720.0,4,2.5,2.0,2018.0,No,5,9,Y,N,N,5.0,649800.0
Brookhaven,2017.0,sqft,3606.0,3,2.5,2.0,1935.0,No,4,3,Y,Y,N,7.0,$309.4K
Riverside Park,2247.0,sqft,7733.0,2,1.5,1.0,1934.0,No,4,5,N,Y,N,6.0,308700.0
Riverside Park,2442.0,sqft,4627.0,4,3.0,2.0,1997.0,No,4,4,N,N,N,5.0,367200.0
Harbor Point,500.0,sqft,970.0,1,1.0,1.5,1969.0,No,4,6,Y,Y,N,3.0,$108.8K
Riverside Park,2391.0,sqft,8805.0,3,2.5,1.0,1964.0,Yes,5,3,N,Y,N,5.0,372800.0
Brookhaven,722.0,sqft,1425.0,1,1.0,2.0,1966.0,Yes,4,10,Y,N,N,4.0,148900.0
Maple Grove,1383.0,sqft,1931.0,2,1.0,3.0,2006.0,Yes,1,8,Y,Y,N,8.0,$195.7K
Northgate,1804.0,sqft,3864.0,3,3.5,2.5,,No,5,8,N,Y,N,5.0,$138.3K
Brookhaven,1772.0,sqft,6644.0,4,3.5,1.0,1987.0,No,3,3,Y,N,N,3.0,329600.0
Old Mill District,594.0,sqft,1159.0,1,1.0,2.0,1981.0,Yes,3,4,Y,N,N,8.0,$146.0K
Cedar Falls,1338.0,sqft,3187.0,2,1.0,2.5,1959.0,No,3,4,Y,N,N,5.0,$133.5K
Cedar Falls,2913.0,sqft,4063.0,5,4.0,1.0,2005.0,No,4,5,Y,N,N,4.0,$346.9K
Riverside Park,132.6,sqm,5354.0,2,2.0,1.0,2018.0,No,1,4,Y,N,N,,219500.0
Maple Grove,1834.0,sqft,4980.0,2,1.0,3.0,2000.0,No,5,10,Y,N,N,7.0,283900.0
Sunridge,1984.0,sqft,2489.0,3,2.5,2.5,2001.0,No,4,10,Y,N,N,6.0,217900.0
Sunridge,1671.0,sqft,4753.0,2,1.0,2.0,,Yes,3,10,Y,Y,N,4.0,$169.8K
Maple Grove,2167.0,sqft,4646.0,2,2.0,1.0,1923.0,No,3,4,N,N,N,4.0,229500.0
Cedar Falls,1747.0,sqft,3631.0,3,2.0,2.0,1991.0,No,5,8,Y,N,N,5.0,$230.3K
Old Mill District,2361.0,sqft,7738.0,4,2.5,1.0,1941.0,No,4,6,Y,N,N,5.0,504700.0
Brookhaven,1873.0,sqft,6647.0,4,2.5,2.0,1981.0,Yes,5,7,N,Y,N,4.0,416000.0
Maple Grove,695.0,sqft,2385.0,1,1.0,2.0,2021.0,No,5,6,N,N,N,6.0,$105.6K
Harbor Point,2105.0,sqft,5984.0,3,1.5,2.5,1943.0,Yes,4,5,N,Y,N,7.0,501500.0
Sunridge,1704.0,sqft,6023.0,3,2.0,1.0,1998.0,No,5,10,Y,N,N,5.0,180300.0
Sunridge,970.0,sqft,2695.0,2,1.5,1.5,1925.0,No,4,4,Y,Y,N,7.0,$96.8K
Riverside Park,2630.0,sqft,6776.0,5,2.5,1.0,1952.0,No,1,7,Y,Y,N,4.0,$361.1K
Harbor Point,1661.0,sqft,5024.0,1,1.0,2.0,1988.0,No,3,9,N,N,N,,$405.7K
Old Mill District,1570.0,sqft,6125.0,3,1.5,1.0,2006.0,No,5,8,Y,N,N,7.0,498300.0
Harbor Point,83.1,sqm,2208.0,1,1.0,1.0,1921.0,No,5,3,N,Y,N,6.0,188000.0
Sunridge,2175.0,sqft,7387.0,3,2.5,3.0,1996.0,Yes,2,7,Y,Y,N,6.0,$244.2K
Harbor Point,803.0,sqft,1920.0,1,1.0,2.0,1985.0,Yes,3,5,N,N,N,5.0,$202.8K
Sunridge,1448.0,sqft,5592.0,3,2.0,2.0,1950.0,Yes,1,4,Y,N,N,4.0,$111.7K
Northgate,2412.0,sqft,5996.0,4,3.0,2.0,1949.0,No,4,4,Y,Y,N,4.0,$186.1K
Brookhaven,1705.0,sqft,4215.0,2,1.0,1.0,2019.0,No,2,10,N,N,Y,5.0,433800.0
Old Mill District,2260.0,sqft,5794.0,4,3.5,2.5,1935.0,No,5,8,N,N,N,1.0,$474.8K
Sunridge,2079.0,sqft,3718.0,3,1.5,1.0,2008.0,No,3,7,N,N,N,6.0,$236.9K
Old Mill District,1513.0,sqft,3369.0,2,1.0,2.0,2018.0,No,3,10,Y,Y,N,5.0,$481.4K
Riverside Park,1504.0,sqft,5766.0,3,3.0,1.0,2013.0,Yes,3,3,Y,Y,N,5.0,$333.9K
Riverside Park,1467.0,sqft,5346.0,1,1.0,2.0,2003.0,No,4,5,N,Y,Y,6.0,313700.0
Riverside Park,2434.0,sqft,3158.0,3,2.5,1.0,1981.0,No,2,5,Y,Y,N,5.0,402600.0
Northgate,1077.0,sqft,3441.0,1,1.0,1.0,1997.0,No,5,10,Y,N,N,,$122.7K
Riverside Park,1623.0,sqft,2476.0,2,1.5,2.0,1984.0,No,3,6,Y,N,N,5.0,297400.0
Maple Grove,2223.0,sqft,7480.0,3,1.5,2.5,1948.0,No,4,3,Y,Y,N,7.0,263300.0
Maple Grove,1777.0,sqft,6019.0,3,3.5,1.0,1962.0,Yes,2,9,Y,Y,N,8.0,265200.0
Brookhaven,2310.0,sqft,4845.0,4,3.0,3.0,2000.0,No,4,10,Y,N,N,5.0,454800.0
Brookhaven,763.0,sqft,1592.0,1,1.0,1.0,1976.0,No,3,8,Y,Y,N,5.0,$162.2K
Cedar Falls,1259.0,sqft,3482.0,1,1.0,1.0,2015.0,No,5,9,Y,N,N,8.0,$237.6K
Northgate,2495.0,sqft,6387.0,4,3.0,1.0,1970.0,No,4,8,Y,Y,N,,241800.0
Old Mill District,1176.0,sqft,1450.0,2,1.5,2.0,1950.0,No,4,6,Y,N,N,3.0,$220.8K
Old Mill District,1395.0,sqft,4541.0,3,1.5,1.0,1963.0,Yes,2,6,Y,N,N,8.0,287200.0
Cedar Falls,2075.0,sqft,7578.0,4,2.5,1.5,1943.0,Yes,3,7,Y,N,N,5.0,$269.3K
Harbor Point,2917.0,sqft,11571.0,5,4.0,3.0,1954.0,No,1,10,Y,N,N,3.0,$650.1K
Northgate,1863.0,sqft,5730.0,3,1.5,1.0,1936.0,No,4,5,Y,Y,Y,10.0,178800.0
Old Mill District,500.0,sqft,1078.0,1,1.0,2.0,1986.0,No,4,3,Y,N,N,6.0,119600.0
Riverside Park,1222.0,sqft,2167.0,3,2.5,1.5,1959.0,No,5,7,N,Y,N,6.0,199300.0
Harbor Point,2630.0,sqft,6627.0,5,4.0,2.0,1995.0,Yes,4,10,Y,Y,N,8.0,968300.0
Northgate,1289.0,sqft,3044.0,3,2.5,3.0,2006.0,No,3,10,Y,Y,N,5.0,$133.3K
Old Mill District,1018.0,sqft,1461.0,1,1.0,1.0,2007.0,No,2,5,N,N,N,9.0,$245.2K
Riverside Park,2151.0,sqft,4113.0,4,3.0,2.0,1991.0,No,3,4,Y,Y,N,4.0,$367.4K
Old Mill District,198.2,sqm,5306.0,3,2.0,1.5,1966.0,Yes,4,6,N,Y,N,4.0,$456.6K
Northgate,2275.0,sqft,7936.0,3,2.0,1.0,1920.0,Yes,2,7,N,Y,N,7.0,219700.0
Sunridge,958.0,sqft,3028.0,1,1.5,2.0,1980.0,Yes,4,3,Y,Y,N,6.0,$85.1K
Cedar Falls,914.0,sqft,1687.0,1,1.0,2.0,1936.0,No,3,6,Y,N,N,8.0,102300.0
Brookhaven,2223.0,sqft,4113.0,3,2.5,3.0,1927.0,No,5,3,Y,Y,N,5.0,309600.0
Sunridge,158.7,sqm,6436.0,3,2.0,2.5,1933.0,No,5,7,Y,N,N,,$161.5K
Cedar Falls,1277.0,sqft,4949.0,2,1.0,2.0,1954.0,Yes,4,9,Y,Y,N,6.0,$158.8K
Maple Grove,215.8,sqm,4332.0,4,2.5,1.0,1950.0,No,1,8,Y,N,N,4.0,$256.7K
Brookhaven,745.0,sqft,1289.0,2,1.5,2.0,1989.0,No,3,5,Y,Y,N,3.0,$141.8K
Northgate,2489.0,sqft,8982.0,3,2.5,1.5,1931.0,No,3,9,Y,Y,Y,7.0,251100.0
Cedar Falls,1514.0,sqft,3883.0,2,1.5,1.0,2021.0,Yes,3,7,N,N,N,4.0,222700.0
Harbor Point,1683.0,sqft,4140.0,3,2.5,1.0,2007.0,No,5,4,N,Y,N,7.0,$514.0K
Sunridge,1323.0,sqft,2417.0,1,1.5,2.0,2002.0,No,1,3,N,N,N,,$112.0K
Brookhaven,2229.0,sqft,6382.0,4,3.0,1.0,,No,3,4,Y,Y,N,4.0,$432.5K
Harbor Point,1451.0,sqft,4317.0,2,1.5,1.0,1922.0,No,3,7,Y,N,N,5.0,288400.0
Maple Grove,2845.0,sqft,10274.0,4,3.0,1.0,2002.0,No,3,5,N,Y,N,,$425.5K
Harbor Point,257.3,sqm,10615.0,5,4.5,1.0,1968.0,No,3,4,Y,N,N,7.0,644800.0
Riverside Park,1509.0,sqft,2208.0,2,2.5,1.0,1958.0,No,3,6,Y,N,N,9.0,$225.5K
Cedar Falls,2709.0,sqft,8505.0,3,2.5,1.5,1969.0,No,4,8,Y,Y,N,4.0,$376.8K
Old Mill District,1766.0,sqft,6526.0,2,1.5,2.5,1933.0,No,3,9,Y,Y,N,7.0,$372.6K
Cedar Falls,2226.0,sqft,5266.0,5,3.5,1.0,1972.0,Yes,2,7,Y,N,N,6.0,$291.8K
Brookhaven,1884.0,sqft,,3,1.0,1.5,1966.0,No,3,6,Y,N,N,6.0,340000.0
Sunridge,2158.0,sqft,5362.0,3,3.0,2.0,1952.0,Yes,3,8,Y,Y,N,6.0,$194.5K
Harbor Point,1925.0,sqft,6249.0,2,2.0,2.0,1948.0,No,3,6,Y,Y,N,4.0,$430.7K
Maple Grove,173.2,sqm,4120.0,3,2.0,1.0,1975.0,No,4,3,Y,N,N,6.0,$229.5K
Sunridge,864.0,sqft,3412.0,1,1.0,1.5,1922.0,No,4,8,N,N,N,9.0,$79.4K
Northgate,2047.0,sqft,7286.0,3,2.0,2.0,1979.0,Yes,2,10,Y,Y,N,4.0,$246.9K
Riverside Park,1357.0,sqft,4763.0,2,1.0,1.5,1954.0,Yes,5,9,Y,N,N,4.0,$209.6K
Sunridge,1853.0,sqft,6119.0,3,2.0,2.5,1976.0,No,2,5,Y,N,N,3.0,179400.0
Maple Grove,2860.0,sqft,8980.0,4,3.5,3.0,1941.0,No,3,3,Y,N,N,9.0,335100.0
Northgate,179.0,sqm,3991.0,3,1.5,2.5,1997.0,No,4,9,Y,Y,N,6.0,$177.9K
Sunridge,2021.0,sqft,2477.0,3,1.5,1.0,2005.0,Yes,3,9,N,N,Y,10.0,300100.0
Sunridge,750.0,sqft,1622.0,1,2.0,1.0,1939.0,No,3,5,N,N,N,4.0,$45.0K
Brookhaven,1787.0,sqft,5813.0,3,2.5,2.5,1947.0,No,3,9,N,Y,N,5.0,$265.6K
Brookhaven,1279.0,sqft,2937.0,2,1.5,2.0,1993.0,Yes,4,7,Y,N,N,5.0,253000.0
Cedar Falls,1353.0,sqft,4674.0,2,1.5,1.5,1965.0,Yes,2,4,Y,N,N,7.0,178300.0
Northgate,1375.0,sqft,5129.0,2,1.5,2.0,1929.0,No,5,10,Y,N,Y,,105400.0
Old Mill District,2891.0,sqft,8846.0,4,3.0,1.5,,No,4,3,Y,N,Y,7.0,828400.0
Northgate,1803.0,sqft,4549.0,4,3.5,2.5,1922.0,No,3,10,N,N,N,7.0,142700.0
Old Mill District,1938.0,sqft,4727.0,3,2.5,1.0,2010.0,Yes,2,8,Y,N,N,,$671.4K
Sunridge,1679.0,sqft,2175.0,3,2.0,1.0,1972.0,Yes,2,4,N,Y,N,7.0,149000.0
Sunridge,919.0,sqft,3039.0,1,1.0,2.0,2014.0,No,2,4,Y,N,N,7.0,$94.8K
Riverside Park,2036.0,sqft,4750.0,2,1.5,2.0,1942.0,No,4,8,Y,N,N,6.0,$295.1K
Brookhaven,2400.0,sqft,4659.0,3,3.0,2.0,1963.0,No,5,10,Y,Y,N,10.0,557500.0
Maple Grove,1977.0,sqft,5179.0,2,1.0,1.0,1941.0,No,3,8,Y,N,N,,$259.4K
Sunridge,2607.0,sqft,6016.0,3,2.5,1.5,1939.0,Yes,4,6,Y,N,Y,8.0,$275.5K
Maple Grove,155.8,sqm,3907.0,3,1.5,1.0,2006.0,No,4,10,Y,Y,N,5.0,314300.0
Cedar Falls,1888.0,sqft,3267.0,2,1.5,2.0,1951.0,Yes,1,10,Y,Y,N,6.0,$256.0K
Old Mill District,500.0,sqft,1324.0,1,2.0,2.5,1950.0,No,3,3,N,Y,N,3.0,90300.0
Northgate,3096.0,sqft,9148.0,6,5.0,2.0,1975.0,No,3,8,Y,Y,N,10.0,$285.9K
Harbor Point,1889.0,sqft,6743.0,3,2.0,1.0,1948.0,No,5,10,Y,N,N,6.0,511900.0
Brookhaven,2242.0,sqft,3358.0,3,2.0,3.0,1998.0,No,3,9,Y,N,N,7.0,478100.0
Sunridge,156.4,sqm,4483.0,3,2.0,1.0,1980.0,No,3,6,Y,N,N,3.0,158800.0
Cedar Falls,1907.0,sqft,5127.0,4,3.0,2.0,1947.0,Yes,4,5,Y,Y,N,5.0,218000.0
Cedar Falls,501.0,sqft,1116.0,1,1.0,1.0,2011.0,No,3,5,Y,N,N,,$65.4K
Cedar Falls,1967.0,sqft,5835.0,2,2.5,2.0,2005.0,No,3,4,N,Y,N,6.0,235900.0
Maple Grove,737.0,sqft,1858.0,1,1.0,2.0,1931.0,No,4,6,Y,N,Y,8.0,118900.0
Brookhaven,2129.0,sqft,3070.0,3,2.0,1.5,1941.0,Yes,5,9,N,,N,6.0,$337.8K
Brookhaven,245.2,sqm,3765.0,4,3.5,2.5,1943.0,No,3,3,N,Y,N,6.0,$405.7K
Cedar Falls,2189.0,sqft,5956.0,3,3.0,1.0,1920.0,Yes,2,7,Y,Y,N,5.0,245800.0
Sunridge,2755.0,sqft,8988.0,5,4.0,2.0,1922.0,Yes,3,4,Y,,N,7.0,269700.0
Cedar Falls,1378.0,sqft,2367.0,2,1.5,3.0,2003.0,No,4,4,Y,Y,N,6.0,$201.1K
Riverside Park,250.1,sqm,6533.0,4,3.5,2.0,1967.0,Yes,4,8,N,N,N,7.0,453100.0
Maple Grove,1449.0,sqft,4950.0,2,1.5,1.5,1999.0,No,3,7,N,Y,N,2.0,183600.0
Sunridge,707.0,sqft,1911.0,1,2.0,2.0,1987.0,No,3,5,Y,N,N,7.0,$67.6K
Harbor Point,237.8,sqm,10222.0,4,3.5,2.5,2021.0,No,2,8,N,N,N,6.0,$938.1K
Cedar Falls,2889.0,sqft,8718.0,4,3.0,3.0,1939.0,Yes,3,3,N,N,N,8.0,$349.2K
Cedar Falls,2256.0,sqft,8927.0,4,2.5,2.5,1967.0,Yes,3,7,N,N,N,7.0,$291.9K
Harbor Point,1182.0,sqft,3641.0,2,1.5,1.0,1925.0,No,5,8,Y,N,N,7.0,263300.0
Riverside Park,2593.0,sqft,8872.0,3,2.5,1.0,1939.0,No,2,5,N,N,N,9.0,424700.0
Sunridge,2285.0,sqft,4691.0,4,2.5,2.0,1971.0,No,4,5,N,N,N,5.0,184600.0
Sunridge,1528.0,sqft,3245.0,3,3.0,1.5,2000.0,No,4,7,Y,N,N,4.0,$150.4K
Brookhaven,2514.0,sqft,7891.0,4,3.5,1.0,1995.0,No,4,10,N,Y,N,3.0,439600.0
Maple Grove,247.8,sqm,5447.0,4,2.5,2.5,2014.0,No,4,5,Y,Y,Y,8.0,$426.5K
Northgate,3372.0,sqft,10302.0,5,4.0,3.0,1963.0,Yes,4,7,Y,N,N,1.0,322100.0
Riverside Park,1052.0,sqft,3820.0,2,2.5,1.0,2021.0,Yes,3,6,N,Y,N,4.0,$204.6K
Northgate,229.0,sqm,4948.0,4,4.0,1.0,1978.0,No,5,4,N,Y,N,6.0,$198.6K
Maple Grove,1920.0,sqft,3247.0,3,1.5,2.0,1996.0,No,4,4,Y,N,N,7.0,290200.0
Cedar Falls,500.0,sqft,1899.0,1,1.0,1.0,1980.0,No,3,8,N,Y,N,3.0,$48.8K
Sunridge,1529.0,sqft,2165.0,3,2.0,2.0,1927.0,Yes,1,5,Y,Y,N,5.0,143700.0
Riverside Park,2090.0,sqft,2595.0,2,2.0,1.0,1990.0,Yes,4,8,Y,N,Y,4.0,387200.0
Cedar Falls,2032.0,sqft,3335.0,3,1.5,3.0,1925.0,Yes,2,7,Y,Y,N,2.0,$248.3K
Harbor Point,2221.0,sqft,5232.0,3,2.5,2.0,2023.0,No,3,7,Y,N,N,8.0,611300.0
Northgate,2285.0,sqft,8283.0,3,3.0,1.0,1967.0,Yes,3,3,Y,Y,N,5.0,215100.0
Northgate,2909.0,sqft,11337.0,5,4.0,3.0,2016.0,No,5,7,Y,N,N,4.0,308500.0
Maple Grove,2840.0,sqft,7824.0,4,3.5,2.0,,Yes,1,7,Y,N,N,7.0,512100.0
Maple Grove,1383.0,sqft,3257.0,2,2.0,2.0,2019.0,No,4,3,Y,N,Y,6.0,$248.1K
Northgate,1257.0,sqft,2565.0,2,2.0,1.0,1969.0,Yes,3,10,Y,N,Y,8.0,134600.0
Cedar Falls,1954.0,sqft,4188.0,2,1.5,2.0,1957.0,No,5,8,Y,Y,N,7.0,276900.0
Maple Grove,2299.0,sqft,9096.0,4,4.0,2.0,1968.0,Yes,5,5,Y,N,N,5.0,355800.0
Harbor Point,2018.0,sqft,3557.0,3,3.0,2.5,1952.0,No,2,10,Y,N,N,8.0,$599.3K
Sunridge,2300.0,sqft,6376.0,3,2.5,2.5,1938.0,No,3,3,N,Y,N,8.0,197300.0
Sunridge,708.0,sqft,2747.0,2,1.0,3.0,2008.0,No,4,9,N,N,N,4.0,$78.1K
Cedar Falls,736.0,sqft,1561.0,1,1.0,1.5,1951.0,Yes,5,9,Y,Y,N,10.0,$111.5K
Northgate,500.0,sqft,1257.0,1,1.0,2.5,1993.0,No,5,3,N,N,N,6.0,$45.0K
Harbor Point,1940.0,sqft,,4,3.0,2.0,2014.0,No,2,5,Y,Y,Y,6.0,543400.0
Harbor Point,2366.0,sqft,3593.0,3,3.0,2.0,1993.0,Yes,3,4,N,N,N,6.0,$624.7K
Maple Grove,701.0,sqft,1597.0,1,1.0,2.5,1957.0,No,4,6,N,Y,N,9.0,$92.9K
Sunridge,1677.0,sqft,5418.0,3,3.0,2.0,1948.0,Yes,2,9,Y,Y,N,4.0,154800.0
Old Mill District,3328.0,sqft,13118.0,6,3.5,2.0,1945.0,No,4,9,N,N,N,8.0,668000.0
Sunridge,2291.0,sqft,3475.0,3,1.5,2.0,1946.0,No,3,5,N,Y,N,6.0,$204.1K
Northgate,266.3,sqm,5032.0,4,2.5,2.5,1979.0,No,4,3,Y,N,N,3.0,246000.0
Northgate,261.5,sqm,8386.0,5,4.0,1.0,2022.0,No,3,3,Y,N,N,7.0,$321.5K
Harbor Point,1374.0,sqft,3799.0,2,1.5,1.0,1987.0,No,3,5,Y,N,N,,$348.3K
Old Mill District,165.2,sqm,3494.0,3,1.5,1.5,1963.0,Yes,3,7,N,Y,N,10.0,403100.0
Cedar Falls,2185.0,sqft,6134.0,3,2.5,3.0,1962.0,No,3,5,N,Y,N,8.0,$314.1K
Sunridge,153.7,sqm,4123.0,2,1.5,2.0,1923.0,No,4,10,Y,N,N,7.0,168200.0
Cedar Falls,1155.0,sqft,3890.0,2,1.5,2.0,1955.0,No,5,9,Y,N,N,7.0,158800.0
Harbor Point,254.0,sqm,6343.0,5,3.5,1.0,1941.0,No,4,6,Y,N,N,8.0,$698.3K
Sunridge,1540.0,sqft,3323.0,2,1.5,1.0,2017.0,No,3,8,Y,Y,N,7.0,200000.0
Maple Grove,3217.0,sqft,11672.0,5,2.5,1.0,1970.0,Yes,5,6,Y,N,N,2.0,$484.1K
Sunridge,2172.0,sqft,7874.0,4,3.5,1.0,1939.0,Yes,4,5,Y,N,N,7.0,$226.0K
Cedar Falls,2574.0,sqft,8591.0,4,3.5,1.0,2015.0,No,4,8,Y,Y,N,9.0,$394.0K
Maple Grove,1338.0,sqft,4581.0,2,1.0,2.0,1969.0,Yes,1,8,Y,N,N,8.0,$248.1K
Sunridge,1290.0,sqft,2162.0,2,1.0,1.0,1977.0,Yes,3,5,N,Y,N,9.0,138500.0
Cedar Falls,107.2,sqm,2539.0,1,1.0,2.5,2013.0,No,3,5,Y,N,N,9.0,152500.0
Cedar Falls,2017.0,sqft,8010.0,4,3.5,2.0,2000.0,No,2,7,Y,Y,N,6.0,$294.1K
Northgate,199.1,sqm,5722.0,5,3.0,1.0,2018.0,No,3,9,Y,N,N,8.0,250800.0
Old Mill District,1914.0,sqft,5286.0,2,1.5,2.0,1974.0,No,4,6,Y,N,N,4.0,$464.1K
Sunridge,777.0,sqft,1548.0,1,1.5,1.0,2022.0,No,3,7,N,N,N,5.0,$85.7K
Sunridge,1399.0,sqft,2273.0,3,2.5,1.0,2020.0,No,4,5,Y,Y,N,10.0,190900.0
Old Mill District,1259.0,sqft,3942.0,2,1.5,1.0,1950.0,Yes,4,7,N,N,N,7.0,308700.0
Sunridge,1084.0,sqft,2427.0,2,1.0,1.5,1973.0,No,3,8,Y,N,N,7.0,118500.0
Riverside Park,798.0,sqft,2477.0,2,2.0,2.5,1932.0,No,4,7,Y,Y,N,6.0,122900.0
Riverside Park,246.0,sqm,4047.0,5,4.0,1.0,1928.0,No,3,6,Y,N,N,,370100.0
Brookhaven,1965.0,sqft,7375.0,4,3.5,3.0,1995.0,No,2,9,Y,Y,N,5.0,$400.9K
Northgate,250.9,sqm,5336.0,4,3.5,1.0,2007.0,No,3,8,N,N,N,,$252.8K
Brookhaven,2230.0,sqft,5981.0,4,3.0,1.5,1955.0,Yes,1,8,Y,N,Y,5.0,485600.0
Old Mill District,1652.0,sqft,4325.0,2,1.0,1.5,1995.0,No,3,3,N,Y,N,6.0,$357.0K
Riverside Park,1344.0,sqft,4700.0,3,2.5,2.5,1927.0,Yes,3,10,Y,Y,Y,5.0,$225.6K
Cedar Falls,170.8,sqm,5491.0,2,1.5,2.0,1923.0,No,5,4,Y,Y,N,6.0,203900.0
Old Mill District,2324.0,sqft,8757.0,3,2.0,3.0,1944.0,Yes,3,3,Y,N,N,4.0,$487.9K
Brookhaven,205.1,sqm,7655.0,3,2.0,2.0,1946.0,No,3,7,Y,N,N,8.0,$364.1K
Harbor Point,1416.0,sqft,4631.0,3,1.0,2.0,2013.0,No,5,7,Y,N,N,5.0,$427.6K
Sunridge,215.6,sqm,4058.0,2,1.5,1.0,2013.0,No,3,6,Y,N,N,6.0,278800.0
Old Mill District,1233.0,sqft,3805.0,1,1.0,1.5,1968.0,Yes,3,7,Y,N,N,,$280.2K
Cedar Falls,216.1,sqm,8436.0,3,2.0,2.0,1931.0,Yes,5,5,N,N,N,4.0,$229.6K
Cedar Falls,2206.0,sqft,4584.0,3,2.5,1.0,1938.0,Yes,3,3,Y,N,N,4.0,$190.3K
Brookhaven,1889.0,sqft,2940.0,3,2.5,1.0,1935.0,No,3,7,Y,N,N,3.0,304100.0
Northgate,2460.0,sqft,6878.0,3,2.5,2.0,1983.0,Yes,1,5,Y,N,Y,6.0,$266.1K
Harbor Point,1827.0,sqft,3033.0,3,1.5,1.0,1929.0,No,5,10,Y,N,N,,$486.6K
Northgate,839.0,sqft,2410.0,2,1.0,1.0,1957.0,Yes,4,10,Y,N,N,,87700.0
Old Mill District,1162.0,sqft,3072.0,1,1.0,1.0,1948.0,Yes,2,5,Y,N,N,7.0,$274.1K
Harbor Point,160.2,sqm,4743.0,1,1.0,1.0,1976.0,Yes,2,6,Y,Y,N,7.0,462100.0
Riverside Park,1699.0,sqft,4157.0,2,1.0,3.0,1937.0,No,4,8,N,Y,N,3.0,$252.9K
Old Mill District,187.7,sqm,3378.0,3,2.0,2.0,1972.0,Yes,5,9,Y,N,Y,8.0,616000.0
Riverside Park,1789.0,sqft,5529.0,2,1.5,1.0,2020.0,No,4,4,Y,Y,Y,9.0,$426.1K
Sunridge,190.5,sqm,4455.0,3,2.5,1.0,1969.0,No,5,10,N,Y,N,6.0,235300.0
Cedar Falls,4110.0,sqft,13872.0,7,5.5,1.0,1952.0,No,4,5,Y,,Y,8.0,$619.2K
Old Mill District,100.2,sqm,4206.0,1,1.5,2.0,1964.0,No,1,3,Y,N,N,5.0,227100.0
Maple Grove,2359.0,sqft,5025.0,3,1.5,1.0,1992.0,Yes,5,10,Y,N,N,8.0,$404.8K
Riverside Park,154.4,sqm,3729.0,2,1.0,1.0,1997.0,No,4,4,Y,N,N,1.0,241600.0
Old Mill District,2002.0,sqft,4573.0,3,2.0,2.0,1924.0,No,4,7,Y,N,N,4.0,424000.0
Old Mill District,2045.0,sqft,5583.0,3,2.0,2.5,1980.0,No,5,3,Y,N,N,10.0,553300.0
Sunridge,2629.0,sqft,8429.0,4,4.0,2.0,1980.0,No,4,8,Y,Y,N,,265600.0
Maple Grove,1062.0,sqft,4224.0,2,2.0,2.0,2007.0,No,3,8,Y,Y,N,5.0,203500.0
Cedar Falls,2424.0,sqft,3636.0,4,3.0,1.0,1983.0,Yes,5,10,Y,Y,N,4.0,$366.9K
Harbor Point,1536.0,sqft,4340.0,3,2.5,1.0,2018.0,No,5,7,Y,N,N,6.0,$507.2K
Cedar Falls,1084.0,sqft,3138.0,3,1.5,2.0,2015.0,Yes,5,4,N,,N,5.0,$144.7K
Northgate,135.0,sqm,1975.0,3,2.0,2.0,2012.0,No,3,10,Y,N,N,6.0,$135.6K
Brookhaven,1103.0,sqft,2712.0,3,2.0,1.0,1928.0,No,3,10,Y,N,N,2.0,$168.3K
Maple Grove,2671.0,sqft,6967.0,4,2.0,2.0,1974.0,Yes,5,9,Y,Y,N,6.0,$463.7K
Harbor Point,1809.0,sqft,2313.0,3,2.5,2.5,1956.0,No,4,6,Y,N,N,9.0,441800.0
Riverside Park,2927.0,sqft,8617.0,6,5.5,2.0,1998.0,Yes,4,9,Y,Y,N,4.0,555000.0
Brookhaven,1898.0,sqft,,3,2.0,1.0,2011.0,No,4,7,Y,Y,N,5.0,$426.6K
Cedar Falls,2158.0,sqft,3277.0,3,2.5,2.0,1961.0,No,5,9,Y,N,N,7.0,$314.4K
Cedar Falls,2255.0,sqft,2886.0,3,2.5,1.0,1942.0,Yes,4,7,Y,,N,8.0,315200.0
Brookhaven,170.8,sqm,5653.0,2,1.5,3.0,1971.0,No,2,5,Y,N,N,5.0,$367.2K
Maple Grove,1940.0,sqft,7540.0,4,2.0,1.0,2009.0,No,3,6,Y,N,N,6.0,305600.0
Northgate,1562.0,sqft,5318.0,2,2.0,1.5,1939.0,No,4,10,Y,N,N,7.0,$126.5K
Cedar Falls,1010.0,sqft,2932.0,2,1.0,3.0,1967.0,No,3,5,Y,Y,N,4.0,112800.0
Sunridge,1103.0,sqft,2395.0,2,1.0,2.0,1955.0,No,5,3,Y,Y,N,6.0,$101.7K
Old Mill District,112.4,sqm,3487.0,2,1.0,1.0,1931.0,No,4,4,Y,N,N,7.0,$232.5K
Old Mill District,1658.0,sqft,4047.0,2,2.0,2.0,1946.0,Yes,4,3,Y,,N,4.0,$332.8K
Riverside Park,671.0,sqft,1500.0,1,1.0,1.0,1932.0,Yes,2,7,Y,N,N,6.0,110600.0
Brookhaven,500.0,sqft,800.0,1,1.0,2.0,2016.0,No,5,5,N,N,N,7.0,100000.0
Cedar Falls,1617.0,sqft,2439.0,3,2.0,3.0,2011.0,No,5,7,N,N,N,6.0,$246.5K
Riverside Park,2046.0,sqft,,3,2.5,1.0,2001.0,No,5,10,N,,N,5.0,381600.0
Old Mill District,2123.0,sqft,3586.0,3,2.5,2.0,1953.0,No,3,10,Y,N,N,6.0,454300.0
Maple Grove,1673.0,sqft,3936.0,2,2.5,1.5,1961.0,No,5,5,N,Y,N,6.0,209300.0
Sunridge,1219.0,sqft,4015.0,2,1.5,1.0,2006.0,No,5,8,Y,N,Y,,$162.4K
Brookhaven,3270.0,sqft,12148.0,5,4.0,1.0,1954.0,No,2,7,Y,Y,N,7.0,605400.0
Riverside Park,1564.0,sqft,2163.0,3,2.5,2.5,1989.0,No,5,6,Y,Y,N,2.0,270900.0
Old Mill District,3130.0,sqft,4956.0,4,2.0,2.0,1941.0,No,5,7,N,N,N,8.0,580000.0
Northgate,192.2,sqm,2974.0,2,1.0,3.0,1931.0,No,4,5,Y,Y,N,6.0,$156.8K
Maple Grove,1319.0,sqft,3410.0,2,1.0,2.0,1998.0,No,4,7,Y,N,N,8.0,208700.0
Maple Grove,500.0,sqft,955.0,1,1.0,2.0,1933.0,No,3,8,Y,Y,N,,61300.0
Maple Grove,1745.0,sqft,4620.0,2,2.5,1.5,1998.0,Yes,1,6,Y,N,N,4.0,233300.0
Cedar Falls,1524.0,sqft,3749.0,3,3.0,2.0,1966.0,No,3,3,Y,N,N,6.0,$201.7K
Old Mill District,1852.0,sqft,6652.0,3,1.5,1.0,2017.0,Yes,3,8,N,,N,7.0,561200.0
Cedar Falls,2061.0,sqft,4089.0,3,1.5,3.0,1933.0,No,3,3,Y,N,N,3.0,$213.4K
Riverside Park,2457.0,sqft,6928.0,5,3.5,2.0,2012.0,No,3,7,Y,,N,5.0,376900.0
Cedar Falls,1197.0,sqft,2482.0,2,1.5,1.0,1950.0,No,4,10,Y,Y,N,4.0,140000.0
Maple Grove,1826.0,sqft,3917.0,2,1.0,2.0,1941.0,No,3,10,Y,N,N,5.0,211100.0
Harbor Point,1763.0,sqft,6375.0,3,2.5,2.0,2012.0,No,3,3,Y,N,N,8.0,$582.6K
Brookhaven,2377.0,sqft,2984.0,4,2.5,1.5,2004.0,No,4,6,N,N,N,6.0,530000.0
Harbor Point,2525.0,sqft,6831.0,4,2.0,1.0,2003.0,No,4,10,Y,N,N,7.0,$788.6K
Riverside Park,1968.0,sqft,5490.0,3,2.5,3.0,1963.0,Yes,2,7,Y,Y,N,6.0,352100.0
Old Mill District,894.0,sqft,2280.0,1,1.0,3.0,1951.0,No,4,3,N,Y,N,4.0,$175.8K
Harbor Point,2481.0,sqft,9544.0,4,3.5,3.0,1982.0,Yes,4,6,Y,N,N,7.0,$876.4K
Sunridge,2950.0,sqft,5073.0,5,3.0,2.0,1994.0,No,4,5,Y,N,N,2.0,$261.3K
Harbor Point,277.7,sqm,7472.0,5,4.0,2.0,1959.0,Yes,4,9,N,N,N,7.0,727300.0
Cedar Falls,2760.0,sqft,9263.0,4,2.5,2.0,2008.0,No,1,6,Y,N,N,5.0,$356.1K
Maple Grove,2047.0,sqft,7288.0,3,1.0,3.0,1936.0,Yes,5,3,N,N,N,10.0,248900.0
Sunridge,2017.0,sqft,4871.0,3,2.5,2.5,1980.0,Yes,3,9,Y,N,N,8.0,207900.0
Sunridge,3100.0,sqft,4416.0,4,3.5,2.0,2021.0,No,5,5,N,N,N,7.0,$337.8K
Northgate,743.0,sqft,1319.0,1,1.5,2.0,1937.0,No,4,7,Y,N,Y,6.0,$64.4K
Old Mill District,1995.0,sqft,2712.0,2,1.0,1.5,1964.0,Yes,5,7,N,,N,6.0,$488.7K
Riverside Park,2094.0,sqft,7700.0,3,1.5,2.0,1935.0,No,4,3,N,N,N,8.0,$287.1K
Sunridge,1799.0,sqft,4656.0,2,1.0,1.5,1985.0,No,5,8,N,Y,N,7.0,$191.9K
Brookhaven,1399.0,sqft,5097.0,2,1.0,3.0,1965.0,Yes,3,3,Y,Y,N,9.0,$328.3K
Maple Grove,221.1,sqm,3825.0,5,4.0,2.0,1984.0,Yes,4,8,Y,Y,N,3.0,$403.6K
Brookhaven,680.0,sqft,826.0,1,1.0,2.0,2013.0,No,3,8,Y,N,N,9.0,158500.0
Old Mill District,232.1,sqm,9792.0,4,3.0,1.0,1990.0,No,2,3,N,N,N,4.0,$579.7K
Brookhaven,1708.0,sqft,6255.0,3,1.5,2.0,2016.0,No,5,3,Y,N,N,7.0,$368.6K
Northgate,2598.0,sqft,6094.0,4,3.0,2.0,1999.0,No,2,10,N,N,N,8.0,$239.0K
Cedar Falls,2073.0,sqft,6375.0,4,4.0,3.0,1938.0,No,2,7,N,,N,6.0,243500.0
Old Mill District,1894.0,sqft,2345.0,2,1.5,1.0,1972.0,Yes,2,5,Y,N,N,7.0,$524.7K
Cedar Falls,2175.0,sqft,4882.0,3,2.5,1.0,2012.0,No,3,5,Y,N,N,7.0,305400.0
Harbor Point,206.0,sqm,2695.0,2,2.5,1.0,2017.0,No,1,5,Y,N,N,4.0,610400.0
Old Mill District,1849.0,sqft,3002.0,3,3.0,1.5,1987.0,No,5,3,N,Y,N,3.0,$402.2K
Harbor Point,2786.0,sqft,5084.0,4,3.5,2.0,2022.0,No,4,8,Y,N,N,3.0,$1010.0K
Brookhaven,2040.0,sqft,5360.0,3,1.5,3.0,2007.0,No,1,4,N,N,N,6.0,431900.0
Brookhaven,2684.0,sqft,6793.0,5,3.5,1.5,1998.0,No,3,9,Y,N,N,4.0,558800.0
Cedar Falls,1833.0,sqft,6049.0,2,1.5,1.0,1998.0,No,1,9,Y,N,N,6.0,$262.1K
Harbor Point,1164.0,sqft,2898.0,3,2.0,2.0,1946.0,Yes,5,7,Y,Y,N,7.0,296600.0
Maple Grove,1508.0,sqft,3013.0,3,2.5,1.0,1946.0,Yes,4,8,Y,N,N,6.0,196700.0
Cedar Falls,1298.0,sqft,3623.0,2,2.0,1.0,1993.0,Yes,2,7,Y,N,N,5.0,$181.8K
Riverside Park,1390.0,sqft,4492.0,2,1.5,1.0,1928.0,Yes,3,5,N,N,N,7.0,$217.7K
Brookhaven,1839.0,sqft,,3,2.5,2.0,1977.0,No,4,5,N,Y,N,5.0,392800.0
Northgate,1313.0,sqft,4957.0,2,2.0,2.0,1978.0,Yes,5,3,Y,Y,N,3.0,$112.7K
Northgate,2229.0,sqft,7642.0,5,4.0,1.0,1986.0,No,5,4,N,Y,N,6.0,213000.0
Cedar Falls,2162.0,sqft,3011.0,3,2.5,1.0,1972.0,No,5,4,N,N,N,4.0,269100.0
Maple Grove,1865.0,sqft,3609.0,2,1.0,2.5,1946.0,No,2,7,Y,Y,N,4.0,207300.0
Sunridge,61.4,sqm,800.0,1,1.0,1.0,1979.0,No,3,6,Y,N,N,,64300.0
Riverside Park,680.0,sqft,2029.0,1,1.0,1.5,1967.0,No,5,6,Y,N,N,6.0,104800.0
Sunridge,1566.0,sqft,5599.0,2,2.0,1.0,1924.0,No,3,10,N,N,N,,139400.0
Cedar Falls,192.6,sqm,5280.0,3,2.5,1.0,2022.0,Yes,4,9,Y,,N,6.0,334400.0
Sunridge,1036.0,sqft,3099.0,2,1.5,2.0,1927.0,No,4,5,Y,Y,Y,7.0,$99.2K
Old Mill District,1039.0,sqft,2545.0,2,2.0,2.0,2012.0,No,3,3,Y,Y,Y,5.0,298400.0
Brookhaven,1111.0,sqft,4431.0,3,2.5,2.5,1927.0,No,2,6,N,Y,N,4.0,$155.3K
Brookhaven,1376.0,sqft,3525.0,3,2.5,1.0,1972.0,No,4,5,N,N,N,4.0,$200.2K
Old Mill District,1021.0,sqft,3266.0,1,1.5,1.0,1947.0,No,3,3,Y,Y,N,5.0,191100.0
Old Mill District,1638.0,sqft,3162.0,2,2.0,1.0,1950.0,No,3,6,Y,N,N,6.0,375200.0
Brookhaven,161.4,sqm,3901.0,2,1.0,2.0,1973.0,Yes,3,4,Y,Y,N,5.0,316000.0
Northgate,1430.0,sqft,4958.0,3,2.0,2.0,1927.0,No,5,9,Y,,N,9.0,$110.4K
Harbor Point,2075.0,sqft,6199.0,3,2.0,3.0,1951.0,No,2,10,Y,Y,N,6.0,411700.0
Maple Grove,3369.0,sqft,13119.0,5,4.0,2.0,1983.0,No,3,10,Y,N,N,5.0,$504.2K
Cedar Falls,1517.0,sqft,4076.0,2,1.5,1.0,1942.0,No,4,4,Y,N,N,5.0,167600.0
Cedar Falls,1906.0,sqft,6759.0,4,3.5,1.5,1925.0,No,3,5,Y,Y,N,9.0,231700.0
Maple Grove,157.1,sqm,4879.0,4,2.5,2.0,1966.0,No,1,4,Y,N,N,7.0,233800.0
Harbor Point,1225.0,sqft,4593.0,3,2.5,3.0,1997.0,No,4,8,N,Y,N,5.0,$288.0K
Old Mill District,964.0,sqft,1524.0,2,1.5,2.0,1931.0,No,2,10,Y,Y,N,5.0,$201.3K
Old Mill District,141.3,sqm,3542.0,3,3.0,2.0,2014.0,Yes,3,6,Y,Y,N,4.0,$441.6K
Maple Grove,1539.0,sqft,5602.0,3,2.0,2.0,1969.0,Yes,3,5,Y,N,N,6.0,184500.0
Brookhaven,1591.0,sqft,4286.0,2,2.0,1.0,1981.0,Yes,4,4,Y,Y,N,6.0,$367.0K
Cedar Falls,1678.0,sqft,5446.0,3,1.5,2.0,1959.0,No,3,4,Y,Y,Y,5.0,$236.9K
Brookhaven,2354.0,sqft,7069.0,4,3.0,2.0,1938.0,Yes,2,4,Y,N,N,7.0,460700.0
Northgate,2201.0,sqft,5844.0,4,3.5,2.0,1969.0,No,3,3,Y,N,N,6.0,$145.3K
Northgate,1108.0,sqft,1523.0,1,1.0,1.0,1998.0,No,3,8,Y,Y,Y,9.0,$114.8K
Old Mill District,2028.0,sqft,4375.0,3,3.5,2.5,1933.0,No,3,4,Y,N,N,5.0,$368.1K
Brookhaven,145.5,sqm,2649.0,2,1.5,2.0,2001.0,No,3,9,Y,N,N,6.0,$369.7K
Cedar Falls,216.4,sqm,6850.0,4,3.0,3.0,,No,5,6,Y,Y,N,7.0,$351.6K
Brookhaven,1654.0,sqft,4054.0,2,1.5,1.0,1992.0,No,3,8,N,N,N,9.0,317500.0
Maple Grove,173.7,sqm,2364.0,2,2.0,2.5,,No,1,8,N,Y,N,10.0,$227.1K
Northgate,500.0,sqft,1858.0,1,1.0,2.0,1930.0,Yes,2,6,Y,N,N,7.0,45000
Maple Grove,2675.0,sqft,10378.0,4,3.5,1.0,2019.0,No,2,3,Y,Y,N,3.0,$372.3K
Harbor Point,142.3,sqm,4408.0,2,1.0,1.5,1984.0,Yes,4,9,Y,N,N,6.0,$543.0K
Sunridge,696.0,sqft,2609.0,2,2.0,2.5,2015.0,No,4,7,N,N,N,3.0,78800.0
Northgate,2077.0,sqft,8201.0,4,3.0,2.0,1946.0,Yes,5,8,Y,N,N,6.0,178300.0
Riverside Park,2017.0,sqft,7443.0,3,3.0,3.0,1997.0,Yes,3,7,Y,N,N,5.0,362000.0
Harbor Point,1939.0,sqft,4481.0,3,2.5,2.0,1928.0,No,3,6,Y,N,N,6.0,453200.0
Harbor Point,1298.0,sqft,4280.0,2,1.5,1.0,2001.0,No,2,9,Y,N,N,10.0,$417.1K
Harbor Point,1398.0,sqft,3898.0,3,3.0,2.0,1945.0,No,2,9,Y,N,N,6.0,$333.6K
Riverside Park,2275.0,sqft,,4,3.5,1.5,1988.0,No,4,5,N,N,N,7.0,$409.3K
Brookhaven,1320.0,sqft,3865.0,1,1.5,1.5,1942.0,Yes,2,6,Y,Y,N,3.0,$188.3K
Old Mill District,2744.0,sqft,5072.0,5,2.0,1.0,2000.0,No,3,10,N,N,N,5.0,725600.0
Cedar Falls,1343.0,sqft,2619.0,2,1.5,2.0,2022.0,No,2,8,Y,N,Y,4.0,243700.0
Old Mill District,1123.0,sqft,2030.0,2,1.5,2.0,1950.0,Yes,4,4,Y,,N,9.0,$235.8K
Northgate,1704.0,sqft,4331.0,3,2.0,1.5,1933.0,No,4,4,Y,Y,N,8.0,$138.6K
Old Mill District,1862.0,sqft,6387.0,4,2.0,1.0,1986.0,No,5,5,Y,Y,N,5.0,$474.3K
Sunridge,500.0,sqft,1773.0,2,1.0,1.0,2008.0,No,2,3,N,N,N,6.0,58100.0
Northgate,1596.0,sqft,4415.0,3,3.0,2.0,2019.0,No,4,4,Y,N,N,8.0,$175.4K
Old Mill District,1296.0,sqft,1969.0,2,1.0,2.5,1997.0,No,3,6,Y,Y,N,4.0,278600.0
Harbor Point,1788.0,sqft,3131.0,2,3.0,1.0,1988.0,Yes,3,5,Y,Y,N,8.0,$517.2K
Sunridge,942.0,sqft,3237.0,2,2.0,1.0,1958.0,No,3,4,Y,Y,N,2.0,65700.0
Harbor Point,2314.0,sqft,6757.0,4,2.5,3.0,1978.0,No,4,5,Y,Y,N,8.0,529400.0
Riverside Park,1969.0,sqft,6856.0,3,2.0,1.0,1933.0,No,4,8,N,Y,Y,7.0,$315.5K
Riverside Park,1986.0,sqft,6377.0,3,2.5,1.0,1980.0,Yes,5,6,Y,N,N,6.0,$349.4K
Riverside Park,2256.0,sqft,7927.0,3,2.0,2.0,1930.0,No,5,6,Y,Y,N,4.0,$310.6K
Riverside Park,1827.0,sqft,5076.0,3,2.5,1.5,1948.0,No,3,10,N,N,N,5.0,239000.0
Harbor Point,2839.0,sqft,11055.0,4,2.5,1.0,1933.0,No,2,8,N,,N,7.0,$677.1K
Brookhaven,122.3,sqm,1726.0,1,1.0,3.0,1938.0,No,2,4,Y,N,N,5.0,$191.9K
Brookhaven,55.7,sqm,2129.0,1,1.5,3.0,1977.0,Yes,4,8,Y,,Y,6.0,$148.7K
Riverside Park,1351.0,sqft,3898.0,3,3.0,2.0,1971.0,Yes,3,6,Y,N,N,4.0,191000.0
Sunridge,2126.0,sqft,7815.0,4,3.5,1.0,1953.0,No,1,9,Y,N,N,10.0,237000.0
Cedar Falls,2690.0,sqft,5151.0,4,4.0,3.0,1988.0,No,4,5,Y,N,N,6.0,358100.0
Brookhaven,1637.0,sqft,6228.0,3,2.5,2.5,2022.0,No,3,10,Y,N,N,4.0,$376.0K
Brookhaven,1723.0,sqft,4419.0,3,2.0,1.0,1939.0,Yes,3,4,Y,Y,N,6.0,$310.3K
Brookhaven,277.0,sqm,4258.0,4,2.5,2.0,1972.0,No,3,6,N,Y,N,5.0,$537.7K
Cedar Falls,1256.0,sqft,4312.0,3,2.0,2.0,2007.0,No,3,8,Y,N,N,4.0,$172.9K
Maple Grove,2468.0,sqft,4502.0,4,4.0,1.0,1938.0,No,4,8,Y,N,Y,3.0,$304.8K
Cedar Falls,1957.0,sqft,4413.0,4,4.0,3.0,1942.0,No,1,8,N,N,N,3.0,$195.9K
Harbor Point,2171.0,sqft,,3,2.5,2.5,2017.0,No,5,3,Y,N,Y,5.0,599500.0
Harbor Point,2497.0,sqft,5286.0,3,2.5,1.5,1943.0,No,3,8,N,Y,Y,7.0,633400.0
Northgate,2115.0,sqft,8129.0,3,2.0,1.5,1972.0,Yes,2,3,Y,Y,N,6.0,194600.0
Harbor Point,2157.0,sqft,8266.0,3,2.5,2.0,2011.0,Yes,4,4,Y,N,N,8.0,750900.0
Old Mill District,1374.0,sqft,2361.0,2,1.0,1.0,1980.0,No,2,8,N,Y,N,4.0,$279.4K
Harbor Point,1415.0,sqft,1932.0,2,1.5,1.0,2004.0,No,4,3,Y,Y,N,3.0,386000.0
Harbor Point,189.1,sqm,5304.0,4,2.5,2.0,1986.0,No,4,5,Y,N,Y,7.0,640200.0
Cedar Falls,102.8,sqm,3861.0,1,1.0,1.0,1948.0,Yes,3,8,Y,N,N,4.0,146500.0
Harbor Point,2403.0,sqft,5258.0,2,1.0,2.0,1940.0,No,3,6,Y,N,N,6.0,573200.0
Cedar Falls,291.2,sqm,5908.0,4,3.5,1.0,1989.0,No,3,10,N,Y,N,6.0,$481.3K
Old Mill District,2227.0,sqft,5086.0,3,3.0,3.0,2009.0,Yes,1,8,N,N,N,4.0,615200.0
Riverside Park,2260.0,sqft,7501.0,3,2.0,2.0,1954.0,No,3,8,N,N,Y,7.0,$439.6K
Sunridge,1999.0,sqft,2907.0,3,2.0,3.0,1978.0,No,2,5,N,N,N,4.0,169900.0
Harbor Point,2498.0,sqft,4567.0,3,1.5,1.0,1964.0,Yes,3,3,Y,N,N,4.0,579500.0
Riverside Park,1370.0,sqft,3801.0,3,2.5,1.0,1961.0,Yes,2,9,Y,N,N,4.0,207800.0
Sunridge,166.6,sqm,5630.0,4,3.0,2.0,1983.0,No,5,5,Y,N,N,6.0,$195.5K
Old Mill District,2144.0,sqft,3465.0,3,1.5,1.0,1963.0,No,5,5,Y,N,N,5.0,482100.0
Old Mill District,1836.0,sqft,5896.0,3,3.0,2.0,1973.0,Yes,2,3,Y,N,N,6.0,424800.0
Harbor Point,1603.0,sqft,4179.0,2,1.5,1.0,1924.0,Yes,4,7,N,Y,N,8.0,$373.7K
Sunridge,1328.0,sqft,4807.0,2,1.0,1.5,1995.0,No,3,5,Y,N,N,6.0,132500.0
Harbor Point,2011.0,sqft,5630.0,3,2.5,2.5,2020.0,No,3,4,Y,Y,N,5.0,578800.0
Northgate,1649.0,sqft,4798.0,3,2.5,1.0,1962.0,No,4,8,N,Y,N,8.0,$138.8K
Sunridge,168.1,sqm,6872.0,3,3.0,2.0,1997.0,No,4,9,Y,N,N,5.0,211600.0
Old Mill District,2055.0,sqft,5348.0,2,2.0,1.0,1960.0,No,5,4,Y,N,N,,465400.0
Maple Grove,2407.0,sqft,7001.0,3,1.5,1.0,2005.0,No,4,6,Y,Y,N,8.0,401400.0
Cedar Falls,1247.0,sqft,,3,2.0,1.0,1990.0,No,3,3,N,Y,N,8.0,$167.5K
Maple Grove,1565.0,sqft,4729.0,3,2.5,2.0,1983.0,Yes,2,10,N,Y,N,6.0,$213.2K
Cedar Falls,2828.0,sqft,9835.0,4,2.0,1.0,1997.0,Yes,5,5,N,Y,N,6.0,$450.9K
Brookhaven,1603.0,sqft,3424.0,2,2.0,1.0,1965.0,Yes,3,4,N,Y,N,4.0,292200.0
Riverside Park,2108.0,sqft,3512.0,4,3.0,2.0,1924.0,No,1,10,Y,N,N,8.0,$271.9K
Brookhaven,1628.0,sqft,3583.0,2,2.0,1.0,2002.0,No,4,8,Y,N,N,3.0,296600.0
Brookhaven,1534.0,sqft,3505.0,3,2.5,2.0,2013.0,No,4,9,N,Y,N,6.0,$355.2K
Northgate,247.4,sqm,4274.0,4,3.0,3.0,1930.0,No,4,10,N,N,N,4.0,$168.6K
Cedar Falls,2195.0,sqft,8606.0,5,3.5,2.0,1932.0,Yes,4,5,Y,N,N,7.0,$252.4K
Brookhaven,1760.0,sqft,6053.0,3,2.5,1.0,1930.0,No,3,8,Y,Y,N,4.0,$259.0K
Harbor Point,1162.0,sqft,3748.0,1,1.0,1.0,2021.0,No,4,5,Y,N,N,6.0,$310.4K
Cedar Falls,1614.0,sqft,5644.0,3,1.5,1.5,1952.0,No,4,10,N,Y,N,,$212.9K
Maple Grove,2395.0,sqft,8906.0,4,3.5,2.0,1927.0,No,4,9,Y,N,N,3.0,$301.5K
Maple Grove,1993.0,sqft,6521.0,4,3.0,1.0,1960.0,Yes,5,5,Y,N,N,5.0,$245.5K
Cedar Falls,92.6,sqm,3965.0,2,1.0,2.5,1950.0,No,3,4,Y,Y,N,8.0,$126.0K
Brookhaven,1604.0,sqft,5698.0,3,1.5,1.0,1941.0,No,2,4,N,N,N,7.0,$241.8K
Riverside Park,2026.0,sqft,7495.0,3,2.5,1.5,2013.0,No,4,4,N,Y,N,7.0,357000.0
Harbor Point,1196.0,sqft,3413.0,2,1.0,2.0,1941.0,No,3,5,N,N,N,10.0,314100.0
Sunridge,2067.0,sqft,2930.0,2,1.5,1.0,1927.0,No,4,10,Y,Y,N,7.0,$162.4K
Old Mill District,2128.0,sqft,7772.0,3,2.0,2.5,1992.0,No,3,10,Y,N,N,5.0,$544.1K
Brookhaven,1883.0,sqft,2646.0,3,2.5,2.5,1945.0,No,4,5,Y,N,N,7.0,305900.0
Old Mill District,72.6,sqm,2733.0,1,1.5,2.0,1942.0,No,4,5,Y,N,N,8.0,191900.0
Old Mill District,1876.0,sqft,4249.0,3,1.0,1.0,2000.0,No,5,5,N,Y,N,,543100.0
Old Mill District,2822.0,sqft,8439.0,5,4.0,3.0,2004.0,No,3,6,Y,,N,7.0,748800.0
Riverside Park,182.8,sqm,4364.0,2,1.5,2.5,2009.0,No,5,8,Y,N,N,,306900.0
Riverside Park,500.0,sqft,1115.0,1,1.0,1.0,1984.0,Yes,4,3,Y,Y,N,8.0,102600.0
Old Mill District,2094.0,sqft,3707.0,2,2.0,2.5,2013.0,No,2,8,Y,N,N,5.0,539100.0
Riverside Park,521.0,sqft,1798.0,2,1.5,2.0,1943.0,No,4,10,Y,Y,N,7.0,$75.2K
Cedar Falls,1973.0,sqft,6467.0,3,3.5,2.0,1925.0,No,4,10,Y,Y,N,6.0,$207.6K
Sunridge,102.8,sqm,2264.0,3,2.0,1.0,1935.0,No,4,6,N,N,N,8.0,$94.3K
Cedar Falls,2880.0,sqft,8117.0,5,4.0,1.0,2007.0,No,3,10,Y,N,N,7.0,476700.0
Brookhaven,1980.0,sqft,6205.0,3,3.0,2.0,1971.0,Yes,4,6,N,N,N,5.0,409800.0
Sunridge,1510.0,sqft,6036.0,3,1.5,1.0,2016.0,No,3,7,Y,N,N,5.0,$162.2K
Maple Grove,2594.0,sqft,8928.0,4,3.0,2.0,1975.0,Yes,3,10,Y,N,N,5.0,399100.0
Old Mill District,1712.0,sqft,4323.0,2,1.5,2.0,1945.0,No,4,6,N,N,N,8.0,$332.1K
Northgate,1722.0,sqft,2942.0,3,2.0,2.0,1993.0,No,2,9,Y,N,N,8.0,$147.7K
Riverside Park,1812.0,sqft,3978.0,3,2.5,3.0,1928.0,Yes,4,5,Y,Y,N,,347900.0
Sunridge,178.5,sqm,7545.0,3,2.5,2.0,1984.0,No,4,9,Y,N,N,7.0,216900.0
Harbor Point,160.3,sqm,2804.0,3,2.5,2.5,1964.0,No,3,4,Y,N,N,3.0,387800.0
Old Mill District,2262.0,sqft,5097.0,4,3.5,1.0,1955.0,No,5,4,Y,Y,N,8.0,442200.0
Riverside Park,1674.0,sqft,5983.0,2,1.0,2.0,2003.0,No,4,6,Y,Y,N,6.0,319400.0
Harbor Point,1662.0,sqft,2004.0,2,2.0,3.0,1930.0,Yes,2,5,Y,Y,N,9.0,447500.0
Old Mill District,100.2,sqm,3271.0,2,1.0,3.0,1947.0,No,3,6,Y,Y,N,,$256.8K
Sunridge,1930.0,sqft,7265.0,3,2.5,3.0,1993.0,Yes,4,7,Y,Y,N,7.0,$195.2K
Old Mill District,1429.0,sqft,2730.0,2,2.5,1.0,2015.0,No,5,10,Y,N,N,7.0,$377.1K
Cedar Falls,2324.0,sqft,6782.0,3,2.0,1.0,2014.0,No,4,10,N,Y,N,6.0,326800.0
Harbor Point,2345.0,sqft,5194.0,4,2.5,1.0,1944.0,Yes,5,5,Y,Y,N,7.0,$564.8K
Maple Grove,2231.0,sqft,6222.0,4,2.5,2.0,,No,2,9,Y,Y,N,3.0,$343.4K
Harbor Point,2022.0,sqft,2599.0,4,2.0,2.0,1925.0,Yes,4,9,Y,Y,Y,4.0,$601.9K
Old Mill District,2418.0,sqft,4153.0,5,3.5,1.5,2021.0,No,5,9,Y,N,N,5.0,$677.8K
Harbor Point,1645.0,sqft,2044.0,3,2.0,2.5,1948.0,No,5,8,Y,N,N,5.0,395300.0
Cedar Falls,1692.0,sqft,,3,2.0,1.5,1963.0,No,5,7,Y,N,N,3.0,$189.5K
Northgate,1804.0,sqft,5577.0,3,3.0,3.0,1920.0,No,3,10,N,N,N,6.0,$152.8K
Old Mill District,1953.0,sqft,6631.0,2,1.5,1.0,1985.0,No,3,6,Y,Y,N,5.0,$580.0K
Sunridge,2423.0,sqft,5924.0,4,3.0,2.5,1995.0,Yes,3,5,Y,N,Y,8.0,$304.0K
Maple Grove,1277.0,sqft,4697.0,2,1.5,2.0,1962.0,No,5,10,N,Y,N,5.0,176200.0
Northgate,1431.0,sqft,5555.0,2,2.0,1.0,1982.0,No,4,10,N,N,N,5.0,107500.0
Riverside Park,2805.0,sqft,11125.0,4,2.5,1.5,2023.0,No,4,10,Y,Y,N,6.0,560900.0
Cedar Falls,1643.0,sqft,2143.0,4,3.0,1.0,1960.0,No,3,8,Y,N,N,5.0,217700.0
Harbor Point,223.1,sqm,7859.0,3,2.0,2.0,1977.0,No,5,9,N,Y,Y,5.0,809900.0
Maple Grove,500.0,sqft,901.0,1,1.0,1.5,2006.0,Yes,4,5,Y,Y,N,8.0,$87.4K
Northgate,1745.0,sqft,,2,2.5,2.0,1988.0,No,4,7,N,,Y,4.0,170100.0
Brookhaven,2021.0,sqft,6754.0,2,3.0,3.0,1956.0,Yes,4,3,Y,N,N,3.0,410300.0
Harbor Point,2244.0,sqft,8333.0,3,3.0,1.0,,No,2,7,Y,Y,N,7.0,604600.0
Harbor Point,2101.0,sqft,6756.0,4,3.5,3.0,1975.0,No,4,10,Y,Y,N,9.0,647500.0
Northgate,698.0,sqft,2735.0,1,1.0,2.5,1943.0,No,3,8,Y,N,Y,,$63.2K
Northgate,1939.0,sqft,3870.0,2,1.5,1.0,1985.0,Yes,3,4,N,N,N,5.0,177200.0
Old Mill District,2896.0,sqft,,5,4.0,1.5,2000.0,No,2,9,Y,N,N,5.0,$762.1K
Maple Grove,1194.0,sqft,1531.0,2,1.5,1.0,1958.0,No,1,9,Y,N,N,5.0,161500.0
Sunridge,1387.0,sqft,3986.0,2,1.5,2.5,1985.0,No,3,7,N,N,N,,127600.0
Cedar Falls,2353.0,sqft,5184.0,4,4.0,2.0,1999.0,No,5,5,N,N,N,5.0,329300.0
Riverside Park,228.1,sqm,9401.0,4,2.5,2.0,2013.0,No,5,8,Y,N,N,7.0,548400.0
Old Mill District,130.8,sqm,,3,3.0,1.0,1932.0,Yes,5,8,Y,Y,N,8.0,$301.3K
Cedar Falls,1788.0,sqft,4550.0,3,3.5,3.0,2013.0,No,3,3,Y,N,N,4.0,$274.7K
Harbor Point,1203.0,sqft,4400.0,1,1.0,1.0,1992.0,No,3,7,Y,N,N,4.0,$387.4K
Cedar Falls,852.0,sqft,1160.0,1,1.0,1.0,1950.0,No,3,6,N,N,N,5.0,81400.0
Brookhaven,2485.0,sqft,4055.0,4,2.5,3.0,1923.0,No,4,5,Y,N,N,4.0,348400.0
Maple Grove,1203.0,sqft,1612.0,3,1.5,1.5,1982.0,No,2,9,Y,Y,N,4.0,$189.3K
Riverside Park,1420.0,sqft,1939.0,2,1.0,2.0,2021.0,No,3,7,Y,Y,N,5.0,$264.1K
Brookhaven,1231.0,sqft,4579.0,2,2.5,1.0,1933.0,Yes,2,3,Y,N,N,6.0,$177.3K
Sunridge,2132.0,sqft,3721.0,3,2.5,2.5,1967.0,Yes,2,3,Y,N,N,5.0,170900.0
Sunridge,175.3,sqm,5297.0,3,2.0,2.0,2009.0,No,2,10,Y,Y,N,7.0,$228.3K
Riverside Park,2321.0,sqft,4237.0,5,4.0,1.5,1987.0,Yes,3,4,N,N,N,7.0,319200.0
Brookhaven,2942.0,sqft,9679.0,6,4.5,1.5,1950.0,Yes,3,6,Y,N,N,,$533.4K
Maple Grove,209.1,sqm,4881.0,4,2.0,1.0,2018.0,No,3,5,N,Y,Y,5.0,380500.0
Maple Grove,1838.0,sqft,6046.0,3,3.0,1.0,1933.0,No,2,5,Y,N,N,9.0,$221.1K
Cedar Falls,1969.0,sqft,5639.0,4,3.5,2.0,2008.0,No,5,8,Y,N,Y,5.0,$322.8K
Cedar Falls,1842.0,sqft,5878.0,4,3.0,1.0,2009.0,Yes,4,7,Y,N,N,7.0,265300.0
Maple Grove,1945.0,sqft,6395.0,3,2.0,1.0,1998.0,No,2,3,Y,N,N,6.0,$279.0K
Brookhaven,1887.0,sqft,2928.0,3,2.0,2.5,2019.0,No,4,9,Y,N,N,6.0,438200.0
Sunridge,2327.0,sqft,4683.0,3,1.5,2.0,2022.0,No,2,7,Y,Y,N,4.0,304400.0
Maple Grove,1508.0,sqft,2856.0,2,1.0,3.0,1996.0,No,5,5,Y,N,N,2.0,184700.0
Riverside Park,1333.0,sqft,3447.0,1,1.0,2.0,2003.0,No,3,10,Y,Y,N,6.0,$225.1K
Maple Grove,2241.0,sqft,7626.0,3,2.0,3.0,1995.0,No,5,8,Y,N,N,9.0,$375.3K
Northgate,1723.0,sqft,4082.0,3,3.0,3.0,1939.0,No,4,3,Y,Y,N,4.0,114800.0
Brookhaven,227.1,sqm,8173.0,4,3.0,2.0,1995.0,No,4,9,N,Y,N,9.0,534300.0
Harbor Point,241.4,sqm,6540.0,4,3.5,2.0,1981.0,Yes,4,10,Y,Y,N,6.0,983100.0
Harbor Point,1985.0,sqft,4822.0,3,2.5,1.0,2000.0,No,3,8,N,Y,N,3.0,$667.9K
Maple Grove,708.0,sqft,1733.0,1,1.0,1.5,1985.0,No,4,8,Y,N,N,5.0,112800.0
Northgate,1456.0,sqft,2999.0,2,1.5,1.5,2019.0,No,3,9,Y,Y,Y,6.0,$166.1K
Maple Grove,2123.0,sqft,5851.0,3,2.5,2.0,1935.0,Yes,3,7,Y,Y,Y,5.0,329300.0
Brookhaven,2325.0,sqft,3713.0,3,2.5,2.0,1952.0,Yes,5,8,Y,N,N,4.0,473300.0
Brookhaven,1682.0,sqft,3641.0,2,2.5,2.5,1989.0,Yes,2,3,Y,N,N,5.0,$372.4K
Maple Grove,2496.0,sqft,8565.0,4,3.0,2.0,1980.0,Yes,1,9,N,N,N,,349300.0
Harbor Point,723.0,sqft,2800.0,2,1.5,1.0,1922.0,No,3,3,Y,Y,N,9.0,170200.0
Cedar Falls,2902.0,sqft,9385.0,4,3.0,1.0,1945.0,Yes,3,4,Y,N,N,,398100.0
Brookhaven,2144.0,sqft,7478.0,3,2.5,1.5,1922.0,No,3,10,N,Y,N,4.0,418100.0
Riverside Park,1800.0,sqft,2482.0,3,2.5,1.0,1972.0,Yes,3,10,Y,N,N,6.0,$344.2K
Northgate,206.3,sqm,4088.0,3,2.0,2.0,1932.0,No,4,5,N,Y,N,4.0,$149.6K
Old Mill District,1227.0,sqft,2889.0,3,2.5,3.0,1955.0,No,4,6,Y,N,Y,6.0,250800.0
Old Mill District,2410.0,sqft,8841.0,4,2.5,1.0,2003.0,No,4,6,Y,N,N,8.0,$719.7K
Brookhaven,2898.0,sqft,11236.0,5,3.5,2.5,1957.0,Yes,4,3,N,N,N,7.0,$573.1K
Brookhaven,1867.0,sqft,2522.0,3,1.5,2.0,1942.0,Yes,4,8,Y,N,N,,$336.1K
Northgate,500.0,sqft,1458.0,1,2.0,3.0,1928.0,No,3,9,N,Y,N,6.0,45000
Northgate,2128.0,sqft,6124.0,4,3.0,1.0,1924.0,No,3,3,N,N,Y,7.0,$154.4K
Cedar Falls,1975.0,sqft,3005.0,3,2.5,1.0,1979.0,No,2,10,Y,Y,N,5.0,$276.7K
Harbor Point,2585.0,sqft,3894.0,5,4.0,3.0,1936.0,No,2,7,Y,N,N,5.0,588800.0
Maple Grove,1768.0,sqft,3615.0,3,2.0,2.0,2019.0,No,2,9,N,Y,Y,6.0,$284.1K
Sunridge,1863.0,sqft,2684.0,4,3.0,2.0,1939.0,Yes,2,5,Y,N,Y,7.0,146500.0
Sunridge,1964.0,sqft,5608.0,2,1.5,2.0,1994.0,No,4,5,N,N,N,5.0,209900.0
Northgate,947.0,sqft,2275.0,1,1.0,2.0,,No,3,7,Y,N,N,8.0,$93.8K
Maple Grove,3135.0,sqft,,5,3.5,2.0,2005.0,No,3,4,Y,Y,N,8.0,$504.1K
Northgate,1681.0,sqft,3600.0,2,1.0,3.0,1980.0,Yes,3,3,Y,N,N,7.0,$164.2K
Riverside Park,1782.0,sqft,3914.0,3,1.0,1.0,1986.0,Yes,4,5,N,Y,N,7.0,$310.4K
Sunridge,2559.0,sqft,5599.0,5,4.0,3.0,1944.0,Yes,3,9,Y,N,N,7.0,231800.0
Old Mill District,643.0,sqft,1786.0,1,1.0,1.0,1932.0,No,1,5,Y,Y,Y,7.0,$139.6K
Harbor Point,2470.0,sqft,9846.0,4,2.5,2.5,1988.0,Yes,4,3,N,Y,N,7.0,793300.0
Brookhaven,145.0,sqm,4797.0,2,1.0,1.0,1997.0,Yes,3,8,Y,Y,N,8.0,399800.0
Brookhaven,2950.0,sqft,6495.0,4,3.0,1.0,1946.0,Yes,2,8,Y,Y,N,8.0,$583.2K
Maple Grove,1515.0,sqft,3320.0,3,3.5,2.5,1980.0,No,2,6,N,Y,N,5.0,$205.0K
Brookhaven,2524.0,sqft,6001.0,4,3.5,2.0,1961.0,No,4,5,Y,Y,N,4.0,$358.0K
Sunridge,1875.0,sqft,6021.0,3,2.5,2.0,1981.0,No,3,8,Y,N,N,4.0,$176.9K
Brookhaven,1471.0,sqft,2383.0,3,2.5,2.0,1987.0,No,4,4,Y,N,Y,7.0,$312.1K
Cedar Falls,1598.0,sqft,2256.0,4,2.5,3.0,1989.0,No,3,4,Y,Y,N,6.0,204500.0
Brookhaven,2896.0,sqft,11306.0,4,2.0,1.0,1947.0,No,2,10,Y,Y,N,6.0,$530.9K
Sunridge,1918.0,sqft,3317.0,4,3.5,2.0,1955.0,No,3,8,N,N,N,6.0,$179.9K
Northgate,2630.0,sqft,8703.0,4,3.5,1.0,1933.0,No,3,3,Y,N,N,6.0,198100.0
Maple Grove,1001.0,sqft,2689.0,2,1.0,2.0,2007.0,No,5,6,N,N,N,4.0,$144.3K
Maple Grove,2707.0,sqft,4158.0,4,3.0,1.5,1992.0,No,3,5,Y,N,N,7.0,$409.0K
Sunridge,1347.0,sqft,2200.0,2,2.0,1.0,1988.0,No,3,3,N,Y,N,9.0,$114.9K
Harbor Point,2097.0,sqft,2596.0,2,1.0,2.5,1972.0,No,1,6,N,Y,N,4.0,483800.0
Riverside Park,3097.0,sqft,12120.0,6,4.0,1.0,1926.0,No,4,6,Y,N,N,8.0,$499.7K
Northgate,1649.0,sqft,5737.0,2,1.5,2.0,1921.0,No,2,3,Y,N,N,4.0,109100.0
Cedar Falls,2724.0,sqft,7954.0,4,3.5,2.5,1980.0,Yes,3,6,Y,Y,N,2.0,351600.0
Riverside Park,1577.0,sqft,5971.0,3,3.0,2.0,1978.0,Yes,4,3,Y,N,N,5.0,232500.0
Harbor Point,587.0,sqft,2126.0,2,1.0,1.0,1977.0,No,2,10,Y,Y,N,8.0,176400.0
Sunridge,167.9,sqm,3056.0,2,1.5,2.0,1964.0,No,3,10,Y,Y,N,6.0,156500.0
Riverside Park,1841.0,sqft,5872.0,4,3.0,2.0,1993.0,No,4,10,N,Y,N,8.0,286800.0
Harbor Point,1938.0,sqft,5907.0,3,2.0,1.0,2000.0,No,4,4,Y,N,N,6.0,659600.0
Cedar Falls,2483.0,sqft,3354.0,4,3.5,2.5,1985.0,Yes,5,6,N,Y,N,2.0,$320.2K
Old Mill District,1024.0,sqft,2373.0,3,1.5,1.0,1955.0,No,3,3,Y,N,N,4.0,231500.0
Sunridge,2337.0,sqft,5762.0,3,2.0,1.5,2003.0,No,3,5,Y,Y,N,5.0,281600.0
Maple Grove,873.0,sqft,2228.0,1,1.0,1.0,1941.0,Yes,2,5,Y,Y,N,6.0,$92.5K
Riverside Park,2908.0,sqft,4431.0,5,3.5,3.0,1946.0,No,5,10,Y,Y,N,3.0,356000.0
Brookhaven,2207.0,sqft,3007.0,3,3.0,1.0,1974.0,Yes,5,6,Y,Y,N,4.0,404400.0
Old Mill District,2313.0,sqft,2952.0,4,2.5,1.0,1930.0,No,4,6,N,N,N,6.0,380100.0
Riverside Park,2351.0,sqft,3769.0,3,3.0,2.0,1999.0,No,4,7,N,Y,N,6.0,426100.0
Northgate,1425.0,sqft,4819.0,3,2.5,2.0,1957.0,No,5,8,Y,Y,N,7.0,$101.1K
Harbor Point,916.0,sqft,1400.0,2,2.0,2.0,1969.0,Yes,3,5,N,Y,N,4.0,181300.0
Old Mill District,2291.0,sqft,4117.0,3,2.0,3.0,1960.0,No,3,3,Y,Y,N,5.0,465200.0
Northgate,2123.0,sqft,5872.0,3,2.5,2.5,1975.0,No,3,10,Y,Y,N,5.0,200800.0
Cedar Falls,2940.0,sqft,7770.0,3,1.5,2.5,2011.0,No,3,8,N,N,N,6.0,413900.0
Old Mill District,1815.0,sqft,3144.0,4,2.5,1.0,1982.0,Yes,4,7,Y,N,N,8.0,$557.2K
Riverside Park,1900.0,sqft,5687.0,3,2.5,3.0,,Yes,1,5,N,N,N,7.0,260000.0
Cedar Falls,872.0,sqft,1484.0,1,1.0,2.0,2005.0,No,3,6,N,N,N,7.0,131600.0
Cedar Falls,1081.0,sqft,3588.0,2,1.0,2.0,1941.0,No,5,10,Y,Y,Y,,148500.0
Maple Grove,1344.0,sqft,2492.0,3,2.0,1.5,2022.0,No,4,8,Y,Y,Y,7.0,$266.3K
Harbor Point,70.7,sqm,2329.0,1,1.0,2.0,1954.0,No,4,5,Y,N,N,6.0,$186.8K
Riverside Park,64.1,sqm,2250.0,1,2.0,2.0,1922.0,No,2,6,N,Y,N,5.0,101200.0
Old Mill District,2180.0,sqft,8067.0,4,2.0,2.0,2019.0,No,4,7,N,N,N,3.0,$574.1K
Riverside Park,500.0,sqft,1276.0,1,1.0,1.0,1943.0,No,1,4,Y,N,N,6.0,61400.0
Harbor Point,1944.0,sqft,4745.0,4,4.0,3.0,2019.0,No,5,5,Y,Y,N,5.0,$603.6K
Harbor Point,801.0,sqft,1776.0,2,1.5,1.0,1975.0,No,2,3,Y,Y,N,3.0,173100.0
Cedar Falls,1223.0,sqft,3581.0,1,1.0,1.0,2008.0,No,3,9,Y,Y,N,6.0,213800.0
Harbor Point,1148.0,sqft,3338.0,1,1.0,2.0,1926.0,No,2,5,Y,N,Y,7.0,$319.4K
Northgate,179.0,sqm,6926.0,4,3.0,3.0,2023.0,No,2,8,Y,Y,Y,6.0,236100.0
Maple Grove,2072.0,sqft,5501.0,3,2.0,1.0,1970.0,Yes,1,6,N,Y,N,8.0,$242.7K
Sunridge,1127.0,sqft,2213.0,1,1.0,2.0,1986.0,Yes,5,6,Y,N,N,4.0,124000.0
Old Mill District,2918.0,sqft,5236.0,4,3.0,1.5,2001.0,No,2,6,Y,Y,N,5.0,762800.0
Riverside Park,2554.0,sqft,4498.0,4,2.5,2.5,1983.0,Yes,2,7,N,Y,Y,5.0,425900.0
Northgate,2474.0,sqft,5271.0,3,2.5,3.0,1966.0,Yes,5,5,Y,N,N,5.0,$187.8K
Old Mill District,1856.0,sqft,5556.0,3,1.5,1.0,1996.0,Yes,2,7,N,N,N,10.0,541900.0
Harbor Point,228.2,sqm,3102.0,3,2.5,2.5,2007.0,No,4,10,N,Y,N,7.0,$706.9K
Brookhaven,185.7,sqm,3238.0,3,1.5,1.0,2019.0,No,3,8,N,,N,9.0,524200.0
Brookhaven,1835.0,sqft,5316.0,2,2.0,2.0,1965.0,No,4,9,N,Y,N,8.0,$390.3K
Riverside Park,1276.0,sqft,4879.0,2,1.0,1.0,1987.0,No,3,10,Y,Y,N,6.0,239800.0
Old Mill District,1431.0,sqft,2263.0,2,1.5,3.0,1989.0,No,3,5,Y,Y,N,8.0,$356.8K
Maple Grove,2092.0,sqft,5827.0,4,3.5,1.0,2004.0,Yes,5,5,Y,Y,N,6.0,353800.0
Harbor Point,1752.0,sqft,6874.0,3,2.5,1.0,1926.0,No,3,4,Y,N,N,6.0,378000.0
Cedar Falls,2860.0,sqft,8173.0,5,3.5,1.0,1940.0,No,3,6,Y,N,N,7.0,303200.0
Cedar Falls,159.0,sqm,3602.0,2,1.0,2.5,2007.0,Yes,4,6,N,N,N,5.0,$253.5K
Sunridge,1256.0,sqft,3726.0,2,1.5,1.0,1981.0,Yes,2,8,Y,N,Y,6.0,$169.6K
Northgate,1066.0,sqft,3330.0,2,2.0,2.0,1961.0,No,2,6,Y,Y,N,5.0,87300.0
Riverside Park,267.4,sqm,7918.0,5,4.0,2.5,1921.0,No,5,9,Y,N,N,5.0,$366.5K
Cedar Falls,738.0,sqft,2507.0,1,1.0,2.0,1955.0,No,2,8,Y,N,N,7.0,94900.0
Sunridge,1902.0,sqft,4423.0,3,1.5,1.0,1931.0,Yes,5,3,Y,N,N,5.0,174700.0
Cedar Falls,500.0,sqft,965.0,1,1.5,2.0,1932.0,No,4,10,Y,Y,N,5.0,65200.0
Maple Grove,1662.0,sqft,6599.0,2,1.0,1.0,1959.0,No,4,6,Y,N,N,6.0,$221.2K
Riverside Park,3079.0,sqft,8470.0,5,4.0,2.0,1956.0,Yes,3,10,Y,N,Y,4.0,$635.9K
Harbor Point,2391.0,sqft,6603.0,4,3.5,1.0,1962.0,Yes,4,7,N,Y,N,5.0,667600.0
Northgate,1155.0,sqft,3465.0,1,1.0,3.0,1981.0,Yes,3,5,N,N,N,5.0,96900.0
Old Mill District,1635.0,sqft,3840.0,3,2.0,2.0,1992.0,No,3,9,Y,N,N,5.0,$383.4K
Harbor Point,175.8,sqm,2869.0,3,1.5,1.0,2014.0,No,3,4,Y,Y,N,8.0,$506.8K
Brookhaven,1181.0,sqft,2751.0,2,1.5,2.0,1949.0,Yes,4,7,N,N,N,5.0,207000.0
Old Mill District,3227.0,sqft,10956.0,5,3.5,2.0,1984.0,No,3,7,Y,N,Y,7.0,$905.2K
Sunridge,2422.0,sqft,4016.0,3,2.5,1.0,,No,5,3,Y,N,N,5.0,202800.0
Brookhaven,1359.0,sqft,4777.0,2,1.0,2.0,1941.0,Yes,5,7,N,Y,N,7.0,253000.0
Sunridge,3187.0,sqft,5770.0,5,3.5,1.0,1977.0,No,4,6,Y,Y,N,5.0,324200.0
Northgate,2463.0,sqft,9212.0,3,2.5,1.0,1974.0,No,4,4,N,N,N,4.0,$191.8K
Cedar Falls,2481.0,sqft,8838.0,2,2.5,2.0,1988.0,No,3,8,Y,N,N,7.0,320200.0
Sunridge,1568.0,sqft,5575.0,3,2.0,2.5,1997.0,Yes,4,7,N,N,N,5.0,215900.0
Sunridge,2372.0,sqft,3875.0,4,3.0,2.0,2000.0,No,3,3,Y,N,N,,243200.0
Brookhaven,2002.0,sqft,4456.0,4,2.5,1.0,1999.0,No,2,8,N,N,N,,$350.7K
Cedar Falls,1973.0,sqft,6681.0,4,3.0,1.5,1977.0,No,3,3,Y,Y,N,6.0,238100.0
Brookhaven,753.0,sqft,1477.0,1,1.0,1.0,1977.0,Yes,4,3,Y,Y,N,7.0,$152.2K
Harbor Point,1916.0,sqft,5229.0,2,2.0,2.0,2010.0,No,3,4,N,N,N,9.0,$584.4K
Maple Grove,500.0,sqft,1285.0,1,1.0,1.0,1923.0,Yes,2,3,N,Y,N,5.0,$64.1K
Cedar Falls,1746.0,sqft,3543.0,3,2.0,1.5,2012.0,No,3,10,Y,Y,N,7.0,$261.5K
Maple Grove,2451.0,sqft,7555.0,4,3.0,2.0,1951.0,No,4,8,Y,N,N,6.0,$329.9K
Cedar Falls,2057.0,sqft,2642.0,3,2.0,1.0,1969.0,No,2,3,Y,Y,N,4.0,$230.9K
Sunridge,2489.0,sqft,,3,2.5,1.0,2013.0,No,5,6,N,Y,Y,10.0,$332.0K
Riverside Park,1689.0,sqft,5104.0,3,1.5,1.5,1939.0,No,4,9,Y,Y,N,8.0,292400.0
Northgate,1716.0,sqft,2905.0,2,2.0,2.0,2017.0,No,4,9,N,N,N,8.0,194500.0
Cedar Falls,927.0,sqft,2892.0,2,2.0,3.0,1923.0,No,3,3,N,N,N,6.0,$105.5K
Brookhaven,1920.0,sqft,4181.0,3,2.0,1.0,1987.0,No,2,3,N,N,N,8.0,$397.5K
Sunridge,1757.0,sqft,4786.0,3,3.0,2.5,,No,4,10,N,N,N,2.0,$216.7K
Northgate,1175.0,sqft,2079.0,2,1.0,2.0,2019.0,No,5,3,Y,N,N,7.0,105500.0
Harbor Point,1817.0,sqft,6693.0,3,3.0,2.5,1929.0,Yes,3,3,Y,Y,N,5.0,392200.0
Northgate,762.0,sqft,1919.0,1,1.0,1.0,2014.0,No,5,5,Y,N,N,6.0,$84.2K
Harbor Point,349.8,sqm,11450.0,6,5.0,1.5,1921.0,Yes,4,9,Y,N,N,5.0,$991.4K
Sunridge,140.8,sqm,2571.0,2,1.0,2.0,1993.0,No,3,8,N,N,Y,5.0,$155.1K
Sunridge,2413.0,sqft,6058.0,3,2.5,2.0,1925.0,No,2,4,Y,Y,N,4.0,194700.0
Harbor Point,1939.0,sqft,3361.0,3,2.0,1.5,1964.0,Yes,4,8,Y,Y,N,5.0,592800.0
Brookhaven,213.9,sqm,8331.0,4,3.5,2.0,1977.0,No,3,10,N,Y,N,6.0,$515.1K
Cedar Falls,2847.0,sqft,7480.0,5,4.0,3.0,1996.0,No,5,3,N,N,N,8.0,365900.0
Harbor Point,1402.0,sqft,5486.0,1,1.0,1.5,1935.0,No,2,4,N,Y,N,4.0,293000.0
Brookhaven,265.0,sqm,3855.0,3,2.0,3.0,2014.0,No,5,4,Y,Y,N,9.0,$600.3K
Harbor Point,1300.0,sqft,2324.0,2,2.5,2.0,2001.0,No,3,7,Y,Y,N,6.0,430700.0
Harbor Point,2556.0,sqft,6451.0,3,2.5,1.0,1982.0,Yes,2,5,Y,N,N,,$648.5K
Riverside Park,2365.0,sqft,6783.0,4,4.5,3.0,1948.0,No,4,10,Y,N,N,5.0,$308.6K
Maple Grove,1753.0,sqft,4038.0,3,1.0,2.0,1957.0,No,3,8,Y,N,N,5.0,214700.0
Riverside Park,1798.0,sqft,2541.0,2,1.0,1.0,1973.0,Yes,4,6,Y,Y,Y,5.0,343400.0
Riverside Park,1757.0,sqft,4870.0,4,2.0,1.0,1993.0,Yes,4,3,Y,N,N,7.0,349000.0
Harbor Point,1598.0,sqft,4648.0,2,1.0,3.0,1963.0,No,3,8,Y,N,N,6.0,$423.5K
Maple Grove,1966.0,sqft,4365.0,3,2.5,2.0,2015.0,No,3,4,Y,N,N,6.0,324700.0
Maple Grove,2279.0,sqft,9021.0,4,2.5,2.5,2006.0,No,4,10,Y,N,N,7.0,338000.0
Brookhaven,243.1,sqm,6102.0,4,3.5,2.5,1982.0,Yes,4,10,Y,Y,Y,7.0,$863.8K
Sunridge,500.0,sqft,800.0,1,1.0,3.0,1935.0,Yes,2,5,Y,Y,N,7.0,62000.0
Brookhaven,668.0,sqft,1056.0,2,2.0,2.0,1969.0,No,2,10,Y,N,N,6.0,133200.0
Maple Grove,1125.0,sqft,3746.0,1,1.0,1.0,2016.0,No,1,5,Y,Y,N,5.0,172400.0
Cedar Falls,2096.0,sqft,5540.0,3,2.5,2.5,1951.0,No,3,6,N,N,N,7.0,$244.1K
Sunridge,1871.0,sqft,4021.0,3,3.0,2.0,1943.0,No,2,10,N,N,N,7.0,$153.1K
Cedar Falls,1710.0,sqft,6659.0,2,1.0,2.5,1993.0,No,2,10,N,N,N,7.0,$237.7K
Old Mill District,2287.0,sqft,4768.0,2,1.5,1.0,1936.0,No,3,7,Y,N,Y,4.0,$552.7K
Old Mill District,731.0,sqft,1112.0,1,1.0,3.0,1996.0,Yes,4,7,Y,Y,N,8.0,$220.0K
Maple Grove,1746.0,sqft,,2,1.5,1.0,1983.0,Yes,4,5,Y,N,N,6.0,$277.9K
Old Mill District,1850.0,sqft,2860.0,2,1.0,2.0,1937.0,Yes,4,10,Y,N,N,3.0,410400.0
Maple Grove,1239.0,sqft,2526.0,2,2.0,2.0,1964.0,No,4,3,Y,Y,Y,6.0,149100.0
Harbor Point,1595.0,sqft,2150.0,2,1.5,2.0,1957.0,No,2,3,Y,Y,N,8.0,$413.5K
Cedar Falls,1447.0,sqft,2742.0,3,3.0,1.0,2019.0,No,3,5,Y,Y,N,3.0,212000.0
Brookhaven,145.2,sqm,2757.0,2,1.0,2.0,1949.0,Yes,3,4,N,N,N,8.0,241200.0
Northgate,2838.0,sqft,8645.0,4,2.5,1.0,1945.0,No,4,9,Y,N,N,6.0,$221.4K
Northgate,192.7,sqm,2597.0,4,2.5,2.0,2000.0,No,5,7,Y,Y,N,8.0,204000.0
Northgate,3498.0,sqft,13354.0,5,3.5,2.0,1924.0,No,3,7,Y,N,N,8.0,$299.8K
Sunridge,2105.0,sqft,6503.0,4,3.5,2.5,1926.0,Yes,3,6,Y,Y,N,4.0,$174.6K
Maple Grove,1452.0,sqft,2601.0,2,1.0,1.0,1956.0,No,3,8,N,N,N,,172600.0
Maple Grove,1331.0,sqft,2173.0,3,2.5,1.0,2020.0,No,4,7,Y,N,Y,5.0,245700.0
Cedar Falls,2099.0,sqft,3974.0,3,1.5,3.0,1991.0,No,4,7,Y,Y,N,5.0,296500.0
Cedar Falls,1882.0,sqft,6172.0,3,2.5,2.0,1971.0,No,1,7,Y,N,N,9.0,$237.1K
Cedar Falls,2178.0,sqft,2987.0,3,2.5,2.0,1974.0,Yes,3,10,Y,N,N,5.0,$284.0K
Brookhaven,2295.0,sqft,5459.0,4,2.5,1.0,1927.0,Yes,4,4,Y,Y,N,6.0,$399.6K
Cedar Falls,2432.0,sqft,5121.0,3,2.5,2.0,1970.0,No,3,6,N,N,N,5.0,$275.2K
Harbor Point,1341.0,sqft,2310.0,2,1.0,2.0,2016.0,No,5,5,Y,N,N,4.0,364400.0
Sunridge,3204.0,sqft,8761.0,5,4.5,1.5,,Yes,3,9,Y,N,N,4.0,290900.0
Cedar Falls,161.5,sqm,3690.0,2,2.0,1.5,1987.0,No,2,5,Y,N,N,,210200.0
Riverside Park,2466.0,sqft,3050.0,4,3.0,1.0,1976.0,No,3,4,Y,Y,N,10.0,$519.8K
Cedar Falls,2308.0,sqft,8697.0,2,1.5,1.0,1952.0,Yes,1,5,Y,N,N,2.0,$326.1K
Harbor Point,1765.0,sqft,6651.0,2,1.0,2.0,1951.0,No,3,5,Y,Y,N,8.0,$462.5K
Harbor Point,84.3,sqm,1496.0,1,1.5,1.0,1963.0,No,3,6,N,N,N,9.0,$234.9K
Maple Grove,1006.0,sqft,3152.0,2,1.0,2.5,1982.0,No,3,8,Y,Y,N,3.0,120100.0
Sunridge,87.8,sqm,3466.0,1,1.0,2.0,1947.0,Yes,3,9,Y,Y,N,4.0,100600.0
Old Mill District,2627.0,sqft,6570.0,5,3.5,2.0,1973.0,No,3,5,Y,N,Y,6.0,$697.4K
Sunridge,1668.0,sqft,3648.0,2,1.5,2.5,,No,3,7,N,N,N,6.0,154600.0
Northgate,1509.0,sqft,3328.0,3,3.0,2.5,1952.0,No,4,5,N,N,N,6.0,$118.9K
Sunridge,1301.0,sqft,2308.0,3,2.0,1.0,2018.0,Yes,5,8,Y,,N,4.0,139000.0
Riverside Park,1358.0,sqft,3473.0,2,3.0,1.0,1970.0,Yes,4,4,N,N,N,,$203.9K
Cedar Falls,1529.0,sqft,5133.0,2,2.5,1.0,1949.0,No,3,4,Y,N,N,6.0,$168.5K
Riverside Park,115.7,sqm,3004.0,2,1.0,1.0,2018.0,No,4,8,Y,Y,N,7.0,$245.8K
Cedar Falls,188.8,sqm,6162.0,4,3.0,2.5,1955.0,Yes,2,8,N,N,N,5.0,$204.1K
Maple Grove,1180.0,sqft,2497.0,3,1.5,2.0,1996.0,No,4,6,Y,N,N,,195500.0
Harbor Point,1646.0,sqft,2309.0,3,2.5,3.0,1981.0,No,3,4,Y,Y,N,7.0,391100.0
Maple Grove,3020.0,sqft,5285.0,5,2.5,2.0,2016.0,No,4,7,Y,Y,N,7.0,$476.9K
Cedar Falls,500.0,sqft,1580.0,1,1.0,3.0,1938.0,Yes,3,3,Y,N,N,,50300.0
Brookhaven,2546.0,sqft,5753.0,4,3.0,2.0,1939.0,No,3,5,Y,N,N,5.0,391100.0
Brookhaven,1494.0,sqft,3190.0,3,2.5,1.5,1999.0,No,3,9,Y,Y,N,5.0,320600.0
Cedar Falls,1894.0,sqft,5796.0,3,3.0,1.0,1970.0,No,5,6,Y,Y,Y,7.0,252800.0
Maple Grove,1704.0,sqft,2491.0,3,3.0,1.0,1996.0,Yes,2,4,N,N,N,5.0,$251.5K
Northgate,1911.0,sqft,3543.0,4,3.0,2.0,1945.0,No,4,4,Y,Y,N,4.0,128500.0
Northgate,1863.0,sqft,3080.0,2,1.0,2.0,1936.0,No,3,4,N,N,N,5.0,$105.1K
Brookhaven,1753.0,sqft,3364.0,3,1.5,1.0,1944.0,Yes,4,3,Y,N,N,6.0,295600.0
Northgate,1781.0,sqft,2204.0,3,3.0,2.0,1975.0,Yes,3,6,Y,N,N,8.0,$159.3K
Cedar Falls,127.6,sqm,4870.0,3,2.5,1.0,1987.0,Yes,1,9,Y,N,N,6.0,220800.0
Cedar Falls,2440.0,sqft,9067.0,5,4.0,2.0,1921.0,Yes,4,6,N,Y,Y,7.0,$302.1K
Northgate,2052.0,sqft,3672.0,3,2.0,2.5,1966.0,Yes,4,7,Y,N,N,8.0,212200.0
Sunridge,2774.0,sqft,7264.0,4,3.0,1.0,1982.0,No,2,9,N,Y,N,8.0,323900.0
Cedar Falls,2144.0,sqft,6112.0,5,4.0,1.0,1935.0,No,2,8,N,,Y,3.0,$201.7K
Brookhaven,1690.0,sqft,3640.0,3,1.5,1.0,2000.0,No,3,3,N,Y,N,5.0,$344.9K
Cedar Falls,1112.0,sqft,1816.0,2,1.5,2.0,1923.0,Yes,3,5,Y,N,N,,140900.0
Sunridge,1315.0,sqft,4909.0,2,1.5,1.0,1983.0,No,5,7,Y,N,N,5.0,$147.0K
Brookhaven,3302.0,sqft,7324.0,5,4.0,2.0,2013.0,No,4,9,N,N,N,9.0,660600.0
Old Mill District,1788.0,sqft,3254.0,3,3.0,1.0,1993.0,No,3,9,Y,N,N,9.0,472900.0
Maple Grove,3086.0,sqft,11976.0,5,3.5,1.5,1928.0,Yes,4,7,N,N,N,5.0,405900.0
Old Mill District,2132.0,sqft,4774.0,3,2.0,2.0,2019.0,No,5,7,Y,N,N,6.0,566100.0
Northgate,2017.0,sqft,6452.0,2,2.0,1.0,1945.0,No,4,7,Y,Y,N,8.0,180600.0
Northgate,2337.0,sqft,4090.0,4,2.5,1.0,2012.0,No,4,10,Y,Y,N,3.0,$247.6K
Brookhaven,2459.0,sqft,6305.0,4,3.0,2.0,1966.0,No,5,9,Y,N,N,7.0,$448.8K
Cedar Falls,211.0,sqm,7060.0,4,2.5,2.0,1954.0,Yes,5,3,N,,N,7.0,$218.0K
Old Mill District,525.0,sqft,2069.0,2,1.5,2.0,1934.0,Yes,3,9,Y,Y,N,4.0,132600.0
Riverside Park,2993.0,sqft,5279.0,5,3.5,2.5,1981.0,Yes,4,5,N,N,N,8.0,$493.2K
Riverside Park,2194.0,sqft,6714.0,4,3.5,2.0,2020.0,No,3,5,N,N,N,7.0,$413.5K
Riverside Park,2391.0,sqft,4114.0,4,3.0,1.0,2020.0,No,3,4,N,Y,N,6.0,$361.4K
Brookhaven,223.2,sqm,6419.0,3,2.5,1.0,2019.0,No,4,3,Y,N,N,6.0,$474.8K
Northgate,284.5,sqm,6357.0,5,3.0,1.0,1978.0,No,4,7,Y,N,Y,5.0,262000.0
Maple Grove,1436.0,sqft,5244.0,3,2.5,1.5,1983.0,No,3,7,N,N,N,5.0,$195.0K
Sunridge,150.2,sqm,3584.0,3,2.0,1.5,2002.0,No,3,8,Y,Y,Y,3.0,$203.9K
Riverside Park,2830.0,sqft,5728.0,4,2.0,1.0,1928.0,Yes,1,6,Y,N,N,8.0,436000.0
Old Mill District,2276.0,sqft,2863.0,4,3.5,1.0,2007.0,No,3,4,N,N,N,3.0,545000.0
Northgate,2766.0,sqft,3796.0,5,3.5,1.0,1978.0,Yes,4,7,Y,Y,N,4.0,$245.6K
Cedar Falls,2125.0,sqft,3734.0,3,1.5,2.0,2014.0,No,2,5,Y,Y,N,9.0,$274.3K
Maple Grove,1383.0,sqft,4130.0,2,1.5,2.0,1968.0,No,3,3,N,N,N,6.0,$184.7K
Sunridge,1781.0,sqft,6568.0,3,2.5,1.5,1953.0,No,2,9,Y,N,N,6.0,167400.0
Cedar Falls,164.2,sqm,6454.0,2,1.5,1.0,1931.0,Yes,5,5,Y,,Y,5.0,246100.0
Northgate,2778.0,sqft,10202.0,5,4.5,3.0,1948.0,Yes,3,9,Y,,N,4.0,250500.0
Brookhaven,1033.0,sqft,3235.0,3,2.0,2.0,1947.0,No,3,7,Y,Y,N,6.0,182600.0
Sunridge,500.0,sqft,1789.0,1,1.0,1.0,1982.0,Yes,3,5,Y,N,N,6.0,$61.5K
Cedar Falls,2596.0,sqft,3538.0,4,3.0,1.0,1967.0,No,2,10,Y,Y,N,8.0,320200.0
Riverside Park,1613.0,sqft,3507.0,2,2.0,2.0,1980.0,No,3,3,Y,Y,N,3.0,$277.5K
Cedar Falls,831.0,sqft,2810.0,1,1.0,1.0,1982.0,Yes,3,4,Y,N,Y,7.0,138300.0
Old Mill District,1351.0,sqft,3244.0,2,1.0,1.0,1933.0,Yes,4,9,N,Y,N,7.0,322000.0
Sunridge,2040.0,sqft,3395.0,4,3.0,1.0,1942.0,No,5,4,Y,N,N,5.0,136400.0
Riverside Park,1882.0,sqft,2906.0,2,1.5,2.0,1939.0,No,2,7,Y,N,N,8.0,$241.8K
Riverside Park,172.1,sqm,2795.0,2,1.5,1.0,1966.0,No,5,9,Y,N,N,7.0,331900.0
Sunridge,2987.0,sqft,8475.0,5,3.0,2.5,1924.0,No,4,7,Y,N,N,6.0,$274.1K
Cedar Falls,2178.0,sqft,3608.0,4,3.0,2.0,1985.0,No,3,4,Y,,N,4.0,$274.4K
Northgate,2797.0,sqft,7163.0,5,4.0,1.0,1937.0,No,3,3,N,Y,N,7.0,$166.8K
Harbor Point,1611.0,sqft,5674.0,3,2.5,2.0,1992.0,No,3,5,Y,Y,N,,$459.0K
Sunridge,1925.0,sqft,4745.0,3,1.5,2.0,1986.0,Yes,4,7,N,N,N,6.0,211100.0
Riverside Park,2842.0,sqft,8441.0,5,3.5,1.0,1969.0,Yes,4,8,Y,N,N,5.0,$516.6K
Sunridge,1696.0,sqft,2286.0,1,1.0,2.5,1988.0,No,3,9,Y,Y,N,6.0,194200.0
Old Mill District,2350.0,sqft,7550.0,3,2.0,1.0,,No,5,7,Y,N,N,7.0,502600.0
Sunridge,56.7,sqm,1965.0,1,1.0,1.0,1980.0,No,3,8,Y,Y,N,7.0,65000.0
Sunridge,1473.0,sqft,2619.0,3,2.5,1.0,1935.0,No,1,4,N,N,N,8.0,$116.8K
Harbor Point,2053.0,sqft,3606.0,3,3.0,1.5,2020.0,Yes,2,7,Y,N,N,5.0,$661.0K
Brookhaven,1362.0,sqft,2316.0,2,1.0,1.0,1936.0,Yes,3,10,N,Y,N,8.0,274400.0
Harbor Point,190.0,sqm,5484.0,3,2.0,1.5,1926.0,No,3,8,Y,N,N,7.0,$476.9K
Riverside Park,1969.0,sqft,6313.0,4,3.0,3.0,1978.0,No,3,6,Y,N,N,6.0,267800.0
Riverside Park,3034.0,sqft,9656.0,5,3.5,2.5,1985.0,No,4,10,N,Y,N,8.0,545600.0
Brookhaven,2031.0,sqft,5709.0,2,1.5,2.0,2002.0,No,5,7,Y,N,N,3.0,$411.3K
Cedar Falls,143.2,sqm,4805.0,2,1.0,1.0,2004.0,No,3,8,Y,Y,N,5.0,$203.5K
Harbor Point,2403.0,sqft,7599.0,5,4.0,2.0,2013.0,Yes,3,3,Y,Y,N,,847500.0
Sunridge,1439.0,sqft,4693.0,2,1.5,1.0,1940.0,No,4,4,Y,N,N,6.0,$137.8K
Harbor Point,2367.0,sqft,3617.0,3,3.0,1.0,1927.0,Yes,3,3,Y,Y,N,4.0,581200.0
Brookhaven,2106.0,sqft,7516.0,4,3.5,1.0,1972.0,Yes,4,8,Y,N,N,4.0,$476.2K
Riverside Park,124.3,sqm,2400.0,2,2.0,2.0,1993.0,Yes,2,7,Y,N,N,6.0,$252.2K
Maple Grove,1543.0,sqft,4521.0,2,2.5,2.0,1927.0,Yes,4,9,N,Y,N,8.0,$221.9K
Sunridge,1119.0,sqft,3024.0,2,1.5,2.0,1991.0,Yes,5,8,N,Y,N,6.0,$148.9K
Old Mill District,1177.0,sqft,,3,2.5,1.5,1934.0,No,5,5,Y,N,N,9.0,$260.4K
Old Mill District,2287.0,sqft,5112.0,4,3.0,1.0,1996.0,Yes,3,7,Y,Y,N,5.0,$647.5K
Riverside Park,1151.0,sqft,2920.0,2,1.0,2.0,2021.0,No,5,7,Y,Y,N,3.0,$221.3K
Old Mill District,2058.0,sqft,2499.0,4,4.5,2.5,1962.0,No,5,6,Y,N,N,8.0,418100.0
Cedar Falls,130.3,sqm,5562.0,2,1.5,1.5,1947.0,No,4,8,N,N,N,4.0,137700.0
Old Mill District,2623.0,sqft,7249.0,5,4.0,2.5,1949.0,No,3,10,Y,N,N,9.0,$558.9K
Brookhaven,1316.0,sqft,1993.0,2,1.5,3.0,2021.0,No,3,6,N,Y,N,8.0,$291.5K
Northgate,1711.0,sqft,2077.0,3,2.5,1.5,2008.0,Yes,4,3,N,Y,N,3.0,162600.0
Harbor Point,1383.0,sqft,2149.0,2,1.0,3.0,1992.0,No,2,9,Y,Y,N,9.0,417900.0
Harbor Point,2759.0,sqft,4029.0,4,2.0,1.0,1922.0,Yes,5,10,Y,N,N,8.0,829500.0
Maple Grove,1097.0,sqft,1971.0,2,1.5,1.0,1965.0,No,2,4,Y,Y,N,9.0,$126.7K
Northgate,1037.0,sqft,1377.0,1,1.0,2.0,1960.0,Yes,2,9,N,Y,N,6.0,91700.0
Maple Grove,2232.0,sqft,7494.0,4,3.5,2.0,1987.0,No,4,4,N,N,N,5.0,335100.0
Old Mill District,1236.0,sqft,2242.0,2,1.0,1.0,1934.0,No,3,10,N,Y,N,5.0,$270.2K
Riverside Park,1506.0,sqft,2005.0,4,2.5,2.5,1940.0,No,5,10,Y,N,N,3.0,203500.0
Brookhaven,2469.0,sqft,6049.0,4,3.0,2.0,,Yes,4,9,Y,N,N,6.0,$486.2K
Brookhaven,1526.0,sqft,2333.0,1,1.5,1.0,2020.0,No,4,5,Y,Y,N,4.0,$315.3K
Riverside Park,2810.0,sqft,4461.0,5,4.0,1.5,2014.0,No,1,4,Y,Y,N,7.0,508900.0
Maple Grove,100.9,sqm,1868.0,2,1.0,3.0,2020.0,No,2,5,Y,Y,N,4.0,160900.0
Maple Grove,2139.0,sqft,,4,3.5,3.0,2020.0,No,4,6,N,Y,N,8.0,369700.0
Riverside Park,532.0,sqft,996.0,1,1.0,2.0,1954.0,No,3,6,N,N,N,5.0,68800.0
Old Mill District,1510.0,sqft,2813.0,3,2.0,1.5,1928.0,Yes,3,3,Y,N,N,6.0,339300.0
Northgate,1302.0,sqft,4701.0,2,1.5,2.0,1937.0,No,4,7,Y,Y,N,8.0,113200.0
Harbor Point,832.0,sqft,3270.0,1,1.5,1.0,1978.0,Yes,2,4,Y,N,N,8.0,246700.0
Old Mill District,755.0,sqft,988.0,1,1.0,2.0,1992.0,Yes,4,8,N,,N,8.0,189800.0
Harbor Point,1443.0,sqft,4604.0,2,1.5,2.5,1957.0,No,4,8,Y,N,N,4.0,$373.1K
Old Mill District,2054.0,sqft,4239.0,3,1.5,2.5,1930.0,No,5,5,Y,N,N,7.0,$395.7K
Maple Grove,1255.0,sqft,1602.0,2,1.5,2.0,,No,4,5,Y,Y,N,6.0,203200.0
Brookhaven,1886.0,sqft,5528.0,3,2.5,1.0,2013.0,No,3,8,Y,N,N,,454200.0
Brookhaven,2489.0,sqft,4546.0,3,2.0,1.0,1990.0,No,3,8,N,Y,N,8.0,547300.0
Old Mill District,1702.0,sqft,5756.0,3,1.5,1.0,1922.0,No,3,9,Y,N,N,7.0,357500.0
Old Mill District,1634.0,sqft,3924.0,2,1.5,2.0,,No,3,4,Y,N,N,4.0,$313.2K
Harbor Point,168.6,sqm,6642.0,3,2.0,2.0,1950.0,No,3,5,Y,N,N,4.0,426600.0
Harbor Point,2242.0,sqft,4795.0,4,2.5,2.5,1920.0,No,5,7,Y,N,N,5.0,460700.0
Northgate,1873.0,sqft,5808.0,3,2.5,3.0,1971.0,Yes,5,8,N,Y,N,9.0,181600.0
Sunridge,771.0,sqft,3017.0,1,1.5,2.0,1948.0,No,2,6,N,Y,N,6.0,55900.0
Cedar Falls,154.7,sqm,5655.0,3,2.5,1.0,1921.0,Yes,4,3,Y,N,N,5.0,$169.6K
Harbor Point,1546.0,sqft,2452.0,2,1.5,1.0,1935.0,No,3,6,N,N,Y,8.0,$383.3K
Riverside Park,174.2,sqm,3980.0,2,2.0,1.0,1974.0,Yes,5,7,Y,N,N,6.0,284000.0
Riverside Park,1229.0,sqft,2624.0,2,2.0,2.0,1963.0,No,3,5,N,Y,N,6.0,$177.5K
Harbor Point,889.0,sqft,1637.0,2,2.5,2.5,1999.0,No,4,9,Y,Y,N,7.0,328000.0
Old Mill District,90.7,sqm,1556.0,2,1.0,1.0,1930.0,No,3,8,Y,Y,N,4.0,$185.1K
Northgate,1629.0,sqft,4945.0,3,2.0,2.0,2019.0,No,4,3,Y,N,N,3.0,$141.8K
Maple Grove,1339.0,sqft,2216.0,2,1.5,1.0,1973.0,Yes,3,3,Y,Y,Y,8.0,$207.1K
Harbor Point,1970.0,sqft,6425.0,2,1.5,2.5,1991.0,No,3,9,N,N,N,8.0,$587.6K
Sunridge,982.0,sqft,1356.0,2,1.5,2.0,2008.0,No,4,7,Y,N,N,5.0,$107.0K
Old Mill District,2146.0,sqft,3034.0,3,2.5,1.0,2022.0,No,5,10,N,Y,N,3.0,$657.2K
Maple Grove,2118.0,sqft,6544.0,4,3.0,1.0,1964.0,No,4,6,N,N,N,7.0,$259.7K
Northgate,2759.0,sqft,9635.0,4,3.5,2.5,,No,5,4,N,N,N,5.0,$195.7K
Northgate,1601.0,sqft,2053.0,2,1.0,2.0,1936.0,No,3,10,Y,N,N,6.0,$126.4K
Old Mill District,1041.0,sqft,3553.0,1,1.0,1.0,1949.0,No,5,4,Y,N,N,6.0,$200.9K
Cedar Falls,1293.0,sqft,3280.0,3,3.0,1.5,1928.0,No,3,5,Y,N,N,6.0,$138.7K
Brookhaven,901.0,sqft,2209.0,2,1.0,2.0,1983.0,Yes,2,5,Y,Y,N,8.0,$202.5K
Harbor Point,3293.0,sqft,6802.0,6,3.5,2.5,1981.0,Yes,3,10,Y,Y,N,6.0,$1193.4K
Sunridge,2025.0,sqft,7889.0,2,1.5,2.0,1926.0,Yes,3,4,Y,N,N,7.0,$211.8K
Riverside Park,1793.0,sqft,2655.0,3,2.5,2.0,2012.0,No,3,6,Y,N,N,9.0,377200.0
Sunridge,1202.0,sqft,4064.0,2,1.5,2.0,2009.0,No,3,8,N,N,Y,3.0,119400.0
Old Mill District,1445.0,sqft,4502.0,2,1.0,3.0,1951.0,Yes,4,4,Y,Y,N,1.0,273200.0
Riverside Park,2569.0,sqft,6259.0,4,2.5,2.0,1985.0,No,4,3,N,N,N,6.0,$368.5K
Maple Grove,1971.0,sqft,3266.0,3,2.5,1.0,1998.0,No,5,6,Y,N,N,7.0,$296.8K
Harbor Point,1375.0,sqft,3972.0,3,1.5,3.0,1987.0,Yes,2,3,Y,N,N,5.0,386800.0
Harbor Point,1552.0,sqft,4830.0,1,1.0,1.0,1963.0,No,2,9,Y,Y,Y,6.0,463500.0
Harbor Point,1682.0,sqft,4036.0,2,1.5,1.0,1999.0,No,4,7,Y,Y,N,3.0,519000.0
Harbor Point,1990.0,sqft,5255.0,3,2.0,2.0,1974.0,No,4,8,Y,N,N,,$510.8K
Maple Grove,951.0,sqft,3379.0,2,1.0,3.0,1931.0,No,3,7,Y,Y,Y,5.0,$142.6K
Cedar Falls,2349.0,sqft,9308.0,4,3.5,2.0,1946.0,Yes,3,9,Y,,N,4.0,273500.0
Northgate,187.3,sqm,2531.0,3,2.0,2.5,1929.0,Yes,1,10,N,N,N,7.0,158300.0
Old Mill District,2551.0,sqft,3429.0,4,2.0,1.0,1984.0,No,2,9,Y,N,N,6.0,643200.0
Sunridge,2212.0,sqft,7249.0,3,1.5,1.0,1979.0,No,3,6,Y,N,N,7.0,$218.9K
Sunridge,1459.0,sqft,2096.0,3,2.0,1.0,1928.0,Yes,5,7,Y,N,N,7.0,$150.3K
Riverside Park,2298.0,sqft,6491.0,3,2.5,1.0,1926.0,Yes,2,6,Y,Y,N,,325900.0
Northgate,970.0,sqft,2400.0,1,1.0,2.0,1989.0,No,5,9,Y,N,N,,93600.0
Northgate,2204.0,sqft,4241.0,3,3.5,2.5,1986.0,No,3,4,Y,N,N,7.0,$175.1K
Sunridge,2710.0,sqft,3890.0,4,3.5,3.0,1963.0,No,3,8,N,Y,N,5.0,243600.0
Cedar Falls,1669.0,sqft,2936.0,3,3.0,1.5,2005.0,No,1,7,Y,Y,N,5.0,$227.3K
Cedar Falls,2131.0,sqft,5964.0,3,3.5,2.5,1961.0,No,1,7,N,N,N,4.0,$241.0K
Cedar Falls,110.1,sqm,1808.0,1,1.0,2.0,1968.0,Yes,3,4,Y,Y,N,5.0,$147.7K
Brookhaven,1911.0,sqft,5606.0,3,1.5,1.5,1948.0,No,3,10,Y,Y,Y,8.0,$406.5K
Old Mill District,947.0,sqft,3207.0,1,1.0,1.0,1927.0,No,5,9,N,N,N,7.0,208000.0
Sunridge,210.1,sqm,2725.0,3,2.0,2.0,1985.0,No,3,5,Y,Y,N,9.0,234700.0
Brookhaven,87.8,sqm,3199.0,2,1.0,1.5,2015.0,No,4,7,Y,N,N,3.0,$189.8K
Riverside Park,2113.0,sqft,7256.0,2,1.5,2.0,2022.0,No,4,10,Y,N,N,9.0,$483.9K
Riverside Park,2771.0,sqft,3589.0,3,2.5,3.0,1972.0,No,3,8,Y,Y,N,7.0,439500.0
Cedar Falls,2915.0,sqft,6235.0,5,2.5,1.0,1938.0,Yes,2,5,Y,N,Y,,348400.0
Riverside Park,1697.0,sqft,4693.0,3,2.5,1.0,1942.0,No,3,6,Y,N,N,5.0,$229.4K
Maple Grove,1293.0,sqft,1608.0,2,1.5,3.0,2007.0,No,5,8,Y,N,N,5.0,196000.0
Northgate,235.5,sqm,4140.0,4,3.5,2.0,1978.0,No,1,10,Y,Y,N,5.0,$228.9K
Harbor Point,1889.0,sqft,4982.0,2,1.0,1.0,1957.0,Yes,4,7,Y,Y,N,7.0,450500.0
Harbor Point,1855.0,sqft,5024.0,3,1.0,2.0,2013.0,No,5,4,Y,Y,N,,488300.0
Cedar Falls,2661.0,sqft,9517.0,4,2.5,2.0,1933.0,Yes,5,6,Y,Y,N,3.0,$367.9K
Maple Grove,1374.0,sqft,4531.0,2,1.0,3.0,2004.0,No,4,7,Y,N,N,8.0,$238.8K
Northgate,1242.0,sqft,4661.0,2,2.0,1.5,1947.0,Yes,4,10,Y,Y,N,7.0,$124.3K
Sunridge,110.3,sqm,2320.0,2,1.0,2.0,1934.0,No,1,3,Y,N,N,7.0,88100.0
Maple Grove,2530.0,sqft,9399.0,4,3.5,1.0,1952.0,No,3,7,Y,Y,N,5.0,$361.2K
Cedar Falls,811.0,sqft,1398.0,1,1.0,2.0,2022.0,No,2,7,Y,N,N,7.0,$122.2K
Cedar Falls,2384.0,sqft,5282.0,3,2.5,1.5,1994.0,Yes,4,4,Y,N,N,9.0,383200.0
Maple Grove,81.5,sqm,1866.0,2,1.5,2.5,2008.0,No,4,3,N,N,N,1.0,$106.3K
Northgate,1739.0,sqft,5481.0,3,1.5,2.0,1964.0,Yes,4,9,Y,,N,5.0,$146.2K
Maple Grove,2437.0,sqft,4850.0,4,3.5,2.0,1981.0,No,3,9,N,N,N,4.0,349400.0
Maple Grove,980.0,sqft,1235.0,1,1.0,1.0,1963.0,No,1,3,Y,Y,N,4.0,$133.5K
Cedar Falls,2400.0,sqft,7559.0,4,3.5,1.0,1922.0,No,5,10,Y,N,N,3.0,$237.0K
Harbor Point,1318.0,sqft,4753.0,3,2.0,2.0,1950.0,No,2,4,Y,,N,,$282.2K
Old Mill District,177.8,sqm,4040.0,2,2.0,1.5,1986.0,No,4,10,Y,Y,N,6.0,561800.0
Sunridge,2556.0,sqft,7956.0,4,3.5,1.0,2015.0,No,4,6,Y,Y,N,7.0,$337.1K
Cedar Falls,1738.0,sqft,5319.0,4,2.5,1.0,,No,3,7,Y,Y,N,3.0,$260.3K
Cedar Falls,1129.0,sqft,1970.0,1,1.0,1.5,1980.0,No,4,4,N,Y,N,4.0,148400.0
Old Mill District,2032.0,sqft,2667.0,2,2.0,1.5,2016.0,No,3,9,Y,N,N,6.0,492900.0
Sunridge,2426.0,sqft,8868.0,4,2.5,1.0,1980.0,No,4,3,N,N,Y,5.0,$229.2K
Northgate,1395.0,sqft,2462.0,2,1.5,2.5,1925.0,No,4,6,Y,Y,N,8.0,103900.0
Harbor Point,1982.0,sqft,5835.0,3,1.5,1.5,1937.0,Yes,4,6,Y,N,N,6.0,$458.5K
Harbor Point,2099.0,sqft,6139.0,4,3.5,2.0,2006.0,No,3,9,Y,N,N,5.0,684400.0
Old Mill District,1503.0,sqft,2260.0,3,1.5,1.0,2015.0,No,3,5,N,Y,N,6.0,396200.0
Riverside Park,650.0,sqft,1231.0,1,1.0,2.0,1969.0,No,5,10,Y,Y,N,6.0,$104.5K
Northgate,1995.0,sqft,5263.0,2,1.0,2.0,1984.0,Yes,2,10,Y,Y,N,9.0,205400.0
Riverside Park,1703.0,sqft,6207.0,3,1.5,1.5,1987.0,No,5,5,Y,N,N,9.0,$258.9K
Old Mill District,806.0,sqft,2220.0,1,1.0,1.5,2002.0,No,3,4,N,Y,N,4.0,166600.0
Cedar Falls,1867.0,sqft,4891.0,3,3.0,2.5,1990.0,No,4,3,N,N,N,8.0,$234.6K
Cedar Falls,1075.0,sqft,4241.0,1,1.5,3.0,2000.0,No,2,6,Y,N,Y,3.0,133000.0
Riverside Park,113.8,sqm,3404.0,3,2.5,1.0,1935.0,No,4,7,Y,N,N,9.0,$169.2K
Cedar Falls,2174.0,sqft,3725.0,4,3.0,1.0,2011.0,No,1,6,Y,N,N,4.0,277600.0
Old Mill District,2157.0,sqft,2878.0,3,3.0,1.0,2011.0,No,3,7,Y,N,N,7.0,594900.0
Northgate,1677.0,sqft,6441.0,2,2.5,2.0,1982.0,Yes,4,4,Y,Y,N,5.0,180100.0
Northgate,2913.0,sqft,4933.0,5,4.0,2.0,1954.0,No,3,5,Y,N,N,8.0,$196.4K
Brookhaven,1833.0,sqft,5268.0,3,2.0,1.0,2023.0,No,3,3,Y,Y,N,3.0,$396.5K
Riverside Park,1089.0,sqft,2040.0,3,2.0,1.5,2016.0,No,3,6,Y,N,Y,3.0,$234.5K
Brookhaven,2781.0,sqft,8738.0,5,3.5,2.5,1941.0,Yes,2,3,Y,Y,N,8.0,570300.0
Riverside Park,2099.0,sqft,6986.0,3,2.0,1.0,1985.0,No,4,6,Y,N,N,8.0,$362.7K
Maple Grove,2816.0,sqft,10146.0,5,3.0,1.0,1933.0,Yes,5,10,N,N,N,6.0,384000.0
Riverside Park,2590.0,sqft,6429.0,5,4.5,2.5,1963.0,No,4,5,Y,Y,N,,343000.0
Northgate,2419.0,sqft,5014.0,3,2.5,2.0,1924.0,Yes,2,3,N,N,N,9.0,$173.5K
Cedar Falls,1986.0,sqft,5697.0,4,3.0,2.0,2010.0,No,2,10,N,N,N,6.0,$276.7K
Maple Grove,242.4,sqm,6846.0,4,3.0,2.0,1929.0,No,5,8,Y,Y,N,,338500.0
Riverside Park,1998.0,sqft,6694.0,3,3.5,2.0,1980.0,No,1,8,Y,Y,N,6.0,368900.0
Riverside Park,189.3,sqm,7946.0,4,4.0,1.0,1967.0,Yes,4,7,Y,N,N,6.0,$387.4K
Brookhaven,2770.0,sqft,6776.0,4,3.0,1.0,1930.0,No,3,5,Y,Y,N,4.0,$534.4K
Riverside Park,107.9,sqm,3507.0,1,1.0,2.0,1996.0,No,4,6,Y,Y,N,7.0,$210.0K
Harbor Point,2062.0,sqft,6132.0,2,1.0,2.5,1952.0,No,4,6,Y,Y,N,7.0,477800.0
Brookhaven,1696.0,sqft,2792.0,3,2.0,2.0,2020.0,No,2,7,Y,N,N,6.0,$431.5K
Harbor Point,2108.0,sqft,4558.0,4,3.5,2.0,1953.0,Yes,1,5,Y,N,N,5.0,489400.0
Cedar Falls,1715.0,sqft,5578.0,3,2.0,1.5,1994.0,No,4,8,Y,Y,N,8.0,269800.0
Maple Grove,982.0,sqft,1395.0,1,1.0,2.0,2002.0,No,4,8,N,N,Y,6.0,153100.0
Riverside Park,1762.0,sqft,5102.0,2,2.0,2.5,2016.0,No,3,3,Y,Y,N,6.0,371300.0
Brookhaven,2776.0,sqft,6072.0,5,3.5,1.0,1937.0,Yes,3,5,Y,Y,N,6.0,$523.8K
Old Mill District,1685.0,sqft,6571.0,5,4.0,1.0,1967.0,No,1,7,Y,N,Y,9.0,470100.0
Cedar Falls,2518.0,sqft,7173.0,5,4.0,1.0,1982.0,Yes,5,3,Y,N,N,,$345.3K
Maple Grove,3310.0,sqft,12962.0,5,3.0,2.0,1943.0,No,3,5,N,Y,N,6.0,399600.0
Riverside Park,2249.0,sqft,8138.0,4,2.5,1.0,1940.0,No,3,5,Y,Y,N,6.0,$370.8K
Cedar Falls,1595.0,sqft,2786.0,2,1.5,2.0,1935.0,No,2,7,Y,N,N,5.0,$169.7K
Cedar Falls,3204.0,sqft,9342.0,4,3.5,2.0,2007.0,No,5,6,N,N,N,3.0,393200.0
Harbor Point,168.0,sqm,2551.0,3,1.5,1.5,1983.0,No,5,7,Y,N,N,6.0,$477.7K
Sunridge,3556.0,sqft,13582.0,6,3.5,1.0,2015.0,No,5,7,Y,Y,N,6.0,368100.0
Old Mill District,1058.0,sqft,2737.0,2,2.5,1.0,2020.0,No,3,7,Y,Y,N,5.0,317700.0
Brookhaven,1666.0,sqft,6335.0,3,2.0,2.5,2017.0,No,2,4,Y,N,Y,5.0,374600.0
Cedar Falls,153.0,sqm,5281.0,2,3.0,1.0,1940.0,Yes,2,5,Y,N,N,6.0,180900.0
Cedar Falls,2112.0,sqft,7504.0,3,2.5,2.0,2022.0,No,3,8,N,N,N,3.0,$290.5K
Old Mill District,1279.0,sqft,4218.0,2,2.0,1.0,1939.0,Yes,3,9,Y,Y,N,5.0,$321.2K
Old Mill District,2449.0,sqft,7599.0,3,2.5,2.0,1988.0,Yes,3,5,N,Y,N,4.0,635300.0
Riverside Park,1711.0,sqft,3794.0,1,1.0,1.0,1952.0,No,3,5,N,Y,N,5.0,$206.7K
Harbor Point,1458.0,sqft,4688.0,3,2.0,2.0,2021.0,No,3,5,N,Y,N,6.0,$435.1K
Riverside Park,156.4,sqm,5075.0,4,3.0,2.0,1950.0,No,2,8,Y,N,N,5.0,$257.6K
Cedar Falls,1268.0,sqft,2530.0,2,2.0,3.0,1968.0,No,4,6,Y,N,N,7.0,160800.0
Harbor Point,2070.0,sqft,7886.0,4,3.5,2.0,1945.0,Yes,2,4,N,Y,N,4.0,453600.0
Sunridge,1900.0,sqft,5311.0,3,3.0,2.0,1944.0,Yes,2,10,N,Y,Y,6.0,$251.7K
Brookhaven,1593.0,sqft,4080.0,2,2.5,1.0,1934.0,No,5,5,Y,Y,N,8.0,284300.0
Sunridge,1136.0,sqft,4300.0,2,1.0,1.0,1966.0,No,2,8,N,Y,N,5.0,$105.4K
Maple Grove,86.6,sqm,1762.0,1,1.0,1.0,1982.0,No,1,6,Y,N,N,,149900.0
Sunridge,2088.0,sqft,4842.0,4,2.5,2.0,1994.0,No,4,6,Y,N,N,4.0,$205.1K
Brookhaven,186.4,sqm,2623.0,3,2.5,1.0,2004.0,No,2,4,Y,N,N,7.0,$393.9K
Maple Grove,3253.0,sqft,12979.0,6,5.0,1.0,1938.0,No,4,5,Y,Y,Y,10.0,501300.0
Riverside Park,887.0,sqft,2989.0,1,1.0,2.0,1992.0,Yes,4,3,Y,N,N,6.0,162300.0
Harbor Point,1785.0,sqft,4781.0,2,1.0,2.5,2019.0,No,3,6,N,N,N,10.0,581900.0
Sunridge,3411.0,sqft,9851.0,4,3.0,1.0,1979.0,No,4,9,N,N,N,5.0,$312.0K
Old Mill District,182.7,sqm,6997.0,3,1.5,3.0,1955.0,No,3,4,Y,N,N,6.0,373900.0
Riverside Park,2339.0,sqft,4108.0,2,1.5,1.0,2007.0,No,4,4,Y,,N,8.0,416400.0
Harbor Point,1135.0,sqft,1739.0,1,1.0,3.0,1937.0,No,4,6,N,N,N,5.0,247100.0
Brookhaven,2063.0,sqft,7752.0,4,4.0,2.0,2008.0,Yes,3,10,Y,Y,N,7.0,482500.0
Harbor Point,1646.0,sqft,3391.0,3,2.0,2.0,1950.0,Yes,4,7,Y,N,Y,4.0,$490.9K
Brookhaven,2307.0,sqft,3746.0,4,4.5,3.0,1967.0,No,3,8,N,N,N,7.0,444000.0
Maple Grove,2036.0,sqft,6954.0,3,2.5,1.0,1973.0,No,2,4,Y,Y,N,9.0,271300.0
Northgate,1742.0,sqft,5490.0,2,1.5,2.5,1954.0,Yes,5,6,N,Y,N,5.0,142500.0
Brookhaven,2188.0,sqft,8420.0,3,2.0,1.0,1948.0,No,5,4,N,N,N,4.0,$319.7K
Harbor Point,96.8,sqm,2933.0,1,1.0,2.0,1921.0,Yes,4,10,Y,N,N,7.0,$295.5K
Riverside Park,1871.0,sqft,,2,2.5,2.5,1969.0,No,1,10,N,Y,N,7.0,318600.0
Brookhaven,275.0,sqm,5890.0,4,2.5,2.0,1925.0,Yes,5,4,Y,N,N,4.0,480900.0
Harbor Point,2315.0,sqft,8890.0,4,3.0,1.0,1976.0,No,3,10,Y,Y,N,6.0,649200.0
Brookhaven,2505.0,sqft,8249.0,5,3.0,1.0,1971.0,No,3,3,N,Y,N,5.0,391600.0
Riverside Park,1585.0,sqft,2828.0,2,1.0,2.5,1940.0,No,2,9,Y,N,N,4.0,209600.0
Cedar Falls,1968.0,sqft,4865.0,4,2.5,2.0,1986.0,No,5,3,Y,Y,N,7.0,250200.0
Northgate,1683.0,sqft,5220.0,1,1.0,2.5,2007.0,No,4,7,Y,N,N,7.0,$172.5K
Riverside Park,1752.0,sqft,6854.0,2,1.0,2.5,1940.0,No,5,4,Y,Y,N,,$278.7K
Brookhaven,1378.0,sqft,1685.0,2,1.0,1.0,1997.0,No,3,3,Y,Y,N,7.0,$300.9K
Old Mill District,2141.0,sqft,4617.0,2,1.0,2.0,1974.0,Yes,2,8,Y,Y,N,7.0,$686.7K
Northgate,1864.0,sqft,6389.0,3,2.5,1.5,1939.0,No,3,10,N,N,N,5.0,$145.5K
Riverside Park,1344.0,sqft,2610.0,3,3.5,1.0,1923.0,No,3,4,Y,Y,N,5.0,$185.0K
Old Mill District,1807.0,sqft,3939.0,2,1.0,2.0,2016.0,No,5,10,N,Y,N,6.0,$491.5K
Northgate,1105.0,sqft,3143.0,3,2.5,2.0,2006.0,No,3,10,N,Y,N,7.0,113600.0
Old Mill District,2779.0,sqft,9808.0,5,4.0,2.0,1924.0,No,3,6,Y,N,N,4.0,$491.2K
Riverside Park,164.3,sqm,4577.0,2,2.5,1.0,2020.0,No,3,9,Y,N,N,8.0,421000.0
Harbor Point,1534.0,sqft,4900.0,2,1.0,1.0,1951.0,Yes,3,5,Y,N,N,6.0,396800.0
Old Mill District,1735.0,sqft,6628.0,2,1.5,1.0,1977.0,No,2,8,Y,N,N,6.0,412300.0
Maple Grove,2406.0,sqft,5487.0,5,3.5,2.5,1949.0,No,4,4,Y,N,N,3.0,$329.7K
Northgate,2009.0,sqft,6502.0,3,1.5,2.0,1922.0,No,4,9,Y,N,N,8.0,159500.0
Old Mill District,1090.0,sqft,3487.0,3,3.0,1.0,1957.0,No,5,7,N,N,N,3.0,253300.0
Harbor Point,1852.0,sqft,3570.0,3,1.5,2.0,1986.0,Yes,3,6,Y,Y,Y,7.0,$667.5K
Brookhaven,922.0,sqft,1540.0,1,1.0,2.0,2021.0,Yes,5,4,Y,N,Y,5.0,253700.0
Old Mill District,1502.0,sqft,2755.0,2,2.0,3.0,1941.0,No,2,5,N,Y,N,7.0,$320.2K
Northgate,2940.0,sqft,7408.0,4,3.0,2.0,1999.0,No,4,6,Y,N,N,5.0,264700.0
Brookhaven,3075.0,sqft,11442.0,4,3.0,2.5,2019.0,No,4,5,Y,Y,N,6.0,$683.2K
Maple Grove,2213.0,sqft,6114.0,2,2.0,1.0,1950.0,No,4,8,Y,N,N,7.0,$275.6K
Brookhaven,2274.0,sqft,7191.0,3,2.5,2.0,1967.0,Yes,2,9,N,,N,10.0,$492.2K
Riverside Park,2064.0,sqft,2952.0,4,2.5,2.0,2023.0,No,3,4,Y,N,N,,$378.0K
Cedar Falls,1135.0,sqft,1555.0,2,1.0,2.0,1994.0,No,4,8,Y,Y,N,,$144.8K
Riverside Park,1840.0,sqft,5389.0,3,2.0,2.0,1927.0,Yes,3,6,Y,N,N,3.0,$243.9K
Old Mill District,1205.0,sqft,2552.0,2,1.5,2.0,1953.0,Yes,3,7,Y,Y,N,3.0,259200.0
Cedar Falls,3017.0,sqft,4334.0,4,2.5,2.0,1967.0,No,3,9,Y,Y,N,7.0,417000.0
Riverside Park,1255.0,sqft,4256.0,2,1.0,1.0,2004.0,No,3,5,N,Y,N,3.0,$232.9K
Brookhaven,1778.0,sqft,4120.0,2,2.0,3.0,1922.0,Yes,5,9,Y,Y,N,3.0,$355.1K
Maple Grove,1735.0,sqft,5917.0,3,2.0,2.0,1937.0,Yes,4,7,Y,Y,N,5.0,258800.0
Old Mill District,1598.0,sqft,6115.0,3,2.0,1.0,1934.0,No,3,7,Y,N,N,4.0,$329.9K
Cedar Falls,1782.0,sqft,3078.0,3,2.0,1.5,1956.0,No,2,10,N,Y,N,7.0,$178.3K
Harbor Point,2907.0,sqft,11475.0,4,2.0,2.0,1935.0,No,3,7,Y,N,N,5.0,712500.0
Brookhaven,1714.0,sqft,4544.0,3,1.5,1.5,1954.0,No,3,7,Y,N,Y,9.0,367000.0
Old Mill District,2076.0,sqft,5377.0,3,2.0,2.0,1930.0,No,4,6,Y,N,N,5.0,374800.0
Sunridge,1067.0,sqft,2623.0,2,2.5,1.0,1962.0,No,5,4,Y,,N,,$106.3K
Cedar Falls,2011.0,sqft,5796.0,4,4.0,1.5,1964.0,No,3,8,N,N,N,7.0,219500.0
Riverside Park,1138.0,sqft,2168.0,1,1.0,1.5,1920.0,Yes,5,3,Y,Y,N,6.0,141500.0
Sunridge,500.0,sqft,800.0,1,1.0,2.0,1954.0,No,3,9,Y,N,Y,5.0,52500.0
Brookhaven,1056.0,sqft,2699.0,2,1.0,1.0,2019.0,No,4,3,Y,Y,N,6.0,211100.0
Brookhaven,2433.0,sqft,3628.0,4,2.5,2.0,1923.0,No,4,8,Y,N,N,7.0,434600.0
Sunridge,3134.0,sqft,12081.0,5,2.5,1.0,1973.0,No,5,4,Y,Y,Y,6.0,338600.0
Brookhaven,1937.0,sqft,7598.0,3,1.5,1.0,1957.0,No,5,3,N,Y,N,6.0,$279.4K
Harbor Point,2950.0,sqft,5168.0,5,4.0,1.0,2022.0,No,5,7,Y,Y,N,10.0,$1149.5K
Cedar Falls,150.8,sqm,2136.0,3,2.0,1.0,2004.0,No,3,3,Y,N,N,8.0,$231.5K
Harbor Point,1757.0,sqft,4675.0,2,1.5,3.0,1941.0,Yes,3,6,Y,N,N,5.0,$392.7K
Old Mill District,1306.0,sqft,2005.0,2,2.0,1.0,1988.0,Yes,3,7,Y,N,N,9.0,$372.4K
Cedar Falls,951.0,sqft,1305.0,1,1.5,3.0,1994.0,No,3,9,Y,Y,N,6.0,154000.0
Old Mill District,1902.0,sqft,7049.0,2,2.0,1.0,2004.0,No,4,5,Y,N,N,5.0,$508.5K
Old Mill District,1515.0,sqft,3191.0,2,1.5,1.5,2004.0,No,2,5,Y,Y,N,4.0,$372.8K
Sunridge,1916.0,sqft,4910.0,3,2.0,1.0,2023.0,No,4,10,Y,Y,N,3.0,201400.0
Sunridge,1996.0,sqft,3492.0,3,2.0,1.0,1998.0,No,3,3,Y,N,N,5.0,$200.6K
Harbor Point,251.3,sqm,10309.0,5,4.0,1.0,1959.0,No,3,6,Y,N,N,7.0,720800.0
Maple Grove,2162.0,sqft,4500.0,4,3.5,1.0,1998.0,No,2,3,N,N,N,7.0,$307.3K
Brookhaven,2187.0,sqft,4398.0,4,2.5,2.0,1991.0,No,5,5,N,Y,N,8.0,514200.0
Old Mill District,1779.0,sqft,5711.0,2,1.0,1.0,2005.0,No,4,10,N,Y,Y,6.0,645200.0
Riverside Park,1864.0,sqft,2426.0,3,2.5,1.0,1922.0,Yes,3,5,Y,N,N,8.0,255300.0
Cedar Falls,283.3,sqm,9985.0,4,3.0,1.0,1988.0,Yes,4,8,Y,N,N,6.0,$351.9K
Riverside Park,1576.0,sqft,5624.0,2,1.5,2.0,1989.0,No,2,6,Y,Y,Y,7.0,242100.0
Cedar Falls,1962.0,sqft,6790.0,3,2.0,2.5,1920.0,Yes,4,3,N,Y,N,5.0,238400.0
Brookhaven,3239.0,sqft,4618.0,5,3.5,1.0,1931.0,Yes,5,4,Y,N,N,5.0,566100.0
Maple Grove,104.0,sqm,3036.0,2,1.0,3.0,1982.0,Yes,2,7,N,Y,N,8.0,$168.8K
Maple Grove,1995.0,sqft,6850.0,4,3.0,1.5,1933.0,No,4,5,Y,N,N,5.0,$243.2K
Brookhaven,1969.0,sqft,3578.0,3,3.5,1.0,1933.0,No,3,9,Y,Y,N,8.0,$321.6K
Brookhaven,1670.0,sqft,2826.0,2,1.0,2.0,1954.0,Yes,5,10,Y,Y,N,5.0,368200.0
Old Mill District,1784.0,sqft,5933.0,4,3.0,3.0,1994.0,No,1,9,N,Y,N,7.0,478200.0
Old Mill District,2852.0,sqft,11156.0,4,3.0,1.0,1960.0,No,4,5,Y,N,N,9.0,$667.1K
Brookhaven,3203.0,sqft,10710.0,5,4.0,3.0,2009.0,No,2,6,Y,Y,N,5.0,733500.0
Northgate,2491.0,sqft,7356.0,6,4.5,2.0,1928.0,No,3,5,Y,N,N,5.0,$212.6K
Northgate,1564.0,sqft,6105.0,2,1.0,2.0,2013.0,No,4,4,N,,N,6.0,130200.0
Cedar Falls,1246.0,sqft,1576.0,2,1.5,3.0,1943.0,No,3,6,Y,N,N,7.0,$131.7K
Sunridge,1772.0,sqft,2626.0,4,3.0,2.0,2006.0,No,3,10,Y,Y,N,7.0,196000.0
Cedar Falls,77.7,sqm,2496.0,1,1.0,1.0,1948.0,No,3,4,Y,N,N,4.0,$84.0K
Maple Grove,226.5,sqm,4157.0,3,3.0,1.0,1999.0,No,3,6,Y,N,N,5.0,$365.0K
Maple Grove,1457.0,sqft,3254.0,2,2.0,2.0,1953.0,Yes,3,5,Y,Y,Y,6.0,$198.6K
Northgate,2154.0,sqft,7169.0,4,3.5,1.0,1932.0,No,1,7,Y,N,N,6.0,164200.0
Riverside Park,1711.0,sqft,4181.0,3,2.5,1.0,1992.0,No,4,10,N,Y,N,7.0,293500.0
Harbor Point,167.3,sqm,4164.0,3,2.0,2.0,1952.0,No,4,7,Y,,N,3.0,$453.6K
Northgate,181.6,sqm,2873.0,3,3.0,3.0,2019.0,No,4,8,N,Y,N,,183600.0
Sunridge,776.0,sqft,2882.0,1,2.0,2.0,1951.0,No,3,10,N,N,N,,$69.6K
Sunridge,1845.0,sqft,4669.0,2,2.0,1.0,1986.0,No,4,10,Y,Y,N,,$204.9K
Old Mill District,2968.0,sqft,3937.0,4,3.0,1.0,1969.0,No,5,3,Y,Y,N,9.0,740300.0
Sunridge,1821.0,sqft,2396.0,3,1.5,2.0,2022.0,No,3,9,Y,N,N,3.0,$202.4K
Cedar Falls,228.3,sqm,5738.0,5,4.0,2.0,1999.0,No,3,5,Y,Y,N,1.0,$379.5K
Brookhaven,1092.0,sqft,3413.0,2,1.5,2.5,1954.0,No,3,8,Y,N,N,8.0,197700.0
Cedar Falls,697.0,sqft,2754.0,1,1.0,1.0,1991.0,Yes,3,4,Y,N,N,5.0,97000.0
Old Mill District,1776.0,sqft,7062.0,3,2.5,1.0,2021.0,No,4,9,N,N,N,5.0,$533.5K
Brookhaven,1749.0,sqft,2627.0,2,2.5,2.0,1942.0,No,2,5,Y,Y,N,7.0,$278.2K
Cedar Falls,2653.0,sqft,5937.0,4,3.0,1.5,1921.0,No,4,8,Y,N,N,,$304.3K
Cedar Falls,3984.0,sqft,6507.0,6,5.5,2.0,,Yes,4,8,Y,N,N,7.0,$516.9K
Sunridge,844.0,sqft,1995.0,2,1.0,2.5,1938.0,No,4,9,Y,Y,N,,83400.0
Harbor Point,1821.0,sqft,5093.0,2,2.0,1.0,1963.0,Yes,5,8,Y,N,N,7.0,$455.6K
Cedar Falls,1293.0,sqft,1707.0,2,1.0,2.0,1987.0,No,5,10,Y,N,N,6.0,165500.0
Harbor Point,1447.0,sqft,2173.0,2,1.5,1.0,1921.0,No,5,10,N,Y,N,9.0,$431.8K
Old Mill District,1710.0,sqft,6147.0,3,2.5,2.0,1997.0,Yes,2,10,Y,N,N,5.0,$550.0K
Brookhaven,1825.0,sqft,4817.0,3,2.5,1.5,2011.0,No,2,3,Y,Y,N,6.0,$373.0K
Sunridge,1885.0,sqft,7127.0,3,3.0,2.5,1982.0,Yes,1,3,Y,Y,N,8.0,$194.6K
Sunridge,2102.0,sqft,2866.0,4,3.0,1.5,1923.0,Yes,5,8,Y,N,N,8.0,206400.0
Harbor Point,1995.0,sqft,5513.0,3,1.5,1.5,2007.0,No,5,9,Y,N,N,,$598.9K
Northgate,2022.0,sqft,4411.0,4,2.5,1.0,2022.0,No,2,4,N,Y,N,7.0,$202.6K
Riverside Park,2521.0,sqft,3674.0,4,2.5,3.0,1939.0,No,4,9,N,N,N,8.0,329100.0
Riverside Park,1999.0,sqft,3599.0,3,2.0,1.5,2015.0,No,2,6,N,Y,N,6.0,414300.0
Cedar Falls,2434.0,sqft,4457.0,4,3.0,2.0,1961.0,No,4,7,N,N,N,5.0,$246.9K
Old Mill District,2213.0,sqft,,4,2.5,2.0,2002.0,No,5,10,N,Y,N,4.0,586300.0
Northgate,2616.0,sqft,4867.0,4,3.5,2.5,2007.0,No,3,9,N,Y,N,7.0,$244.8K
Harbor Point,897.0,sqft,1854.0,2,2.5,3.0,1987.0,No,1,8,Y,Y,N,7.0,$259.4K
Maple Grove,1503.0,sqft,2971.0,2,1.5,2.0,2000.0,Yes,3,6,Y,N,N,8.0,$252.1K
Northgate,1263.0,sqft,1678.0,2,1.5,1.5,1959.0,No,5,9,Y,N,N,6.0,$121.3K
Northgate,1607.0,sqft,6062.0,2,2.5,2.0,1969.0,No,2,3,Y,N,N,3.0,$127.1K
Maple Grove,736.0,sqft,1020.0,1,1.0,2.0,2015.0,No,3,7,Y,N,N,9.0,110200.0
Harbor Point,2357.0,sqft,6823.0,3,3.0,2.0,1957.0,Yes,4,7,N,,N,5.0,603600.0
Sunridge,1081.0,sqft,3844.0,1,1.0,3.0,2009.0,No,1,10,Y,N,N,8.0,$129.1K
Cedar Falls,1488.0,sqft,3504.0,3,2.5,2.0,1989.0,No,3,3,Y,N,N,9.0,177400.0
Old Mill District,2540.0,sqft,5588.0,4,2.5,2.0,1956.0,No,4,4,Y,Y,N,8.0,$620.8K
Northgate,1593.0,sqft,2440.0,2,3.0,2.0,1947.0,Yes,2,8,N,N,N,,133600.0
Brookhaven,104.0,sqm,1443.0,2,1.0,1.0,1963.0,Yes,4,6,N,Y,Y,5.0,$200.4K
Sunridge,3141.0,sqft,7812.0,5,3.5,1.5,1976.0,Yes,4,10,Y,N,N,9.0,392000.0
Riverside Park,2408.0,sqft,7926.0,4,3.0,1.0,1928.0,Yes,2,9,Y,N,N,4.0,389200.0
Riverside Park,172.9,sqm,4487.0,3,2.5,1.0,1921.0,No,5,5,Y,N,N,6.0,$264.2K
Riverside Park,131.2,sqm,2692.0,3,2.0,2.5,1981.0,No,3,5,Y,N,N,8.0,218700.0
Old Mill District,1114.0,sqft,2004.0,2,1.0,2.0,1961.0,No,1,3,N,Y,N,6.0,$251.0K
Sunridge,2721.0,sqft,5925.0,3,2.0,2.0,1924.0,No,5,9,Y,Y,N,5.0,218000.0
Cedar Falls,1933.0,sqft,6945.0,3,2.0,1.0,1991.0,Yes,3,4,Y,N,N,5.0,264100.0
Riverside Park,1304.0,sqft,3367.0,2,1.5,2.0,2022.0,No,3,7,Y,N,N,6.0,$249.4K
Riverside Park,2569.0,sqft,7619.0,4,3.5,2.0,2016.0,No,1,7,Y,Y,N,4.0,406600.0
Northgate,1983.0,sqft,3731.0,3,1.5,1.5,2002.0,No,3,9,Y,N,N,6.0,139100.0
Cedar Falls,942.0,sqft,3663.0,1,1.0,1.0,1941.0,No,5,4,N,,N,,$108.0K
Northgate,500.0,sqft,1782.0,1,1.0,1.0,1964.0,No,4,4,Y,N,N,5.0,45000
Brookhaven,221.0,sqm,8825.0,3,1.5,2.0,1988.0,No,4,4,Y,N,N,5.0,$514.3K
Brookhaven,128.2,sqm,2921.0,3,2.5,1.0,1947.0,Yes,4,7,N,N,N,4.0,$222.5K
Brookhaven,1155.0,sqft,3501.0,2,1.0,1.0,1932.0,No,4,9,Y,N,N,7.0,$200.9K
Brookhaven,285.1,sqm,3971.0,6,4.5,1.0,1961.0,No,3,10,Y,N,N,8.0,$589.1K
Cedar Falls,1942.0,sqft,3516.0,4,2.5,3.0,1981.0,No,4,6,N,N,Y,6.0,$260.4K
Riverside Park,500.0,sqft,1525.0,1,1.0,2.0,1990.0,No,5,7,N,N,N,6.0,$78.3K
Riverside Park,1109.0,sqft,1556.0,1,1.0,2.0,2008.0,Yes,5,7,Y,Y,N,4.0,$194.8K
Northgate,53.6,sqm,1520.0,1,1.5,1.5,1942.0,Yes,4,3,Y,N,N,,$45.4K
Sunridge,1095.0,sqft,2862.0,1,1.0,2.0,2013.0,No,3,10,Y,N,N,5.0,140700.0
Sunridge,2250.0,sqft,4377.0,3,2.0,2.0,1974.0,No,5,10,N,Y,N,7.0,245000.0
Sunridge,192.5,sqm,5397.0,4,2.5,1.5,1989.0,No,4,10,N,N,N,7.0,241800.0
Maple Grove,1595.0,sqft,2441.0,3,2.0,1.0,1978.0,No,5,10,Y,Y,Y,6.0,236300.0
Riverside Park,104.0,sqm,1873.0,1,1.5,2.0,2005.0,No,2,10,Y,Y,N,8.0,222400.0
Northgate,106.9,sqm,1471.0,3,2.0,1.0,1947.0,No,5,10,Y,Y,N,7.0,$105.4K
Harbor Point,3005.0,sqft,4129.0,5,4.5,2.0,1991.0,Yes,2,8,Y,Y,Y,6.0,$1032.0K
Harbor Point,189.5,sqm,5466.0,4,3.0,2.5,1984.0,No,3,8,Y,Y,N,2.0,$530.8K
Cedar Falls,2283.0,sqft,5147.0,3,2.0,1.0,2013.0,Yes,4,3,Y,N,N,10.0,342100.0
Maple Grove,2405.0,sqft,4514.0,4,3.5,1.0,2020.0,No,4,8,Y,Y,N,7.0,$487.5K
Harbor Point,1815.0,sqft,6086.0,3,1.5,2.0,2008.0,No,3,4,Y,Y,N,9.0,$550.8K
Brookhaven,1706.0,sqft,2734.0,1,1.0,2.0,1948.0,No,4,8,Y,Y,N,6.0,$248.8K
Brookhaven,165.4,sqm,3614.0,3,1.5,1.0,,No,2,5,N,Y,N,2.0,376800.0
Sunridge,2503.0,sqft,6570.0,3,2.0,2.5,2013.0,No,3,7,N,Y,N,7.0,314100.0
Cedar Falls,3226.0,sqft,12375.0,5,4.5,1.0,1999.0,No,4,5,Y,Y,N,7.0,445300.0
Brookhaven,2579.0,sqft,6461.0,3,1.5,2.0,2013.0,No,4,9,N,N,N,8.0,$637.2K
Riverside Park,2192.0,sqft,4651.0,3,2.0,1.0,1994.0,No,1,9,N,N,N,4.0,321500.0
Northgate,257.9,sqm,8195.0,4,2.5,3.0,1981.0,No,2,10,Y,Y,N,4.0,$273.1K
Northgate,1097.0,sqft,2690.0,1,1.5,2.5,1974.0,No,3,8,Y,N,N,,$85.5K
Cedar Falls,2116.0,sqft,6570.0,4,2.0,1.5,2006.0,No,4,7,N,Y,N,10.0,345200.0
Brookhaven,2926.0,sqft,4187.0,5,5.0,1.0,1924.0,No,3,9,N,Y,N,8.0,$478.4K
Brookhaven,2391.0,sqft,7263.0,3,1.5,2.5,1962.0,Yes,3,7,Y,Y,N,4.0,$504.4K
Harbor Point,2677.0,sqft,5113.0,5,3.0,3.0,1949.0,Yes,4,7,Y,Y,Y,5.0,653500.0
Cedar Falls,2198.0,sqft,3320.0,3,2.5,2.0,2006.0,No,4,9,Y,N,N,3.0,$304.8K
Harbor Point,103.6,sqm,1524.0,1,1.0,2.0,2010.0,No,3,3,Y,Y,N,4.0,$264.2K
Sunridge,2528.0,sqft,4148.0,4,3.5,1.0,1996.0,No,3,4,Y,N,N,4.0,256500.0
Sunridge,2686.0,sqft,6562.0,4,2.0,1.0,1935.0,No,4,8,Y,Y,N,6.0,$252.0K
Cedar Falls,1774.0,sqft,3638.0,2,1.5,2.0,1985.0,No,3,8,Y,Y,N,5.0,$230.2K
Riverside Park,1772.0,sqft,6794.0,2,1.0,1.0,1954.0,No,5,9,Y,N,N,5.0,$292.0K
Cedar Falls,1493.0,sqft,4017.0,2,1.5,3.0,1955.0,No,4,4,Y,Y,N,,$168.6K
Northgate,262.9,sqm,4002.0,4,3.5,1.5,1985.0,Yes,3,3,N,N,N,6.0,$230.6K
Sunridge,2921.0,sqft,10351.0,5,4.0,1.0,1975.0,No,4,5,Y,N,N,,$303.2K
Old Mill District,977.0,sqft,1665.0,2,1.5,2.0,1991.0,Yes,3,8,Y,Y,N,8.0,$326.3K
Cedar Falls,1727.0,sqft,2589.0,3,2.5,2.0,2010.0,No,4,4,Y,N,N,8.0,298100.0
Old Mill District,1550.0,sqft,2327.0,2,1.5,2.0,1950.0,No,2,10,Y,N,N,5.0,$328.3K
Riverside Park,2118.0,sqft,3825.0,3,1.5,2.5,1970.0,No,3,8,Y,N,N,7.0,337400.0
Sunridge,1844.0,sqft,4048.0,1,1.0,1.5,1964.0,No,4,10,Y,Y,N,5.0,$199.6K
Old Mill District,1514.0,sqft,4978.0,2,1.5,3.0,1972.0,No,3,7,Y,N,N,6.0,317600.0
Harbor Point,2034.0,sqft,3734.0,2,1.5,1.0,1975.0,No,2,10,Y,Y,N,9.0,593700.0
Old Mill District,1718.0,sqft,3492.0,3,3.0,2.0,1979.0,No,3,8,N,,N,2.0,$333.5K
Cedar Falls,1485.0,sqft,2576.0,3,3.0,1.0,1979.0,Yes,5,3,N,N,Y,7.0,213800.0
Northgate,2614.0,sqft,10376.0,3,2.5,1.0,,Yes,3,3,Y,N,N,6.0,206100.0
Cedar Falls,1232.0,sqft,4689.0,3,2.5,2.0,1950.0,Yes,2,8,Y,N,N,7.0,156300.0
Riverside Park,2520.0,sqft,6268.0,4,3.0,1.5,2003.0,No,4,10,Y,Y,N,7.0,$463.6K
Riverside Park,1030.0,sqft,3938.0,1,1.0,2.0,1929.0,No,3,9,Y,Y,N,6.0,$166.8K
Riverside Park,1989.0,sqft,7406.0,3,2.0,1.0,1951.0,No,4,3,Y,Y,N,3.0,280000.0
Brookhaven,1422.0,sqft,5453.0,3,2.0,1.0,1968.0,No,5,3,Y,Y,N,3.0,$278.5K
Sunridge,2695.0,sqft,5732.0,4,2.0,1.0,1940.0,No,2,5,Y,Y,N,7.0,$246.1K
Sunridge,2090.0,sqft,7823.0,3,1.5,2.0,1943.0,No,3,6,Y,Y,N,,$148.0K
Old Mill District,2346.0,sqft,5998.0,3,2.5,2.5,1960.0,No,5,7,Y,N,Y,5.0,543900.0
Harbor Point,1681.0,sqft,6669.0,2,2.0,3.0,1949.0,No,4,10,N,Y,N,7.0,433200.0
Old Mill District,1533.0,sqft,5767.0,2,1.5,2.0,1983.0,No,4,7,Y,N,N,3.0,347300.0
Riverside Park,1447.0,sqft,5751.0,3,2.0,2.5,1979.0,No,3,8,Y,N,N,6.0,$251.1K
Old Mill District,2420.0,sqft,8739.0,3,2.0,1.0,1938.0,Yes,2,7,Y,N,N,8.0,503600.0
Harbor Point,2136.0,sqft,3261.0,2,2.0,1.5,1922.0,No,4,6,Y,Y,N,4.0,$482.5K
Harbor Point,1348.0,sqft,5179.0,2,1.5,2.0,2023.0,No,4,3,Y,N,N,3.0,381300.0
Cedar Falls,2881.0,sqft,4629.0,5,4.5,1.0,1997.0,No,4,9,Y,,N,,$351.0K
Maple Grove,2075.0,sqft,3106.0,4,3.0,2.0,1978.0,Yes,3,8,Y,N,N,5.0,$306.9K
Harbor Point,2446.0,sqft,6352.0,4,3.0,1.0,1990.0,Yes,2,10,Y,N,N,6.0,$856.7K
Harbor Point,1062.0,sqft,2769.0,2,1.0,2.0,1928.0,Yes,3,3,Y,Y,N,6.0,257200.0
Northgate,1854.0,sqft,6140.0,4,4.0,1.5,2000.0,No,2,9,Y,N,N,4.0,$165.0K
Northgate,500.0,sqft,1497.0,1,1.0,2.0,2003.0,No,3,6,Y,N,N,8.0,49600.0
Old Mill District,155.5,sqm,3222.0,2,2.0,1.0,1943.0,No,2,10,Y,N,N,6.0,$345.0K
Sunridge,2314.0,sqft,5183.0,3,2.5,1.0,2009.0,Yes,2,5,N,Y,N,5.0,274600.0
Cedar Falls,2742.0,sqft,7358.0,4,3.5,1.0,1981.0,No,3,4,N,Y,N,2.0,$288.2K
Harbor Point,2589.0,sqft,9123.0,3,2.5,1.0,1985.0,No,3,3,N,N,N,7.0,736300.0
Maple Grove,1018.0,sqft,2851.0,2,1.5,2.0,1970.0,No,3,9,Y,N,N,7.0,$131.5K
Northgate,2675.0,sqft,9155.0,4,2.0,2.0,1971.0,No,3,10,Y,Y,N,3.0,270100.0
Brookhaven,203.1,sqm,3102.0,4,3.0,2.0,1964.0,No,3,8,Y,Y,N,5.0,$443.8K
Maple Grove,46.4,sqm,1095.0,1,1.0,2.0,1946.0,No,3,10,Y,N,N,5.0,70000.0
Cedar Falls,2400.0,sqft,8532.0,3,3.0,2.0,2014.0,No,2,10,Y,N,N,3.0,$327.7K
Cedar Falls,2145.0,sqft,3619.0,3,2.5,1.0,1991.0,Yes,5,10,Y,N,N,6.0,$326.1K
Northgate,1896.0,sqft,5135.0,3,2.0,2.5,1946.0,Yes,4,7,Y,N,N,7.0,$152.2K
Harbor Point,173.4,sqm,6716.0,2,1.0,1.5,1999.0,No,2,8,N,Y,Y,7.0,641200.0
Maple Grove,2979.0,sqft,6189.0,4,2.5,2.0,1924.0,No,3,9,Y,N,N,8.0,$390.0K
Riverside Park,1665.0,sqft,,3,2.0,2.0,2009.0,No,3,9,Y,Y,N,6.0,$318.0K
Northgate,989.0,sqft,3709.0,2,2.0,2.0,2022.0,Yes,4,10,Y,N,N,8.0,$117.1K
Sunridge,2073.0,sqft,7243.0,3,1.5,1.0,1940.0,Yes,5,10,Y,N,N,6.0,$195.9K
Brookhaven,2378.0,sqft,5950.0,4,3.0,2.5,1991.0,Yes,4,7,Y,Y,N,3.0,$479.5K
Northgate,2037.0,sqft,3188.0,3,2.0,3.0,1953.0,No,2,4,N,Y,N,,158700.0
Maple Grove,1995.0,sqft,4619.0,4,3.5,3.0,1954.0,Yes,3,3,Y,Y,N,,276600.0
Riverside Park,2967.0,sqft,11421.0,4,3.0,2.0,1978.0,No,3,9,N,N,N,9.0,$516.3K
Maple Grove,1580.0,sqft,6176.0,2,1.0,2.0,1940.0,No,3,8,Y,N,N,4.0,$173.7K
Sunridge,2656.0,sqft,7425.0,4,3.5,1.5,2016.0,No,2,10,Y,N,N,9.0,347100.0
Maple Grove,182.5,sqm,5739.0,4,3.5,2.0,1974.0,No,4,9,Y,Y,N,7.0,304300.0
Brookhaven,207.4,sqm,6510.0,4,2.0,1.5,1932.0,Yes,3,9,N,Y,N,5.0,428600.0
Maple Grove,1652.0,sqft,2047.0,3,2.5,2.0,2005.0,No,4,5,N,N,N,2.0,221100.0
Northgate,1385.0,sqft,3593.0,3,3.0,2.0,1978.0,Yes,2,3,Y,Y,N,4.0,$124.4K
Sunridge,119.1,sqm,3561.0,1,1.0,1.0,1935.0,Yes,4,10,Y,N,N,5.0,118300.0
Maple Grove,1768.0,sqft,3039.0,1,1.0,3.0,1990.0,Yes,2,9,Y,N,N,7.0,256200.0
Maple Grove,2726.0,sqft,3593.0,5,3.5,1.0,2016.0,No,5,3,N,N,N,9.0,$446.4K
Harbor Point,1400.0,sqft,,1,1.5,1.5,2014.0,No,3,7,N,N,N,,423300.0
Cedar Falls,977.0,sqft,2477.0,2,1.5,1.0,1960.0,No,1,8,Y,Y,N,9.0,$122.9K
Riverside Park,967.0,sqft,1475.0,2,1.0,3.0,1965.0,No,4,6,Y,Y,N,5.0,159200.0
Cedar Falls,1665.0,sqft,6124.0,3,3.0,1.5,1947.0,No,5,6,Y,Y,N,7.0,$217.5K
Sunridge,922.0,sqft,1217.0,2,2.5,1.0,2011.0,Yes,3,10,Y,N,N,7.0,120700.0
Cedar Falls,2165.0,sqft,8481.0,4,2.5,3.0,2009.0,Yes,4,5,Y,Y,N,10.0,417800.0
Harbor Point,180.8,sqm,6254.0,3,2.5,1.0,1969.0,No,4,4,N,N,N,7.0,$405.4K
Brookhaven,1496.0,sqft,3093.0,2,1.0,1.0,1985.0,No,3,8,Y,N,N,6.0,243500.0
Riverside Park,1923.0,sqft,2440.0,3,3.5,1.5,1978.0,No,2,6,Y,Y,N,8.0,$358.6K
Cedar Falls,2206.0,sqft,7066.0,3,3.0,2.5,2006.0,No,2,7,Y,N,N,7.0,300100.0
Harbor Point,1010.0,sqft,1576.0,2,1.5,2.5,2016.0,No,3,6,Y,N,Y,4.0,361200.0
Harbor Point,2116.0,sqft,2676.0,4,3.0,1.0,2019.0,No,5,10,Y,Y,N,,703200.0
Cedar Falls,1993.0,sqft,2501.0,4,3.5,2.5,1999.0,No,2,10,Y,Y,N,8.0,$292.9K
Sunridge,2622.0,sqft,6429.0,3,3.0,1.0,1936.0,No,3,7,Y,N,N,7.0,207300.0
Riverside Park,2243.0,sqft,3248.0,3,2.5,2.5,2005.0,No,3,6,Y,N,N,7.0,$452.4K
Old Mill District,1752.0,sqft,4963.0,2,1.0,1.0,1977.0,No,5,4,Y,Y,N,6.0,$392.6K
Cedar Falls,1188.0,sqft,3413.0,1,1.0,1.0,1993.0,No,4,6,Y,Y,N,4.0,151700.0
Sunridge,205.9,sqm,6917.0,4,3.0,1.0,1935.0,No,3,8,Y,N,Y,5.0,$216.4K
Riverside Park,507.0,sqft,1462.0,2,1.5,1.0,1931.0,No,4,5,Y,Y,Y,6.0,75600.0
Cedar Falls,1218.0,sqft,2737.0,2,1.5,1.0,1945.0,Yes,3,5,N,N,N,6.0,$151.1K
Brookhaven,173.5,sqm,6341.0,2,1.5,2.0,1997.0,Yes,4,4,Y,Y,N,6.0,321800.0
Sunridge,2113.0,sqft,6123.0,4,3.5,1.0,1933.0,Yes,3,3,Y,Y,N,7.0,$171.8K
Old Mill District,2220.0,sqft,5982.0,5,4.0,2.0,1945.0,No,1,5,Y,N,Y,6.0,428400.0
Sunridge,1461.0,sqft,2732.0,3,2.5,2.0,2017.0,No,4,3,Y,Y,N,9.0,170600.0
Brookhaven,2128.0,sqft,3720.0,4,3.0,1.0,1928.0,No,3,7,Y,N,N,6.0,303000.0
Harbor Point,128.5,sqm,3715.0,2,1.0,2.0,1939.0,Yes,3,7,Y,N,N,6.0,356300.0
Old Mill District,2670.0,sqft,3250.0,4,3.0,2.0,1938.0,Yes,3,7,Y,N,N,6.0,$636.3K
Maple Grove,500.0,sqft,1996.0,1,1.5,2.0,2011.0,No,3,7,Y,N,N,8.0,$84.9K
Brookhaven,2546.0,sqft,7950.0,4,3.0,2.0,1955.0,No,1,3,Y,Y,N,8.0,329000.0
Maple Grove,2172.0,sqft,5583.0,3,3.0,3.0,1929.0,No,2,3,Y,Y,N,7.0,$205.1K
Northgate,2781.0,sqft,10828.0,4,3.0,1.5,2011.0,No,4,3,Y,Y,Y,4.0,$295.4K
Maple Grove,2100.0,sqft,6618.0,4,2.5,2.0,2004.0,No,3,7,N,Y,N,8.0,313300.0
Brookhaven,1393.0,sqft,4662.0,1,1.0,1.0,1925.0,Yes,4,5,Y,Y,N,7.0,$269.8K
Old Mill District,1965.0,sqft,6462.0,3,2.0,1.0,1993.0,Yes,4,10,N,Y,N,5.0,$571.8K
Brookhaven,1976.0,sqft,3160.0,2,1.5,2.0,1961.0,No,3,10,Y,N,N,4.0,$373.1K
Riverside Park,200.5,sqm,7798.0,3,1.5,1.5,2021.0,No,3,5,Y,N,Y,6.0,557700.0
Riverside Park,2000.0,sqft,7552.0,2,1.0,1.0,1948.0,No,5,10,N,N,N,3.0,$306.8K
Harbor Point,1186.0,sqft,4438.0,3,2.5,2.5,1935.0,Yes,4,7,Y,Y,N,4.0,$357.5K
Harbor Point,1953.0,sqft,6302.0,2,2.0,1.5,1978.0,Yes,5,5,Y,Y,N,7.0,$604.2K
Maple Grove,1113.0,sqft,2610.0,1,1.0,1.0,2000.0,No,4,9,Y,Y,N,3.0,178300.0
Sunridge,2917.0,sqft,6974.0,5,4.0,1.0,2005.0,No,3,3,Y,Y,N,6.0,$352.5K
Maple Grove,3023.0,sqft,6657.0,5,3.5,1.0,1938.0,Yes,5,8,Y,N,N,8.0,$414.2K
Cedar Falls,1603.0,sqft,4310.0,3,1.5,3.0,1961.0,Yes,4,4,N,Y,N,3.0,$182.7K
Harbor Point,500.0,sqft,1029.0,1,1.0,1.0,1933.0,Yes,2,6,Y,Y,N,,$118.4K
Sunridge,1091.0,sqft,1658.0,2,1.5,2.0,1986.0,No,2,10,Y,Y,N,5.0,$114.1K
Maple Grove,1807.0,sqft,4671.0,3,2.5,3.0,1929.0,No,3,3,Y,Y,Y,4.0,211300.0
Old Mill District,2151.0,sqft,8230.0,4,3.0,3.0,1981.0,No,5,5,N,Y,N,2.0,$488.7K
Old Mill District,2209.0,sqft,4781.0,4,3.0,2.0,2019.0,No,2,10,N,N,N,5.0,$653.8K
Old Mill District,555.0,sqft,2093.0,1,1.0,1.0,1950.0,No,4,3,Y,Y,N,8.0,$120.6K
Cedar Falls,2213.0,sqft,6924.0,2,2.0,2.0,1938.0,No,4,4,Y,N,N,6.0,219100.0
Cedar Falls,1992.0,sqft,3325.0,3,1.5,1.0,1929.0,No,3,10,Y,Y,N,9.0,235100.0
Northgate,2020.0,sqft,5756.0,3,2.5,2.0,1949.0,Yes,2,9,N,Y,N,8.0,161000.0
Cedar Falls,1149.0,sqft,3886.0,2,1.5,2.5,1992.0,Yes,4,3,Y,N,N,5.0,$158.0K
Maple Grove,200.3,sqm,6809.0,3,2.5,3.0,1995.0,No,3,7,Y,Y,N,6.0,327700.0
Brookhaven,540.0,sqft,800.0,1,1.0,2.0,1995.0,No,3,4,Y,N,Y,8.0,121100.0
Maple Grove,2488.0,sqft,3579.0,4,3.5,1.0,2015.0,No,3,7,Y,Y,N,4.0,392000.0
Sunridge,1900.0,sqft,7499.0,3,1.5,2.0,2023.0,No,5,8,Y,N,N,8.0,$238.5K
Riverside Park,697.0,sqft,2280.0,1,1.0,1.5,1956.0,Yes,5,6,Y,Y,N,9.0,$113.1K
Cedar Falls,2768.0,sqft,9743.0,4,3.0,1.5,1987.0,Yes,3,6,Y,Y,N,2.0,369100.0
Riverside Park,130.6,sqm,3172.0,2,2.0,2.0,1960.0,No,2,6,N,N,N,8.0,198900.0
Cedar Falls,1545.0,sqft,2710.0,2,1.0,2.0,1984.0,Yes,5,10,Y,N,N,9.0,$256.6K
Maple Grove,2212.0,sqft,4555.0,3,2.0,1.0,1995.0,Yes,2,5,Y,N,N,8.0,326200.0
Riverside Park,865.0,sqft,3070.0,2,2.0,3.0,2017.0,No,3,5,Y,Y,N,6.0,$179.5K
Harbor Point,2737.0,sqft,9009.0,4,3.0,1.0,1970.0,No,4,4,Y,N,N,6.0,$740.0K
Harbor Point,1026.0,sqft,1345.0,1,1.5,2.0,1976.0,Yes,5,3,N,N,N,4.0,$222.0K
Northgate,2667.0,sqft,8535.0,4,3.0,1.0,2017.0,No,3,3,Y,Y,N,6.0,251500.0
Riverside Park,2284.0,sqft,7396.0,4,2.5,3.0,1994.0,Yes,4,10,Y,N,N,8.0,$489.5K
Harbor Point,2157.0,sqft,3408.0,3,2.0,1.0,1935.0,No,1,10,N,,N,6.0,495800.0
Brookhaven,1793.0,sqft,2413.0,3,1.5,1.5,2015.0,No,3,5,Y,N,Y,,$442.0K
Harbor Point,883.0,sqft,1683.0,1,1.0,1.0,1932.0,No,3,8,Y,N,N,6.0,183400.0
Old Mill District,2716.0,sqft,7878.0,4,2.5,2.0,1970.0,Yes,4,5,N,N,N,5.0,$638.4K
Sunridge,1115.0,sqft,2160.0,2,2.5,1.0,1985.0,No,2,8,Y,N,N,7.0,$113.0K
Brookhaven,1231.0,sqft,2510.0,2,1.0,1.0,1955.0,Yes,4,3,Y,Y,N,8.0,234200.0
Old Mill District,2095.0,sqft,7448.0,3,2.0,3.0,1938.0,Yes,4,9,Y,Y,N,6.0,465300.0
Harbor Point,2973.0,sqft,5705.0,4,3.0,1.0,1923.0,No,1,4,N,Y,N,2.0,$630.9K
Harbor Point,721.0,sqft,2201.0,1,1.0,1.0,1999.0,No,5,4,N,Y,N,7.0,$192.0K
Brookhaven,789.0,sqft,1663.0,1,1.0,1.0,1946.0,Yes,3,7,Y,Y,N,7.0,$127.6K
Cedar Falls,1966.0,sqft,6937.0,2,1.5,1.5,2021.0,No,4,6,N,,N,3.0,305200.0
Maple Grove,1662.0,sqft,6170.0,1,1.0,2.0,2010.0,No,5,8,Y,Y,N,8.0,$302.9K
Old Mill District,1961.0,sqft,7234.0,3,2.0,2.0,1944.0,No,4,5,Y,N,N,3.0,365100.0
Sunridge,1638.0,sqft,2949.0,2,1.0,2.5,1987.0,No,3,5,Y,Y,N,6.0,155600.0
Brookhaven,1436.0,sqft,5721.0,2,2.0,1.0,1972.0,No,5,7,Y,Y,N,3.0,269200.0
Cedar Falls,1971.0,sqft,7265.0,3,1.5,2.0,1923.0,No,4,3,Y,Y,Y,7.0,213600.0
Northgate,668.0,sqft,2436.0,2,1.5,1.0,1995.0,Yes,3,8,Y,N,N,5.0,70200.0
Old Mill District,2467.0,sqft,8257.0,4,3.0,2.0,1964.0,No,4,8,N,N,N,6.0,582000.0
Sunridge,228.3,sqm,7374.0,5,3.0,2.0,2015.0,Yes,4,7,Y,N,N,7.0,308800.0
Old Mill District,1240.0,sqft,1636.0,4,3.0,1.0,1940.0,Yes,3,3,Y,N,N,6.0,$270.1K
Sunridge,66.4,sqm,2496.0,1,1.0,2.0,1945.0,Yes,5,7,Y,Y,N,4.0,66900.0
Northgate,2616.0,sqft,9743.0,4,3.0,2.0,2017.0,No,4,5,Y,N,N,6.0,240400.0
Harbor Point,193.6,sqm,5254.0,2,1.5,3.0,1986.0,No,3,8,N,N,N,6.0,568500.0
Northgate,141.3,sqm,4074.0,3,3.5,1.0,2011.0,No,4,3,Y,Y,N,3.0,129900.0
Riverside Park,240.4,sqm,10038.0,4,3.5,3.0,1944.0,No,5,7,N,N,N,4.0,366900.0
Northgate,2223.0,sqft,8887.0,4,2.5,2.0,2009.0,No,4,5,Y,Y,N,5.0,$221.1K
Sunridge,235.9,sqm,8267.0,4,3.5,1.0,1996.0,No,4,7,Y,N,N,6.0,278200.0
Brookhaven,2856.0,sqft,6126.0,4,3.0,2.0,1929.0,No,4,9,Y,N,N,4.0,477200.0
Harbor Point,1830.0,sqft,6342.0,3,2.5,2.0,2013.0,No,4,8,Y,N,N,5.0,$467.4K
Riverside Park,500.0,sqft,1450.0,1,2.5,2.0,1972.0,No,3,7,N,Y,N,5.0,87800.0
Sunridge,1514.0,sqft,5570.0,2,1.5,1.0,1996.0,No,3,3,Y,Y,N,1.0,139100.0
Cedar Falls,1145.0,sqft,3477.0,2,1.5,1.0,2002.0,No,5,3,Y,Y,N,5.0,142600.0
Sunridge,2072.0,sqft,3901.0,5,4.5,1.0,1995.0,Yes,4,9,Y,N,N,5.0,$259.5K
Riverside Park,1764.0,sqft,5305.0,2,1.5,2.5,1932.0,Yes,3,3,Y,N,N,8.0,273800.0
Old Mill District,57.4,sqm,2341.0,2,2.0,1.0,1958.0,No,5,9,Y,N,Y,8.0,178700.0
Harbor Point,1502.0,sqft,2864.0,3,1.5,2.5,1962.0,No,2,6,Y,Y,N,4.0,$370.5K
Old Mill District,229.6,sqm,3510.0,3,2.0,3.0,1922.0,No,2,9,Y,N,N,,538200.0
Maple Grove,1159.0,sqft,3038.0,2,1.0,2.0,1966.0,No,3,9,Y,Y,N,2.0,$165.1K
Brookhaven,948.0,sqft,2298.0,1,1.0,2.0,1983.0,No,4,7,Y,N,N,3.0,$199.1K
Sunridge,1566.0,sqft,2767.0,2,1.0,3.0,1938.0,No,3,7,Y,N,N,6.0,$143.8K
Sunridge,2230.0,sqft,3369.0,3,2.5,1.0,1928.0,No,4,3,N,N,N,7.0,$171.2K
Cedar Falls,166.8,sqm,4956.0,3,2.5,1.0,1951.0,Yes,3,6,Y,Y,N,7.0,$245.7K
Brookhaven,1003.0,sqft,2347.0,1,1.0,1.0,1920.0,Yes,3,8,Y,N,N,8.0,218700.0
Brookhaven,1234.0,sqft,3238.0,2,1.0,1.0,1938.0,No,2,8,N,N,N,8.0,204000.0
Sunridge,1649.0,sqft,3497.0,2,1.0,2.5,1945.0,Yes,4,3,N,Y,N,1.0,117200.0
Brookhaven,1300.0,sqft,2635.0,1,1.0,2.0,2011.0,No,4,9,N,N,N,4.0,$276.7K
Riverside Park,2379.0,sqft,5450.0,4,3.0,2.0,1973.0,No,3,6,Y,Y,N,7.0,436400.0
Riverside Park,1428.0,sqft,2483.0,1,1.0,2.0,1982.0,Yes,4,8,N,N,N,4.0,$197.2K
Cedar Falls,2234.0,sqft,2699.0,4,3.5,1.0,1920.0,No,2,9,N,N,N,4.0,231300.0
Old Mill District,2354.0,sqft,9013.0,3,2.5,1.0,1932.0,No,4,6,N,Y,N,7.0,$471.7K
Northgate,134.4,sqm,2669.0,2,2.0,2.0,1973.0,No,3,3,N,N,N,6.0,98900.0
Harbor Point,1753.0,sqft,2704.0,2,1.0,3.0,1932.0,No,2,5,N,N,N,8.0,$398.9K
Old Mill District,2241.0,sqft,7079.0,4,2.0,2.0,2017.0,No,4,7,N,N,N,5.0,$608.4K
Old Mill District,2510.0,sqft,9433.0,4,3.0,2.5,2019.0,No,3,7,Y,N,N,5.0,744000.0
Northgate,2785.0,sqft,7731.0,5,3.5,1.0,1948.0,No,4,6,Y,Y,N,8.0,195600.0
Brookhaven,144.7,sqm,4892.0,2,2.0,2.5,1936.0,No,4,7,N,N,N,7.0,243500.0
Harbor Point,1573.0,sqft,4647.0,3,3.0,1.0,1967.0,Yes,3,3,N,Y,N,8.0,$427.7K
Northgate,205.6,sqm,3599.0,4,3.5,2.5,,Yes,3,8,Y,N,N,6.0,176100.0
Old Mill District,1155.0,sqft,2659.0,2,1.5,2.0,1970.0,No,4,4,N,N,N,4.0,212500.0
Brookhaven,2341.0,sqft,7537.0,3,1.5,3.0,1958.0,No,3,6,Y,Y,N,5.0,397400.0
Northgate,2089.0,sqft,4224.0,4,4.0,1.0,1965.0,Yes,2,4,N,Y,N,4.0,145400.0
Harbor Point,1740.0,sqft,6097.0,3,2.0,2.0,2006.0,No,4,6,N,N,N,8.0,504300.0
Maple Grove,2989.0,sqft,11368.0,4,3.0,2.0,1932.0,No,5,3,Y,Y,N,2.0,337000.0
Sunridge,1278.0,sqft,4866.0,2,2.0,2.0,1980.0,No,3,3,Y,Y,N,8.0,129900.0
Northgate,1101.0,sqft,,2,2.0,2.5,1936.0,Yes,3,3,N,,N,6.0,66200.0
Cedar Falls,1185.0,sqft,1660.0,1,2.0,3.0,1925.0,No,4,3,N,N,N,8.0,$116.1K
Sunridge,1954.0,sqft,4995.0,2,2.0,3.0,1979.0,No,5,10,N,Y,N,7.0,195800.0
Northgate,1711.0,sqft,6801.0,2,1.5,2.0,1986.0,No,2,4,Y,N,Y,5.0,$158.6K
Old Mill District,2008.0,sqft,3719.0,3,2.0,2.5,1999.0,No,3,6,Y,Y,N,6.0,486800.0
Sunridge,1421.0,sqft,5382.0,3,2.5,2.5,2022.0,No,2,3,N,Y,N,6.0,$156.3K
Maple Grove,2684.0,sqft,8280.0,5,3.5,2.0,2015.0,No,4,10,Y,N,N,4.0,$463.8K
Old Mill District,46.4,sqm,1969.0,1,1.0,1.0,2000.0,No,2,10,Y,N,N,7.0,133400.0
Maple Grove,1616.0,sqft,3956.0,3,2.0,3.0,1969.0,Yes,3,7,Y,Y,N,9.0,$256.6K
Riverside Park,1594.0,sqft,5918.0,3,3.0,2.5,2014.0,No,4,3,Y,Y,N,6.0,$312.9K
Brookhaven,777.0,sqft,2828.0,1,1.0,1.5,1960.0,No,5,9,Y,,N,7.0,$170.3K
Brookhaven,2609.0,sqft,8286.0,4,3.5,2.5,1969.0,No,3,7,Y,,N,6.0,550200.0
Northgate,821.0,sqft,3004.0,2,2.0,2.0,1937.0,No,3,7,Y,N,N,6.0,68100.0
Old Mill District,2270.0,sqft,8517.0,3,2.5,2.0,1986.0,No,4,8,N,Y,N,5.0,522700.0
Sunridge,2255.0,sqft,6317.0,3,2.0,1.0,1958.0,Yes,3,4,N,N,Y,8.0,$215.4K
Old Mill District,1341.0,sqft,2694.0,4,3.0,2.0,1921.0,No,5,3,Y,N,N,9.0,313200.0
Harbor Point,230.9,sqm,9785.0,5,3.5,2.0,1942.0,Yes,1,3,N,Y,N,6.0,$529.7K
Old Mill District,1176.0,sqft,2554.0,2,1.0,2.0,2021.0,No,4,4,Y,N,N,4.0,$343.1K
Northgate,2496.0,sqft,6967.0,4,3.5,3.0,2011.0,No,3,7,N,Y,N,,$275.8K
Sunridge,1672.0,sqft,5061.0,2,1.0,3.0,2010.0,Yes,2,9,N,N,N,5.0,$201.2K
Cedar Falls,1546.0,sqft,4479.0,2,2.0,1.0,1984.0,No,3,5,Y,Y,N,9.0,208700.0
Sunridge,2305.0,sqft,4566.0,4,4.0,3.0,1922.0,No,3,6,N,Y,N,7.0,176700.0
Harbor Point,1151.0,sqft,2879.0,2,2.0,2.5,,Yes,3,8,N,N,N,,326300.0
Sunridge,1303.0,sqft,3614.0,3,2.0,1.0,2020.0,No,1,3,Y,Y,N,8.0,129000.0
Riverside Park,3000.0,sqft,6662.0,5,3.0,3.0,1995.0,Yes,4,3,Y,Y,Y,7.0,$640.7K
Sunridge,2885.0,sqft,8864.0,5,3.5,1.0,1950.0,No,3,9,N,N,N,5.0,$273.3K
Maple Grove,120.9,sqm,4371.0,2,1.5,3.0,1950.0,Yes,4,8,Y,N,N,7.0,175900.0
Harbor Point,2623.0,sqft,9739.0,5,4.5,2.0,2002.0,No,4,7,Y,Y,N,8.0,$850.1K
Cedar Falls,2673.0,sqft,6799.0,5,4.5,2.0,1926.0,No,3,8,Y,N,N,,$313.6K
Riverside Park,126.4,sqm,4049.0,4,3.0,1.0,1996.0,No,3,8,N,Y,N,6.0,$225.3K
Old Mill District,1258.0,sqft,3776.0,1,1.0,2.0,2023.0,Yes,3,4,N,N,N,7.0,$393.3K
Old Mill District,722.0,sqft,2285.0,1,1.0,1.0,2015.0,No,3,10,N,Y,N,5.0,196500.0
Maple Grove,841.0,sqft,3229.0,1,1.0,1.0,1982.0,No,4,8,Y,N,N,5.0,$122.2K
Brookhaven,1993.0,sqft,7054.0,3,3.0,1.0,2016.0,No,4,8,Y,Y,N,4.0,501400.0
Harbor Point,1596.0,sqft,3361.0,1,1.0,1.5,1928.0,No,3,6,N,Y,N,9.0,331200.0
Maple Grove,1103.0,sqft,1964.0,2,2.0,1.0,1982.0,No,5,6,N,N,N,3.0,$137.1K
Old Mill District,1154.0,sqft,3560.0,2,1.0,1.0,1928.0,No,4,4,N,N,N,5.0,227300.0
Cedar Falls,1154.0,sqft,4371.0,2,1.5,1.5,1995.0,Yes,3,7,N,N,N,2.0,136000.0
Riverside Park,1929.0,sqft,7156.0,3,2.0,2.5,1954.0,No,1,8,Y,Y,N,8.0,349400.0
Northgate,1307.0,sqft,4348.0,2,1.0,2.0,1997.0,Yes,3,3,Y,N,N,7.0,126400.0
Northgate,1553.0,sqft,4967.0,3,2.0,2.0,1936.0,Yes,3,8,Y,N,N,4.0,125100.0
Riverside Park,2140.0,sqft,4374.0,4,2.0,1.0,2020.0,No,1,7,N,Y,Y,7.0,432500.0
Northgate,1830.0,sqft,4942.0,3,2.5,1.0,1973.0,No,4,7,Y,Y,N,7.0,$181.7K
Maple Grove,1865.0,sqft,4551.0,3,2.5,2.0,2004.0,No,2,7,Y,N,Y,,$239.8K
Riverside Park,789.0,sqft,1308.0,1,1.0,2.5,1954.0,Yes,3,4,N,Y,Y,7.0,$139.5K
Northgate,74.4,sqm,2357.0,2,1.5,2.0,1920.0,No,3,5,Y,Y,N,6.0,$66.7K
Sunridge,2558.0,sqft,9286.0,4,2.5,2.0,1958.0,Yes,4,5,Y,Y,N,5.0,$245.1K
Old Mill District,500.0,sqft,1504.0,1,1.0,2.5,1961.0,No,4,7,N,N,N,9.0,114600.0
Old Mill District,2647.0,sqft,4497.0,4,2.5,2.0,1987.0,No,4,6,Y,N,N,4.0,688900.0
Harbor Point,2012.0,sqft,6607.0,3,3.0,2.5,1964.0,No,2,10,Y,Y,N,4.0,488600.0
Maple Grove,2373.0,sqft,5988.0,2,1.0,2.0,1923.0,No,4,8,Y,Y,N,6.0,322900.0
Harbor Point,1336.0,sqft,1864.0,1,1.0,2.0,1943.0,Yes,5,6,Y,N,N,3.0,325500.0
Brookhaven,1323.0,sqft,2140.0,2,1.0,2.0,1939.0,No,5,3,Y,,Y,6.0,$263.9K
Riverside Park,1299.0,sqft,2789.0,2,1.5,1.0,2004.0,No,2,5,N,Y,N,6.0,235400.0
Northgate,2001.0,sqft,7665.0,3,3.0,1.0,1939.0,No,2,9,N,N,N,,$137.8K
Cedar Falls,1090.0,sqft,4251.0,1,1.0,2.0,2013.0,No,5,10,Y,Y,N,5.0,185600.0
Old Mill District,229.6,sqm,3644.0,4,3.0,1.5,1957.0,Yes,2,3,N,N,N,6.0,$550.7K
Riverside Park,1638.0,sqft,1999.0,4,2.5,1.0,1951.0,No,3,9,N,Y,N,6.0,239400.0
Brookhaven,2744.0,sqft,5153.0,4,2.5,2.5,1930.0,Yes,5,10,Y,Y,N,4.0,485200.0
Northgate,94.6,sqm,2379.0,2,1.5,3.0,1969.0,No,2,10,Y,Y,N,10.0,101600.0
Maple Grove,173.6,sqm,6513.0,4,3.0,1.0,1938.0,No,3,8,Y,N,N,6.0,225200.0
Brookhaven,2188.0,sqft,3681.0,4,3.0,2.0,2015.0,No,5,7,N,N,N,6.0,$457.9K
Brookhaven,1297.0,sqft,5167.0,3,1.5,1.5,1985.0,No,2,9,Y,N,N,6.0,234800.0
Maple Grove,2897.0,sqft,5630.0,5,3.5,1.0,1930.0,No,3,6,Y,N,N,5.0,338300.0
Old Mill District,1893.0,sqft,2652.0,3,2.0,1.0,1980.0,No,3,6,Y,N,N,7.0,$519.2K
Sunridge,1930.0,sqft,2606.0,4,3.0,2.0,1986.0,No,5,8,Y,N,N,8.0,197800.0
Cedar Falls,195.7,sqm,6694.0,3,2.0,1.0,1980.0,Yes,4,3,Y,Y,N,1.0,262300.0
Northgate,961.0,sqft,2535.0,1,1.0,2.5,,No,5,3,Y,Y,N,9.0,$110.8K
Sunridge,3020.0,sqft,5088.0,4,2.5,1.0,2008.0,No,5,10,Y,N,N,5.0,357300.0
Cedar Falls,2246.0,sqft,2898.0,3,2.5,2.0,1949.0,Yes,1,4,Y,,N,9.0,231500.0
Maple Grove,2417.0,sqft,7108.0,4,2.5,2.0,1939.0,Yes,2,9,Y,N,N,6.0,359100.0
Maple Grove,1087.0,sqft,3698.0,3,2.5,2.0,1945.0,Yes,1,4,Y,Y,N,4.0,146300.0
Harbor Point,1855.0,sqft,2744.0,3,2.0,1.5,1985.0,No,2,6,Y,N,N,5.0,531500.0
Riverside Park,1734.0,sqft,5921.0,2,1.0,2.0,1931.0,Yes,2,10,Y,N,Y,6.0,$306.8K
Cedar Falls,1607.0,sqft,5564.0,3,2.0,2.0,1957.0,No,3,8,N,N,N,9.0,218100.0
Old Mill District,2191.0,sqft,6700.0,4,3.0,1.0,1978.0,No,4,3,Y,Y,N,6.0,$531.3K
Old Mill District,1414.0,sqft,5295.0,1,1.0,2.0,1989.0,No,4,8,N,N,N,8.0,326300.0
Cedar Falls,1889.0,sqft,3343.0,3,2.5,2.0,1986.0,Yes,3,7,N,Y,N,3.0,265700.0
Sunridge,1227.0,sqft,3080.0,2,1.0,2.0,2003.0,No,4,5,Y,N,N,8.0,157100.0
Brookhaven,1591.0,sqft,2627.0,3,2.5,2.0,1981.0,Yes,3,9,N,N,N,6.0,$358.3K
Cedar Falls,1296.0,sqft,2669.0,2,1.5,2.0,1960.0,No,5,6,Y,Y,N,3.0,$147.3K
Harbor Point,172.1,sqm,5497.0,3,3.0,3.0,1929.0,No,3,8,Y,N,N,9.0,$395.9K
Cedar Falls,2661.0,sqft,7159.0,5,3.0,2.0,1984.0,No,3,7,N,N,N,5.0,$326.5K
Brookhaven,1241.0,sqft,2905.0,1,1.0,2.0,1989.0,No,3,3,Y,N,N,4.0,$212.4K
Cedar Falls,1939.0,sqft,5765.0,2,2.0,2.0,1999.0,No,5,3,N,Y,N,6.0,208600.0
Harbor Point,1563.0,sqft,3373.0,3,1.5,1.0,2003.0,No,2,10,N,Y,Y,7.0,$519.4K
Riverside Park,2566.0,sqft,8167.0,4,4.0,3.0,1930.0,No,3,7,Y,Y,N,4.0,$354.0K
Harbor Point,2702.0,sqft,3804.0,4,2.0,1.0,1997.0,Yes,3,5,Y,Y,N,9.0,831600.0
Old Mill District,1406.0,sqft,2780.0,3,2.5,2.0,2016.0,No,4,5,Y,N,N,3.0,291900.0
Riverside Park,1426.0,sqft,2288.0,2,1.5,1.0,1991.0,No,4,7,Y,N,N,5.0,$201.4K
Harbor Point,1720.0,sqft,5017.0,3,2.5,1.5,1935.0,Yes,3,10,Y,Y,N,4.0,$390.1K
Sunridge,1978.0,sqft,7259.0,3,2.0,1.0,1961.0,Yes,3,3,Y,Y,N,8.0,227500.0
Riverside Park,123.4,sqm,4331.0,3,1.5,2.0,2009.0,No,4,8,Y,Y,N,10.0,$257.4K
Cedar Falls,3482.0,sqft,13410.0,6,5.0,2.0,1933.0,Yes,2,10,Y,N,N,8.0,484100.0
Riverside Park,1001.0,sqft,2522.0,2,1.5,1.0,2007.0,No,1,9,N,N,N,,$186.7K
Sunridge,910.0,sqft,2517.0,1,1.0,1.5,1991.0,No,3,3,Y,N,N,6.0,90700.0
Harbor Point,3322.0,sqft,8671.0,5,2.5,2.0,1950.0,No,4,9,Y,Y,Y,6.0,1035700.0
Maple Grove,1155.0,sqft,2013.0,1,1.0,2.0,2009.0,No,5,3,Y,Y,N,,$182.1K
Cedar Falls,237.2,sqm,9696.0,3,2.0,2.0,2003.0,No,1,6,Y,Y,N,5.0,$367.2K
Old Mill District,2220.0,sqft,7720.0,3,3.0,3.0,2004.0,No,1,10,N,Y,N,5.0,$551.3K
Riverside Park,3405.0,sqft,7007.0,5,4.5,2.0,2007.0,No,5,10,Y,N,N,5.0,525800.0
Sunridge,1624.0,sqft,3825.0,2,2.5,1.0,2019.0,No,4,8,Y,N,N,2.0,185400.0
Sunridge,2220.0,sqft,5274.0,4,2.5,1.0,1993.0,No,4,3,Y,,N,8.0,201400.0
Old Mill District,2281.0,sqft,8713.0,3,2.0,3.0,1945.0,No,3,9,Y,N,N,,$472.9K
Cedar Falls,1779.0,sqft,3506.0,4,3.0,2.0,1933.0,No,3,8,Y,N,N,6.0,$191.7K
Old Mill District,1663.0,sqft,2393.0,2,1.5,1.0,1921.0,No,3,10,Y,Y,N,7.0,$392.0K
Harbor Point,1912.0,sqft,6883.0,3,2.0,1.0,1960.0,No,4,7,N,Y,N,4.0,$511.6K
Northgate,1291.0,sqft,3382.0,3,2.5,1.0,1945.0,No,4,3,N,Y,N,8.0,$93.2K
Cedar Falls,2107.0,sqft,6510.0,4,2.5,2.5,1969.0,Yes,3,4,Y,Y,N,4.0,$307.2K
Sunridge,1358.0,sqft,4595.0,2,1.5,3.0,1996.0,No,3,7,Y,Y,Y,9.0,$158.1K
Northgate,500.0,sqft,1983.0,1,1.0,2.0,1983.0,Yes,4,4,Y,Y,Y,8.0,48900.0
Harbor Point,795.0,sqft,2742.0,1,1.0,1.0,2006.0,Yes,3,4,Y,N,N,5.0,230300.0
Harbor Point,2683.0,sqft,5095.0,4,3.0,2.0,1938.0,Yes,4,6,N,N,N,7.0,663900.0
Northgate,3501.0,sqft,6540.0,6,4.0,3.0,1950.0,No,4,9,Y,Y,N,6.0,274300.0
Old Mill District,1289.0,sqft,5122.0,2,1.0,2.0,1933.0,No,3,3,Y,N,N,5.0,252400.0
Harbor Point,2089.0,sqft,5181.0,3,1.5,2.5,2010.0,No,2,4,Y,N,N,7.0,$530.4K
Harbor Point,1300.0,sqft,4497.0,3,1.5,1.0,1963.0,Yes,2,5,Y,N,N,5.0,$326.9K
Brookhaven,2799.0,sqft,5530.0,4,3.0,2.5,1987.0,Yes,3,3,Y,Y,N,7.0,560400.0
Brookhaven,999.0,sqft,3109.0,2,2.0,1.0,1947.0,Yes,3,6,N,Y,Y,4.0,$206.9K
Northgate,1590.0,sqft,3024.0,3,2.5,3.0,2011.0,No,3,3,Y,N,N,7.0,$124.0K
Old Mill District,2297.0,sqft,8402.0,4,3.0,2.5,1952.0,Yes,4,5,N,N,Y,,$481.7K
Harbor Point,1350.0,sqft,2433.0,2,1.5,2.0,1984.0,Yes,3,6,Y,N,N,7.0,353200.0
Maple Grove,2230.0,sqft,3974.0,4,3.0,1.0,2002.0,No,4,8,Y,Y,N,7.0,378300.0
Brookhaven,165.7,sqm,7003.0,4,2.0,2.0,1940.0,No,4,6,Y,,N,9.0,378700.0
Maple Grove,2036.0,sqft,7083.0,3,2.5,1.0,2004.0,No,4,7,Y,Y,N,,$306.6K
Sunridge,681.0,sqft,2036.0,2,1.5,1.5,2017.0,No,3,8,Y,N,N,7.0,80400.0
Brookhaven,76.1,sqm,2496.0,1,1.0,2.0,1938.0,No,4,4,Y,Y,N,10.0,172000.0
Riverside Park,1412.0,sqft,5158.0,2,2.0,2.5,1991.0,Yes,3,10,N,Y,N,6.0,$274.1K
Maple Grove,180.3,sqm,6765.0,3,2.5,1.5,2007.0,No,3,8,Y,N,N,,309900.0
Brookhaven,801.0,sqft,1323.0,2,1.5,3.0,1967.0,Yes,2,3,Y,N,N,,140000.0
Sunridge,3194.0,sqft,9218.0,5,3.5,1.0,1953.0,No,3,8,Y,Y,N,5.0,316500.0
Northgate,1545.0,sqft,2798.0,3,1.5,1.0,1946.0,Yes,4,8,Y,Y,N,4.0,114800.0
Maple Grove,207.6,sqm,4382.0,3,2.0,3.0,1966.0,Yes,3,8,N,N,N,9.0,$331.3K
Maple Grove,1340.0,sqft,2619.0,1,1.0,2.0,1976.0,No,4,4,Y,Y,N,4.0,$162.3K
Maple Grove,1501.0,sqft,3339.0,3,2.5,1.0,1970.0,Yes,3,7,N,Y,N,,227900.0
Maple Grove,2649.0,sqft,9459.0,4,3.0,2.5,1950.0,No,4,8,N,Y,N,10.0,357200.0
Cedar Falls,2193.0,sqft,4972.0,4,3.5,1.0,1957.0,No,3,7,Y,N,N,4.0,$230.4K
Sunridge,70.2,sqm,2189.0,2,2.5,1.0,2010.0,No,3,7,N,N,N,7.0,83800.0
Old Mill District,1020.0,sqft,2113.0,2,1.5,1.0,1936.0,Yes,4,7,N,N,N,7.0,220200.0
Riverside Park,3076.0,sqft,5927.0,5,4.0,3.0,2018.0,No,5,4,Y,N,N,8.0,521800.0
Riverside Park,1433.0,sqft,5602.0,2,1.5,1.5,1983.0,No,4,8,N,,N,7.0,203100.0
Old Mill District,225.3,sqm,4156.0,4,2.5,1.5,1929.0,No,3,5,Y,Y,N,3.0,465400.0
Old Mill District,2225.0,sqft,3483.0,2,1.0,2.0,2007.0,No,4,8,Y,N,N,8.0,620000.0
Maple Grove,1632.0,sqft,3960.0,1,1.0,3.0,1959.0,No,3,10,Y,Y,N,9.0,$225.9K
Sunridge,2754.0,sqft,10809.0,5,4.0,1.5,2001.0,No,2,7,N,N,N,,$323.6K
Northgate,2194.0,sqft,7987.0,4,3.5,2.0,1928.0,No,5,8,Y,N,N,5.0,$158.2K
Brookhaven,1585.0,sqft,5670.0,3,2.5,1.0,1921.0,No,4,9,Y,N,N,5.0,317000.0
Cedar Falls,1310.0,sqft,4881.0,2,1.0,3.0,2012.0,No,5,4,Y,N,N,9.0,$169.5K
Old Mill District,1079.0,sqft,1780.0,2,1.0,2.5,1999.0,No,5,10,Y,Y,N,7.0,315900.0
Cedar Falls,1912.0,sqft,2511.0,2,2.0,3.0,2012.0,No,2,3,Y,Y,N,6.0,262100.0
Northgate,1827.0,sqft,5742.0,2,1.0,1.0,2005.0,No,1,3,Y,N,Y,5.0,167900.0
Sunridge,3148.0,sqft,5758.0,5,4.0,3.0,1972.0,No,2,7,Y,Y,N,7.0,$275.6K
Old Mill District,1733.0,sqft,5826.0,3,1.5,1.0,1941.0,No,4,9,N,N,N,8.0,369600.0
Harbor Point,2979.0,sqft,10580.0,5,4.0,2.0,1977.0,Yes,3,9,Y,Y,N,5.0,911100.0
Cedar Falls,1456.0,sqft,5634.0,2,1.5,1.0,1960.0,No,4,7,N,N,N,6.0,200500.0
Riverside Park,1011.0,sqft,1851.0,2,2.0,2.0,1988.0,No,3,3,Y,Y,N,5.0,$165.9K
Sunridge,1704.0,sqft,3142.0,3,3.0,2.0,1944.0,No,5,10,N,N,N,5.0,$152.5K
Sunridge,198.2,sqm,6377.0,3,2.0,1.0,1991.0,No,4,4,Y,N,N,10.0,$254.2K
Brookhaven,2352.0,sqft,3198.0,3,2.0,2.0,1981.0,No,2,5,N,Y,N,6.0,$366.3K
Old Mill District,163.7,sqm,4807.0,2,1.5,2.0,2023.0,No,4,4,N,N,N,3.0,431200.0
Old Mill District,228.6,sqm,5956.0,5,3.5,1.0,1927.0,Yes,5,6,N,Y,N,5.0,459200.0
Brookhaven,2670.0,sqft,10280.0,4,3.5,1.5,1955.0,No,3,10,Y,Y,N,4.0,$514.5K
Old Mill District,1691.0,sqft,2634.0,4,3.0,1.0,1974.0,Yes,4,5,N,N,N,8.0,418500.0
Brookhaven,157.6,sqm,2944.0,2,1.5,2.0,1951.0,Yes,3,4,Y,N,N,10.0,400800.0
Sunridge,1847.0,sqft,7325.0,3,2.5,2.0,1955.0,No,4,5,Y,,N,5.0,$169.5K
Sunridge,1986.0,sqft,3940.0,2,2.0,1.0,1935.0,No,4,10,Y,N,N,4.0,$151.7K
Northgate,945.0,sqft,3672.0,1,2.0,1.0,1928.0,Yes,3,5,Y,N,N,2.0,$65.5K
Harbor Point,1852.0,sqft,4980.0,3,2.5,2.0,1983.0,Yes,5,9,Y,N,Y,5.0,$722.9K
Maple Grove,585.0,sqft,1349.0,1,1.0,1.0,1996.0,Yes,2,4,Y,Y,N,7.0,99100.0
Maple Grove,1449.0,sqft,4766.0,2,2.0,2.0,1977.0,No,4,4,Y,N,N,6.0,177900.0
Riverside Park,166.2,sqm,6964.0,3,2.5,1.5,1978.0,No,4,4,Y,N,N,8.0,$286.3K
Harbor Point,1372.0,sqft,1648.0,2,1.5,2.0,1981.0,Yes,4,10,Y,Y,N,2.0,362700.0
Old Mill District,2702.0,sqft,9728.0,4,3.0,1.0,2010.0,No,3,9,Y,Y,N,3.0,$725.8K
Northgate,1662.0,sqft,2238.0,3,1.0,1.0,1924.0,No,1,4,N,N,Y,7.0,126100.0
Old Mill District,1459.0,sqft,5294.0,3,3.0,1.5,1940.0,No,4,6,Y,N,N,7.0,314400.0
Brookhaven,1825.0,sqft,4336.0,3,1.5,1.0,1986.0,No,4,10,Y,Y,N,7.0,407400.0
Riverside Park,1734.0,sqft,4784.0,2,1.0,2.0,1926.0,No,4,6,Y,N,Y,5.0,261300.0
Old Mill District,242.8,sqm,4921.0,4,3.0,3.0,1978.0,No,3,7,N,Y,N,5.0,$560.4K
Harbor Point,2088.0,sqft,7896.0,3,2.0,1.0,1934.0,No,3,10,Y,,N,5.0,480200.0
Old Mill District,1457.0,sqft,4952.0,2,1.5,3.0,1935.0,No,5,4,Y,N,N,5.0,277900.0
Riverside Park,2056.0,sqft,4775.0,2,1.0,2.5,1962.0,No,4,9,Y,N,N,6.0,$330.3K
Brookhaven,2381.0,sqft,4913.0,4,3.5,1.0,1931.0,Yes,2,8,Y,Y,N,7.0,$447.7K
Northgate,142.5,sqm,4304.0,3,3.0,2.0,1960.0,No,3,10,N,Y,N,6.0,$125.2K
Maple Grove,511.0,sqft,1704.0,2,1.5,1.5,2003.0,No,3,7,N,N,N,6.0,$69.8K
Northgate,2155.0,sqft,7922.0,2,1.5,3.0,1926.0,No,5,7,Y,N,N,6.0,142600.0
Brookhaven,683.0,sqft,2299.0,1,2.0,2.0,1981.0,No,5,6,Y,Y,N,8.0,142400.0
Brookhaven,561.0,sqft,2234.0,2,1.0,1.0,2018.0,No,4,3,Y,Y,N,5.0,$121.2K
Maple Grove,1129.0,sqft,2187.0,1,1.0,3.0,2020.0,No,4,5,Y,Y,N,4.0,$157.1K
Old Mill District,2516.0,sqft,7884.0,4,3.0,1.0,1950.0,Yes,4,8,Y,N,N,6.0,596500.0
Brookhaven,2542.0,sqft,10042.0,4,3.0,1.0,,Yes,4,5,N,Y,Y,,$551.0K
Brookhaven,802.0,sqft,2360.0,1,1.0,3.0,1947.0,Yes,1,5,Y,Y,N,4.0,125600.0
Sunridge,1264.0,sqft,2610.0,3,2.5,1.0,2022.0,No,4,5,Y,N,N,3.0,$138.5K
Riverside Park,1986.0,sqft,3798.0,2,2.0,1.0,2008.0,No,2,3,Y,N,N,5.0,$262.1K
Cedar Falls,1829.0,sqft,2454.0,2,1.0,1.0,2002.0,No,4,4,Y,N,N,7.0,$226.4K
Northgate,500.0,sqft,1043.0,1,1.5,1.0,1982.0,No,2,10,N,Y,N,9.0,$52.7K
Old Mill District,3087.0,sqft,8321.0,5,3.5,2.0,2015.0,No,3,9,Y,Y,N,,959000.0
Northgate,1867.0,sqft,2271.0,3,2.0,1.0,2013.0,No,4,7,Y,Y,N,6.0,202400.0
Maple Grove,191.1,sqm,7919.0,5,3.5,3.0,1922.0,No,2,7,Y,N,Y,5.0,281900.0
Maple Grove,1544.0,sqft,5397.0,3,2.5,2.0,1999.0,No,4,7,Y,N,N,7.0,$176.9K
Riverside Park,1350.0,sqft,2215.0,2,1.5,1.0,1965.0,Yes,4,8,Y,N,N,5.0,$211.8K
Riverside Park,847.0,sqft,1640.0,3,3.0,3.0,2000.0,No,2,9,Y,Y,N,5.0,$145.8K
Cedar Falls,2359.0,sqft,3338.0,4,3.5,1.0,1950.0,No,4,6,Y,Y,N,5.0,257500.0
Maple Grove,1785.0,sqft,3487.0,3,2.5,1.0,1947.0,Yes,4,4,Y,N,N,10.0,$231.8K
Old Mill District,776.0,sqft,2779.0,1,1.0,1.0,1956.0,Yes,2,8,Y,N,N,2.0,$173.1K
Cedar Falls,1726.0,sqft,6657.0,4,3.5,2.5,1955.0,Yes,4,7,Y,N,N,5.0,227700.0
Northgate,1980.0,sqft,2467.0,4,2.5,2.5,1942.0,No,1,4,Y,N,N,,133700.0
Northgate,1554.0,sqft,5120.0,2,1.5,2.0,1928.0,No,4,3,Y,N,N,4.0,107600.0
Sunridge,150.5,sqm,3204.0,2,1.5,2.5,2010.0,No,4,7,Y,N,N,5.0,$182.3K
Brookhaven,1288.0,sqft,4192.0,3,3.0,1.5,2021.0,Yes,2,3,Y,N,N,6.0,$279.9K
Cedar Falls,1707.0,sqft,5460.0,2,1.5,1.0,2015.0,No,3,9,Y,Y,N,6.0,231200.0
Harbor Point,1948.0,sqft,7169.0,4,2.5,2.0,2004.0,No,4,4,Y,Y,N,7.0,$641.0K
Brookhaven,1323.0,sqft,5204.0,2,2.0,2.0,1952.0,No,4,3,Y,,N,6.0,229200.0
Sunridge,2282.0,sqft,4419.0,3,2.5,1.0,1980.0,Yes,3,5,Y,Y,N,7.0,231600.0
Sunridge,231.1,sqm,5391.0,3,1.5,1.0,2002.0,No,3,3,Y,N,N,9.0,$248.6K
Northgate,2160.0,sqft,5785.0,4,3.5,1.0,2010.0,No,1,4,Y,N,N,7.0,$180.1K
Maple Grove,1893.0,sqft,4191.0,3,2.5,1.0,1948.0,No,4,6,Y,Y,N,4.0,211300.0
Cedar Falls,2453.0,sqft,8330.0,4,3.0,2.0,1953.0,Yes,4,10,N,Y,N,5.0,326000.0
Old Mill District,1740.0,sqft,2965.0,3,3.0,1.0,1934.0,No,2,7,N,N,N,7.0,$340.1K
Maple Grove,1848.0,sqft,5106.0,3,3.5,1.0,1995.0,No,3,5,N,N,N,5.0,268500.0
Brookhaven,162.9,sqm,6838.0,3,1.5,3.0,1943.0,No,3,10,Y,Y,N,6.0,$300.1K
Brookhaven,2857.0,sqft,4108.0,4,3.0,2.0,1937.0,No,5,9,N,N,N,9.0,$551.1K
Maple Grove,1976.0,sqft,7053.0,4,2.5,2.0,1996.0,Yes,3,7,Y,N,N,5.0,286200.0
Cedar Falls,195.5,sqm,3518.0,4,3.5,2.0,1928.0,Yes,3,8,N,Y,N,8.0,$219.4K
Brookhaven,1788.0,sqft,2535.0,3,3.5,1.0,1956.0,No,3,9,Y,N,N,4.0,$301.2K
Old Mill District,781.0,sqft,2491.0,1,1.0,2.0,1941.0,Yes,1,9,N,N,N,,171900.0
Brookhaven,93.8,sqm,3000.0,1,1.0,3.0,2023.0,No,4,3,Y,N,N,9.0,226300.0
Sunridge,133.1,sqm,5126.0,3,2.5,3.0,1952.0,Yes,3,4,Y,N,N,8.0,125400.0
Northgate,2766.0,sqft,4084.0,5,4.0,2.0,2012.0,No,3,8,N,N,N,6.0,$247.0K
Cedar Falls,1864.0,sqft,6280.0,2,1.0,1.0,2022.0,No,5,3,Y,N,N,9.0,262000.0
Old Mill District,675.0,sqft,2622.0,1,1.0,1.0,1966.0,Yes,2,4,Y,Y,N,6.0,185700.0
Old Mill District,46.4,sqm,1589.0,1,1.5,2.0,2002.0,No,3,9,Y,Y,N,6.0,136700.0
Northgate,717.0,sqft,1584.0,1,1.0,1.0,2014.0,No,4,4,Y,Y,N,7.0,$71.3K
Sunridge,1704.0,sqft,2310.0,2,1.0,2.5,1952.0,No,4,5,Y,Y,N,7.0,146700.0
Old Mill District,246.6,sqm,6499.0,4,3.0,3.0,1989.0,No,5,6,Y,N,N,6.0,$646.3K
Cedar Falls,1507.0,sqft,5899.0,3,2.5,1.5,,No,4,6,Y,N,Y,6.0,$176.5K
Harbor Point,500.0,sqft,1641.0,1,1.0,3.0,1954.0,No,3,6,Y,Y,N,5.0,$141.5K
Cedar Falls,845.0,sqft,1254.0,1,1.0,1.0,1935.0,No,4,5,Y,N,N,4.0,79800.0
Northgate,1352.0,sqft,4325.0,2,1.0,2.0,,No,3,5,Y,N,N,5.0,102500.0
Riverside Park,3228.0,sqft,6653.0,5,3.0,2.0,1925.0,Yes,4,3,Y,N,N,5.0,$382.1K
Harbor Point,1150.0,sqft,2213.0,2,2.0,1.0,1969.0,No,3,3,N,N,N,9.0,269900.0
Cedar Falls,1849.0,sqft,7178.0,3,2.0,1.0,2005.0,No,4,3,Y,N,N,5.0,248600.0
Sunridge,996.0,sqft,1375.0,2,1.5,1.0,1997.0,No,1,5,Y,Y,N,5.0,92200.0
Sunridge,677.0,sqft,2529.0,1,1.0,2.0,1930.0,Yes,5,5,Y,Y,N,,59800.0
Old Mill District,2042.0,sqft,5667.0,3,2.0,2.5,1941.0,No,4,7,Y,N,N,7.0,468400.0
Cedar Falls,2227.0,sqft,7461.0,5,4.5,1.0,1974.0,No,2,8,Y,Y,Y,6.0,360700.0
Brookhaven,1900.0,sqft,4167.0,3,1.5,2.0,2013.0,No,3,7,N,N,N,5.0,$366.8K
Brookhaven,1299.0,sqft,4776.0,2,2.0,1.0,2021.0,Yes,1,9,Y,N,N,,$366.9K
Sunridge,1846.0,sqft,2379.0,4,3.5,2.5,1941.0,No,3,10,N,N,N,3.0,162300.0
Harbor Point,264.9,sqm,10728.0,3,1.5,1.0,1933.0,No,1,10,Y,N,N,4.0,$671.4K
Harbor Point,2301.0,sqft,8421.0,4,3.0,2.0,1940.0,No,3,3,N,N,N,7.0,$474.6K
Cedar Falls,1545.0,sqft,5094.0,3,1.5,1.5,1952.0,Yes,4,9,Y,Y,N,,$201.3K
Old Mill District,1113.0,sqft,1500.0,1,1.0,1.5,,Yes,4,10,Y,N,N,6.0,251500.0
Maple Grove,2190.0,sqft,6121.0,3,2.0,2.5,2004.0,No,5,5,N,Y,N,6.0,$295.6K
Brookhaven,2064.0,sqft,2771.0,3,1.5,1.5,1927.0,No,3,6,Y,N,N,6.0,$349.7K
Brookhaven,1698.0,sqft,4126.0,2,2.0,2.0,1937.0,No,3,9,N,Y,N,9.0,336100.0
Northgate,2302.0,sqft,7788.0,4,3.5,1.0,1942.0,Yes,4,9,N,N,N,9.0,$187.6K
Riverside Park,1956.0,sqft,5927.0,3,2.5,2.0,2005.0,No,4,4,Y,Y,N,6.0,370600.0
Cedar Falls,912.0,sqft,3434.0,2,2.0,2.5,1973.0,No,3,8,Y,N,N,5.0,103300.0
Old Mill District,1774.0,sqft,6639.0,4,3.5,2.0,1960.0,No,5,4,N,N,N,5.0,324100.0
Riverside Park,1459.0,sqft,4270.0,3,2.0,1.5,1960.0,No,4,5,N,Y,N,8.0,214800.0
Cedar Falls,1443.0,sqft,4871.0,2,1.0,2.0,1997.0,Yes,4,6,Y,N,N,6.0,197700.0
Northgate,2533.0,sqft,9144.0,3,3.0,2.0,1947.0,No,4,4,Y,Y,N,,200600.0
Maple Grove,1590.0,sqft,4909.0,3,1.5,1.0,1969.0,No,3,9,Y,Y,Y,7.0,268200.0
Maple Grove,1461.0,sqft,3421.0,3,2.5,1.0,2020.0,No,5,9,Y,N,N,7.0,$242.4K
Old Mill District,2377.0,sqft,6059.0,3,3.0,2.5,1976.0,No,5,3,Y,N,Y,6.0,$672.4K
Old Mill District,1871.0,sqft,5518.0,3,3.5,2.5,1950.0,No,4,6,Y,N,N,6.0,344100.0
Maple Grove,2280.0,sqft,7980.0,4,3.5,1.5,1998.0,No,5,9,Y,Y,N,8.0,$369.0K
Sunridge,2782.0,sqft,8533.0,4,4.0,2.5,2007.0,No,5,3,Y,Y,N,4.0,303600.0
Northgate,2577.0,sqft,8210.0,5,4.0,2.5,1970.0,Yes,4,5,Y,N,N,8.0,239700.0
Cedar Falls,1746.0,sqft,6833.0,3,1.5,1.0,2002.0,No,2,8,Y,Y,N,9.0,248000.0
Old Mill District,1480.0,sqft,3097.0,3,3.0,1.0,1932.0,Yes,5,4,Y,N,N,5.0,302000.0
Riverside Park,3346.0,sqft,6365.0,6,4.0,2.5,1939.0,No,4,7,N,N,N,6.0,$398.8K
Sunridge,2739.0,sqft,3384.0,4,3.5,2.0,2007.0,No,5,5,Y,N,N,6.0,$280.6K
Maple Grove,2235.0,sqft,8575.0,3,2.0,2.5,1981.0,No,2,3,N,N,N,5.0,$258.5K
Riverside Park,1433.0,sqft,5045.0,2,1.5,1.0,,No,5,8,N,Y,N,3.0,$224.9K
Brookhaven,3362.0,sqft,12490.0,6,5.0,1.0,1985.0,Yes,4,3,N,N,N,3.0,$689.9K
Riverside Park,245.2,sqm,7908.0,5,4.5,1.0,1972.0,No,4,6,Y,N,N,4.0,457700.0
Northgate,2645.0,sqft,4117.0,5,3.0,1.5,1932.0,No,2,5,N,Y,N,9.0,160800.0
Harbor Point,323.5,sqm,8749.0,5,4.0,1.0,1986.0,Yes,3,8,N,N,N,6.0,1140100.0
Cedar Falls,2183.0,sqft,3011.0,4,3.0,1.0,2013.0,No,2,5,Y,Y,N,8.0,323800.0
Maple Grove,2477.0,sqft,5827.0,3,2.0,1.0,2019.0,No,4,3,Y,N,N,3.0,384300.0
Sunridge,1317.0,sqft,2070.0,2,1.5,2.0,1987.0,No,5,10,Y,Y,N,5.0,$147.6K
Northgate,786.0,sqft,1266.0,2,1.5,2.0,1980.0,No,3,7,Y,N,N,6.0,$76.9K
Maple Grove,1792.0,sqft,5854.0,2,1.5,1.0,1997.0,No,4,6,N,N,N,5.0,$279.4K
Old Mill District,121.3,sqm,4787.0,2,2.0,1.5,1971.0,No,3,6,Y,N,N,7.0,283900.0
Riverside Park,2016.0,sqft,3145.0,3,2.5,1.0,2015.0,No,4,4,N,N,N,3.0,325700.0
Harbor Point,1902.0,sqft,5609.0,4,3.0,2.5,1991.0,No,3,6,Y,N,N,3.0,$483.8K
Harbor Point,2891.0,sqft,11104.0,5,3.5,2.0,2019.0,No,4,6,N,Y,N,5.0,$865.5K
Sunridge,178.0,sqm,2450.0,4,3.0,2.0,1952.0,No,3,3,Y,Y,N,6.0,$180.9K
Harbor Point,1669.0,sqft,5078.0,3,2.0,2.0,2006.0,No,4,5,Y,N,N,6.0,$516.4K
Brookhaven,1557.0,sqft,5020.0,2,1.0,2.0,1944.0,Yes,4,10,Y,Y,N,6.0,$284.5K
Riverside Park,1126.0,sqft,1578.0,2,1.0,1.0,1993.0,No,4,4,N,Y,N,3.0,196200.0
Harbor Point,984.0,sqft,2891.0,1,1.0,1.0,1947.0,No,3,10,Y,Y,N,2.0,236500.0
Cedar Falls,500.0,sqft,1094.0,1,1.0,1.0,2009.0,No,5,6,Y,Y,N,4.0,$65.4K
Old Mill District,170.1,sqm,2391.0,3,2.0,1.0,1936.0,Yes,5,10,Y,N,N,6.0,$359.0K
Northgate,2661.0,sqft,8170.0,4,2.5,2.0,1959.0,Yes,4,9,Y,Y,N,1.0,$224.8K
Sunridge,2625.0,sqft,6659.0,4,2.5,2.0,2009.0,Yes,3,8,Y,N,N,6.0,301400.0
Brookhaven,1833.0,sqft,2342.0,3,1.5,1.0,1969.0,No,3,6,Y,Y,N,5.0,329300.0
Harbor Point,2980.0,sqft,7109.0,4,3.5,1.0,1959.0,No,3,10,Y,N,N,5.0,$788.9K
Cedar Falls,1147.0,sqft,4400.0,2,2.5,1.0,1987.0,No,3,4,Y,N,N,5.0,$150.9K
Brookhaven,1006.0,sqft,3941.0,1,1.0,2.5,2017.0,No,4,3,Y,Y,N,,$244.2K
Brookhaven,2034.0,sqft,3455.0,3,2.0,1.0,1983.0,No,3,8,N,Y,N,8.0,$360.7K
Riverside Park,770.0,sqft,2928.0,1,1.0,1.5,1944.0,No,2,5,N,Y,N,6.0,88800.0
Brookhaven,1095.0,sqft,2770.0,2,2.0,2.5,1949.0,Yes,4,7,Y,Y,N,8.0,228800.0
Maple Grove,2068.0,sqft,5172.0,4,2.5,2.0,1942.0,No,5,5,Y,Y,N,8.0,239900.0
Harbor Point,1502.0,sqft,3171.0,3,2.0,2.5,1950.0,No,4,5,Y,Y,N,5.0,314300.0
Maple Grove,961.0,sqft,2304.0,1,1.0,1.0,1938.0,No,4,4,Y,N,N,10.0,121300.0
Sunridge,500.0,sqft,1425.0,1,2.0,2.0,1949.0,No,4,8,N,Y,N,7.0,45000
Brookhaven,1339.0,sqft,5087.0,2,1.0,2.0,1959.0,Yes,4,5,Y,N,N,9.0,298400.0
Northgate,3136.0,sqft,6191.0,5,4.5,2.0,1936.0,No,4,7,Y,N,N,4.0,235200.0
Northgate,2781.0,sqft,4163.0,4,3.0,3.0,1971.0,No,3,10,Y,Y,N,6.0,$234.8K
Old Mill District,2544.0,sqft,3505.0,4,3.0,1.0,1998.0,No,3,6,N,N,N,6.0,$656.1K
Sunridge,1886.0,sqft,5095.0,3,1.5,3.0,1977.0,Yes,4,7,N,Y,N,5.0,$197.5K
Riverside Park,1957.0,sqft,3665.0,3,2.0,2.0,1982.0,No,4,4,Y,Y,N,6.0,$350.4K
Brookhaven,2582.0,sqft,4054.0,4,3.0,1.0,1935.0,No,3,10,N,N,N,6.0,$427.0K
Sunridge,2131.0,sqft,7209.0,4,2.5,3.0,1988.0,No,4,10,Y,N,Y,5.0,275400.0
Riverside Park,46.4,sqm,800.0,1,1.0,2.0,2005.0,No,4,3,N,N,N,5.0,$83.8K
Northgate,851.0,sqft,1074.0,2,2.0,1.0,2015.0,No,2,4,N,N,Y,3.0,$71.6K
Northgate,2086.0,sqft,5573.0,4,3.5,1.0,1957.0,No,2,7,Y,Y,N,8.0,202900.0
Brookhaven,1226.0,sqft,,2,3.0,1.0,2023.0,No,5,5,Y,Y,N,7.0,303500.0
Brookhaven,952.0,sqft,1607.0,2,1.0,1.0,1929.0,Yes,5,8,Y,Y,N,,$159.9K
Sunridge,1808.0,sqft,5233.0,2,1.0,3.0,1926.0,No,3,9,Y,N,N,5.0,139100.0
Brookhaven,2387.0,sqft,7154.0,4,2.5,2.0,1933.0,No,3,8,Y,Y,N,7.0,$394.8K
Riverside Park,1164.0,sqft,3974.0,2,1.5,3.0,1983.0,Yes,3,6,Y,N,N,4.0,193700.0
Cedar Falls,915.0,sqft,1139.0,1,1.0,1.0,2000.0,Yes,3,10,Y,N,N,6.0,$141.0K
Riverside Park,2023.0,sqft,3662.0,3,2.0,1.0,1967.0,Yes,5,3,Y,N,Y,5.0,321600.0
Cedar Falls,1369.0,sqft,3173.0,2,2.0,1.0,1979.0,No,3,7,Y,Y,N,5.0,172900.0
Northgate,187.6,sqm,8060.0,3,2.0,1.0,1989.0,No,3,8,Y,N,Y,7.0,$203.5K
Maple Grove,1605.0,sqft,3797.0,2,1.5,2.5,1928.0,Yes,4,4,N,N,N,5.0,$197.4K
Harbor Point,1281.0,sqft,4226.0,2,1.5,1.0,1988.0,No,3,10,Y,N,N,5.0,$392.6K
Old Mill District,2129.0,sqft,7332.0,3,1.5,1.5,2020.0,No,5,9,N,N,N,5.0,$529.3K
Brookhaven,1413.0,sqft,3320.0,3,2.0,1.0,1960.0,Yes,4,10,Y,N,N,4.0,$272.7K
Brookhaven,860.0,sqft,1048.0,2,1.5,3.0,1996.0,Yes,4,3,Y,N,N,5.0,192000.0
Cedar Falls,1259.0,sqft,1871.0,3,1.5,2.0,1977.0,No,3,6,Y,N,N,8.0,144000.0
Cedar Falls,277.4,sqm,11918.0,4,3.0,1.0,1971.0,No,2,4,N,N,N,6.0,306200.0
Sunridge,164.6,sqm,2674.0,3,2.5,1.5,1979.0,No,4,5,N,N,N,8.0,$179.6K
Harbor Point,2410.0,sqft,8050.0,5,4.0,2.0,2009.0,No,3,10,Y,Y,Y,4.0,946500.0
Riverside Park,2316.0,sqft,8889.0,4,2.5,3.0,1939.0,Yes,5,8,Y,N,N,,334400.0
Maple Grove,1949.0,sqft,7474.0,2,2.0,1.0,2015.0,No,3,5,Y,Y,N,5.0,$274.6K
Cedar Falls,202.9,sqm,3141.0,3,2.5,1.5,1984.0,No,5,5,Y,N,N,7.0,254800.0
Sunridge,1766.0,sqft,4997.0,3,2.5,2.0,1943.0,No,3,9,Y,N,N,5.0,$159.4K
Brookhaven,2764.0,sqft,9081.0,5,3.5,1.0,2018.0,No,4,6,Y,Y,N,6.0,$653.9K
Harbor Point,293.4,sqm,8807.0,5,4.0,2.5,1991.0,No,2,5,Y,N,N,6.0,934400.0
Maple Grove,1974.0,sqft,3466.0,2,1.5,1.0,1995.0,No,4,8,Y,Y,N,8.0,345600.0
Riverside Park,2306.0,sqft,6112.0,3,2.0,1.0,1982.0,No,4,10,Y,N,N,3.0,$404.8K
Riverside Park,1747.0,sqft,5435.0,2,1.5,2.0,1964.0,No,4,4,Y,Y,N,6.0,263200.0
Riverside Park,259.7,sqm,3516.0,4,3.0,1.0,1944.0,No,1,4,Y,Y,N,5.0,294600.0
Northgate,2080.0,sqft,6914.0,2,2.0,1.0,1950.0,Yes,3,9,Y,N,N,8.0,175200.0
Brookhaven,2202.0,sqft,7976.0,3,2.5,2.0,2014.0,No,3,5,Y,Y,N,6.0,$482.1K
Old Mill District,965.0,sqft,1917.0,1,1.0,1.0,1952.0,Yes,5,7,N,N,N,3.0,193100.0
Maple Grove,1737.0,sqft,4333.0,3,2.0,2.5,1921.0,No,4,7,N,N,N,6.0,$189.2K
Sunridge,1634.0,sqft,2958.0,2,1.5,1.0,1999.0,No,3,6,Y,N,N,8.0,$165.0K
Old Mill District,636.0,sqft,1397.0,2,2.0,1.0,1985.0,No,3,8,N,N,N,9.0,$147.4K
Harbor Point,1604.0,sqft,4255.0,2,1.0,1.0,1957.0,Yes,4,7,N,Y,N,,$427.8K
Northgate,2778.0,sqft,9876.0,5,3.5,1.0,1922.0,No,2,5,Y,N,N,8.0,$202.3K
Maple Grove,2094.0,sqft,4361.0,3,3.5,1.5,1989.0,No,5,3,Y,N,N,7.0,332500.0
Northgate,2101.0,sqft,7501.0,3,2.0,2.0,2020.0,No,2,3,Y,Y,N,3.0,205000.0
Old Mill District,2236.0,sqft,5506.0,4,3.0,2.0,2019.0,No,3,3,Y,Y,Y,8.0,741500.0
Riverside Park,1775.0,sqft,4052.0,2,1.0,2.0,1960.0,Yes,5,4,Y,Y,N,6.0,$380.5K
Brookhaven,184.3,sqm,3227.0,4,3.5,1.0,1999.0,No,5,4,Y,,N,4.0,379500.0
Brookhaven,934.0,sqft,3693.0,1,1.0,1.0,2013.0,No,4,3,Y,N,N,7.0,190600.0
Maple Grove,193.0,sqm,6027.0,3,2.0,1.0,1936.0,Yes,2,9,Y,N,N,7.0,326100.0
Riverside Park,772.0,sqft,1873.0,2,2.0,1.5,1942.0,No,3,6,Y,N,N,9.0,108400.0
Cedar Falls,1994.0,sqft,3790.0,3,2.5,2.5,2022.0,No,3,10,Y,Y,N,10.0,323500.0
Maple Grove,217.5,sqm,9082.0,4,2.5,1.5,1937.0,Yes,5,5,N,N,N,4.0,$241.7K
Riverside Park,1526.0,sqft,2252.0,2,1.5,2.0,2016.0,No,3,6,Y,N,N,7.0,295400.0
Cedar Falls,1704.0,sqft,2565.0,3,3.0,1.5,1990.0,No,3,6,Y,Y,N,5.0,211000.0
Riverside Park,1899.0,sqft,5107.0,4,3.0,2.0,1955.0,No,4,4,Y,N,N,7.0,$246.0K
Northgate,1632.0,sqft,5800.0,2,1.0,2.5,1983.0,No,3,5,Y,N,N,5.0,149300.0
Old Mill District,224.6,sqm,8717.0,3,2.0,3.0,2003.0,No,3,10,Y,N,N,7.0,$594.4K
Harbor Point,2684.0,sqft,5264.0,4,2.0,3.0,1951.0,No,1,10,Y,Y,N,4.0,662800.0
Riverside Park,160.2,sqm,6380.0,2,2.5,1.5,1960.0,Yes,2,5,Y,Y,N,7.0,$275.8K
Old Mill District,2131.0,sqft,3775.0,2,1.5,2.0,2017.0,No,5,9,Y,N,N,9.0,$671.3K
Old Mill District,500.0,sqft,1860.0,1,1.0,2.5,2020.0,No,2,9,Y,N,N,4.0,$131.6K
Old Mill District,1460.0,sqft,5759.0,2,1.0,3.0,1943.0,No,4,3,Y,N,N,,304300.0
Northgate,163.9,sqm,4916.0,3,2.0,2.0,1924.0,Yes,4,7,N,Y,N,6.0,$129.9K
Northgate,242.7,sqm,10007.0,4,3.0,2.0,1968.0,No,2,5,Y,N,N,4.0,$215.1K
Riverside Park,1094.0,sqft,2247.0,2,1.0,1.0,1983.0,Yes,2,5,Y,Y,N,8.0,192800.0
Sunridge,182.7,sqm,5538.0,3,2.5,2.0,1921.0,No,3,9,Y,Y,N,9.0,181500.0
Sunridge,2454.0,sqft,3818.0,4,3.0,1.0,1973.0,Yes,4,8,Y,Y,N,7.0,$275.9K
Harbor Point,1609.0,sqft,5827.0,3,2.5,2.0,1991.0,Yes,5,3,Y,Y,N,8.0,$488.5K
Old Mill District,2020.0,sqft,4766.0,3,2.5,2.0,2016.0,No,1,9,Y,N,N,4.0,543600.0
Harbor Point,2574.0,sqft,3901.0,4,2.5,1.0,1951.0,No,2,7,Y,Y,N,7.0,695200.0
Brookhaven,2619.0,sqft,4997.0,4,3.0,1.0,1924.0,No,4,3,N,Y,N,4.0,$414.8K
Harbor Point,1545.0,sqft,2616.0,3,3.0,1.0,2008.0,No,4,8,Y,N,N,8.0,450300.0
Maple Grove,1179.0,sqft,4569.0,2,1.5,2.0,1953.0,Yes,3,5,Y,Y,N,6.0,$154.0K
Old Mill District,2627.0,sqft,4972.0,5,3.5,1.0,2020.0,No,5,9,Y,N,N,6.0,645000.0
Riverside Park,1991.0,sqft,4407.0,4,2.5,1.5,1929.0,No,3,4,Y,N,N,5.0,297500.0
Sunridge,1942.0,sqft,7510.0,3,1.0,2.0,2000.0,No,4,5,Y,Y,N,7.0,248700.0
Old Mill District,2291.0,sqft,5269.0,4,4.0,2.0,,No,3,4,Y,Y,N,7.0,480900.0
Sunridge,500.0,sqft,1332.0,1,1.5,1.0,1934.0,No,3,4,Y,N,N,3.0,45000
Sunridge,2982.0,sqft,10464.0,4,3.0,2.5,,No,5,4,Y,N,N,9.0,$368.7K
Maple Grove,2399.0,sqft,4744.0,3,2.0,2.0,1976.0,Yes,3,10,N,N,N,9.0,375100.0
Brookhaven,1634.0,sqft,3768.0,2,1.5,1.5,1943.0,No,4,7,Y,Y,N,6.0,$312.7K
Brookhaven,174.4,sqm,4770.0,4,3.5,1.0,1998.0,No,5,10,Y,Y,N,4.0,$422.3K
Cedar Falls,1320.0,sqft,3030.0,2,1.0,1.0,1981.0,Yes,3,6,Y,Y,N,4.0,173400.0
Harbor Point,767.0,sqft,1434.0,2,2.0,2.0,1973.0,Yes,3,9,N,N,N,6.0,217300.0
Brookhaven,500.0,sqft,800.0,1,1.0,1.5,1996.0,No,4,9,Y,N,N,5.0,120800.0
Northgate,2121.0,sqft,5292.0,3,2.5,2.5,2011.0,No,3,4,Y,Y,N,,$226.2K
Northgate,1669.0,sqft,5571.0,4,4.0,1.5,1995.0,Yes,5,4,Y,N,N,7.0,174500.0
Riverside Park,1504.0,sqft,4385.0,3,2.5,1.0,2022.0,No,4,3,Y,Y,N,5.0,$299.5K
Cedar Falls,1421.0,sqft,3862.0,4,3.0,1.0,2009.0,No,3,8,Y,Y,N,7.0,177400.0
Northgate,2340.0,sqft,4345.0,3,2.5,2.0,2018.0,No,3,8,Y,Y,N,8.0,234600.0
Northgate,106.6,sqm,2649.0,1,1.0,3.0,1955.0,No,4,4,Y,N,N,5.0,83800.0
Cedar Falls,1859.0,sqft,6678.0,3,1.5,2.0,1969.0,Yes,3,10,N,Y,N,5.0,243900.0
Maple Grove,2463.0,sqft,7338.0,4,3.0,2.5,1954.0,Yes,3,5,Y,N,N,6.0,298600.0
Sunridge,2009.0,sqft,5177.0,2,1.0,3.0,1928.0,Yes,4,7,Y,Y,N,6.0,$165.9K
Maple Grove,1900.0,sqft,4740.0,3,3.0,3.0,1981.0,No,4,5,Y,N,N,6.0,$286.4K
Old Mill District,1989.0,sqft,4291.0,4,2.5,1.0,1968.0,No,3,7,Y,N,N,,503900.0
Cedar Falls,2442.0,sqft,7421.0,4,3.0,1.0,1920.0,No,3,10,Y,Y,N,5.0,294900.0
Cedar Falls,1513.0,sqft,2914.0,2,1.0,1.0,1969.0,No,4,9,Y,N,N,4.0,$223.2K
Harbor Point,1212.0,sqft,4362.0,3,3.0,3.0,1955.0,Yes,3,7,Y,,N,6.0,$315.6K
Sunridge,1759.0,sqft,4203.0,3,2.0,1.0,1936.0,Yes,2,4,N,N,Y,3.0,163800.0
Riverside Park,1941.0,sqft,7438.0,2,1.5,1.0,1978.0,No,3,6,Y,N,N,6.0,285000.0
Brookhaven,1529.0,sqft,3641.0,2,2.0,1.5,1987.0,No,5,10,Y,Y,N,3.0,$322.7K
Sunridge,1407.0,sqft,2084.0,1,1.0,1.5,1922.0,No,5,6,Y,Y,N,4.0,127300.0
Brookhaven,225.7,sqm,5667.0,3,2.5,2.5,2018.0,No,3,6,Y,N,N,,562600.0
Riverside Park,1435.0,sqft,2434.0,2,2.0,1.5,1967.0,No,3,6,N,Y,N,8.0,208800.0
Brookhaven,786.0,sqft,2914.0,1,1.0,1.0,1981.0,No,5,8,N,N,N,9.0,$154.2K
Northgate,2507.0,sqft,4791.0,3,3.0,3.0,1924.0,No,5,4,Y,N,N,6.0,202100.0
Harbor Point,1532.0,sqft,3268.0,2,1.0,1.0,2005.0,No,3,4,Y,Y,Y,5.0,$493.2K
Maple Grove,1271.0,sqft,4655.0,2,2.5,2.0,2012.0,No,3,8,Y,Y,N,9.0,190000.0
Brookhaven,2777.0,sqft,10632.0,4,3.0,2.5,1957.0,No,4,8,Y,N,N,6.0,520900.0
Old Mill District,2095.0,sqft,8378.0,2,1.5,1.5,1934.0,No,4,6,N,N,N,8.0,$490.1K
Cedar Falls,1184.0,sqft,4269.0,2,1.0,2.0,1933.0,No,4,7,Y,N,N,9.0,147300.0
Harbor Point,2136.0,sqft,4455.0,2,1.0,2.0,1974.0,No,4,9,N,N,N,8.0,$607.9K
Riverside Park,2851.0,sqft,,4,3.5,1.0,1920.0,No,5,5,Y,Y,N,5.0,432100.0
Harbor Point,134.0,sqm,3158.0,2,2.0,1.0,1934.0,Yes,4,7,Y,N,N,7.0,$372.4K
Northgate,1145.0,sqft,3027.0,2,2.0,2.0,2006.0,No,3,4,Y,Y,N,5.0,103100.0
Harbor Point,1472.0,sqft,4816.0,2,1.0,1.0,1953.0,No,3,6,N,N,N,9.0,$421.6K
Old Mill District,500.0,sqft,1674.0,1,1.0,2.5,1983.0,Yes,3,9,N,Y,N,5.0,133000.0
Maple Grove,1990.0,sqft,5184.0,4,2.0,2.0,2012.0,No,2,10,Y,N,Y,5.0,328700.0
Sunridge,2099.0,sqft,5279.0,3,2.5,2.0,2003.0,No,5,4,Y,Y,N,6.0,229800.0
Maple Grove,917.0,sqft,1151.0,1,1.0,1.0,2001.0,No,4,8,Y,Y,N,9.0,$153.7K
Northgate,1518.0,sqft,3788.0,4,3.0,1.0,1975.0,Yes,3,10,Y,,N,9.0,166400.0
Sunridge,2106.0,sqft,4618.0,3,2.0,2.0,2015.0,No,4,7,Y,N,N,5.0,234200.0
Riverside Park,1030.0,sqft,1820.0,2,1.0,1.5,1991.0,Yes,3,4,Y,N,N,8.0,183200.0
Riverside Park,2011.0,sqft,4172.0,3,2.5,2.0,1940.0,No,4,3,Y,,N,8.0,$321.0K
Riverside Park,143.0,sqm,5437.0,2,1.5,1.0,1969.0,No,5,6,Y,Y,N,5.0,$251.5K
Riverside Park,1431.0,sqft,3067.0,2,2.0,2.0,2008.0,No,4,6,Y,N,N,7.0,$260.8K
Northgate,2359.0,sqft,2968.0,4,3.0,1.0,1923.0,No,4,9,N,,N,6.0,178200.0
Sunridge,2684.0,sqft,7430.0,4,4.0,1.5,1991.0,Yes,4,10,N,Y,N,8.0,342400.0
Old Mill District,1085.0,sqft,1482.0,1,1.0,2.5,2018.0,Yes,4,10,Y,,N,7.0,$446.8K
Old Mill District,1218.0,sqft,3090.0,2,2.0,1.0,1996.0,No,3,8,Y,N,N,5.0,316500.0
Sunridge,1582.0,sqft,3407.0,3,2.0,3.0,2010.0,No,2,5,Y,N,N,6.0,$142.5K
Old Mill District,1364.0,sqft,1930.0,2,1.5,2.5,1927.0,No,4,8,Y,Y,N,5.0,$276.5K
Maple Grove,2300.0,sqft,7482.0,3,3.0,3.0,1930.0,Yes,5,7,N,N,N,,316200.0
Riverside Park,258.1,sqm,4748.0,4,3.0,2.5,1995.0,Yes,4,5,N,N,N,8.0,495200.0
Brookhaven,1284.0,sqft,3085.0,1,1.0,1.0,1921.0,No,4,6,Y,N,N,7.0,$234.0K
Harbor Point,1860.0,sqft,2936.0,2,1.5,1.5,1990.0,No,4,3,N,N,N,4.0,$472.7K
Northgate,578.0,sqft,,2,1.5,1.5,1928.0,No,3,8,Y,Y,N,6.0,$51.0K
Northgate,1398.0,sqft,4116.0,2,2.0,1.0,1993.0,No,2,7,Y,Y,N,4.0,$119.8K
Maple Grove,2391.0,sqft,2875.0,3,2.5,1.0,2001.0,No,5,9,N,Y,N,9.0,365800.0
Old Mill District,65.7,sqm,1259.0,1,1.0,1.0,1927.0,No,3,9,Y,N,N,4.0,142700.0
Sunridge,1627.0,sqft,6241.0,3,2.5,1.5,1998.0,Yes,3,9,N,N,N,6.0,199500.0
Riverside Park,1318.0,sqft,3555.0,2,1.0,1.0,1950.0,No,3,5,N,N,Y,6.0,211500.0
Sunridge,191.4,sqm,3177.0,3,2.5,1.0,2010.0,No,3,7,Y,N,N,10.0,271200.0
Harbor Point,906.0,sqft,1391.0,1,1.0,1.0,1931.0,No,3,9,Y,N,N,7.0,227800.0
Old Mill District,790.0,sqft,2189.0,1,1.5,2.0,1980.0,Yes,4,3,N,N,N,6.0,200200.0
Brookhaven,2197.0,sqft,6425.0,3,2.0,2.5,2001.0,No,3,5,N,Y,N,5.0,$474.0K
Old Mill District,2060.0,sqft,8042.0,3,2.5,2.5,2012.0,No,5,9,Y,Y,N,8.0,$558.2K
Old Mill District,2241.0,sqft,8182.0,3,1.0,3.0,2021.0,No,3,8,Y,Y,N,5.0,613400.0
Sunridge,1425.0,sqft,4716.0,3,2.0,2.5,1989.0,Yes,5,10,Y,Y,Y,3.0,$178.0K
Brookhaven,2647.0,sqft,10163.0,3,2.5,1.0,1967.0,No,4,5,Y,,N,7.0,498000.0
Brookhaven,3220.0,sqft,9332.0,3,3.0,1.5,1959.0,No,4,6,Y,Y,N,5.0,$583.2K
Riverside Park,2281.0,sqft,9049.0,4,3.0,1.0,1991.0,No,2,4,Y,N,N,4.0,335600.0
Harbor Point,2503.0,sqft,8918.0,4,3.5,2.5,1999.0,No,2,7,Y,N,N,5.0,$758.6K
Old Mill District,500.0,sqft,800.0,2,1.0,1.0,2016.0,No,4,9,Y,N,N,2.0,127900.0
Brookhaven,1732.0,sqft,6023.0,3,2.0,2.0,1951.0,No,4,7,Y,Y,N,8.0,$351.5K
Maple Grove,1208.0,sqft,1734.0,2,2.0,2.0,1963.0,Yes,4,3,Y,N,N,9.0,171200.0
Old Mill District,1058.0,sqft,1693.0,2,2.5,1.0,1948.0,No,4,4,Y,Y,N,2.0,211300.0
Northgate,2004.0,sqft,4127.0,3,2.0,2.0,1952.0,Yes,4,7,Y,N,N,8.0,138500.0
Sunridge,1819.0,sqft,6149.0,2,1.5,2.0,1971.0,No,2,5,Y,N,N,5.0,$147.8K
Sunridge,187.8,sqm,4421.0,3,2.0,1.0,2016.0,No,4,10,Y,,N,7.0,$243.4K
Harbor Point,1320.0,sqft,3165.0,2,2.0,1.0,1960.0,No,5,5,N,Y,N,7.0,$348.1K
Cedar Falls,2232.0,sqft,5248.0,3,2.0,1.0,1936.0,No,3,6,N,Y,N,5.0,$232.8K
Riverside Park,2301.0,sqft,3394.0,3,3.0,2.5,1935.0,No,2,4,Y,Y,N,4.0,$341.9K
Maple Grove,2366.0,sqft,9423.0,3,2.5,2.0,1990.0,No,3,7,Y,Y,N,7.0,$402.6K
Old Mill District,2164.0,sqft,3453.0,4,3.0,2.0,1961.0,Yes,2,4,Y,Y,N,4.0,562200.0
Cedar Falls,1808.0,sqft,4433.0,4,2.5,2.0,1924.0,No,4,3,N,N,N,3.0,167000.0
Maple Grove,2630.0,sqft,8822.0,4,3.0,2.0,2021.0,No,2,7,Y,Y,N,6.0,$414.5K
Cedar Falls,3050.0,sqft,4198.0,5,4.0,1.0,1985.0,No,1,9,N,N,N,8.0,$363.0K
Sunridge,500.0,sqft,1188.0,1,1.0,1.0,2020.0,No,3,7,Y,N,N,5.0,$53.8K
Brookhaven,1477.0,sqft,2828.0,2,2.5,2.0,2007.0,No,3,5,Y,Y,N,5.0,351400.0
Northgate,112.9,sqm,3341.0,3,2.5,3.0,2000.0,No,3,9,Y,Y,N,7.0,$107.9K
Sunridge,2242.0,sqft,8435.0,3,1.5,1.0,1957.0,No,3,4,Y,N,N,5.0,195000.0
Maple Grove,1692.0,sqft,3131.0,3,2.5,3.0,1921.0,No,5,4,Y,N,N,7.0,182600.0
Maple Grove,2364.0,sqft,,3,2.0,2.0,1952.0,Yes,3,7,Y,Y,N,,$331.1K
Cedar Falls,1439.0,sqft,4981.0,2,1.5,1.0,1936.0,Yes,5,4,Y,Y,N,6.0,$169.8K
Brookhaven,2539.0,sqft,7407.0,4,4.0,2.5,2013.0,No,4,6,Y,Y,N,8.0,572000.0
Riverside Park,1920.0,sqft,3719.0,3,3.0,2.0,1976.0,No,2,4,N,N,N,6.0,$309.5K
Cedar Falls,1934.0,sqft,5409.0,3,2.5,1.0,1944.0,No,5,5,Y,N,N,3.0,$198.6K
Sunridge,2240.0,sqft,6393.0,3,1.5,1.0,1923.0,No,5,9,Y,N,N,4.0,193400.0
Old Mill District,2463.0,sqft,6310.0,3,2.0,1.5,1992.0,No,2,3,N,N,N,9.0,571800.0
Cedar Falls,1975.0,sqft,4023.0,3,2.5,1.5,1936.0,No,3,7,N,N,N,7.0,239200.0
Old Mill District,2023.0,sqft,,3,3.0,2.5,1961.0,No,4,7,Y,N,N,8.0,442000.0
Brookhaven,1891.0,sqft,6335.0,4,3.0,1.5,1948.0,Yes,2,10,Y,Y,N,7.0,$415.4K
Sunridge,3509.0,sqft,4508.0,5,4.0,1.0,1937.0,No,4,9,Y,N,N,4.0,$278.0K
Harbor Point,665.0,sqft,946.0,1,1.0,2.0,1923.0,Yes,3,8,Y,Y,N,8.0,$206.0K
Brookhaven,661.0,sqft,1354.0,2,1.0,1.0,2019.0,No,3,8,Y,N,Y,6.0,173500.0
Harbor Point,1899.0,sqft,6037.0,3,2.5,1.0,1993.0,No,2,4,Y,Y,N,5.0,516900.0
Harbor Point,2710.0,sqft,8419.0,4,3.5,1.5,2007.0,No,3,3,Y,N,N,6.0,$860.9K
Old Mill District,1220.0,sqft,2010.0,1,1.5,1.0,1925.0,No,1,7,N,Y,Y,6.0,256900.0
Old Mill District,2312.0,sqft,5187.0,4,3.0,2.0,1929.0,No,2,10,Y,N,N,7.0,430600.0
Harbor Point,204.8,sqm,6202.0,3,2.0,1.0,1977.0,Yes,5,6,Y,Y,N,4.0,$662.3K
Cedar Falls,1210.0,sqft,4322.0,3,3.5,2.0,1947.0,No,3,9,Y,Y,N,8.0,$144.7K
Cedar Falls,3066.0,sqft,4160.0,6,4.5,1.0,1973.0,Yes,2,4,Y,N,N,5.0,$418.0K
Northgate,1712.0,sqft,4646.0,2,2.5,2.0,1993.0,Yes,4,6,N,N,N,6.0,$157.6K
Northgate,2029.0,sqft,3056.0,3,1.5,1.0,1959.0,No,2,6,Y,Y,N,6.0,144100.0
Riverside Park,1211.0,sqft,3568.0,3,2.5,2.0,1957.0,No,2,3,N,N,N,3.0,$155.1K
Harbor Point,1421.0,sqft,3420.0,3,2.0,1.0,2007.0,No,3,9,Y,Y,N,6.0,$387.3K
Brookhaven,1426.0,sqft,5519.0,2,2.5,2.5,1945.0,Yes,4,8,Y,N,N,8.0,$252.2K
Brookhaven,2400.0,sqft,9410.0,4,4.0,1.0,1965.0,No,2,9,Y,N,N,7.0,$463.2K
Riverside Park,1211.0,sqft,3723.0,2,1.5,1.5,1952.0,No,3,6,Y,N,Y,6.0,192800.0
Northgate,2050.0,sqft,5534.0,3,1.5,2.0,1980.0,Yes,5,6,Y,Y,N,5.0,193200.0
Northgate,2729.0,sqft,3602.0,4,2.5,2.0,1975.0,Yes,3,8,Y,Y,N,2.0,240600.0
Riverside Park,2890.0,sqft,8414.0,5,3.0,1.0,1920.0,No,2,5,Y,Y,N,8.0,$487.1K
Northgate,1656.0,sqft,4741.0,2,2.0,2.0,2012.0,No,2,5,Y,Y,N,,$167.3K
Old Mill District,1070.0,sqft,3054.0,1,1.0,1.5,1956.0,No,3,8,Y,Y,N,3.0,221900.0
Maple Grove,2460.0,sqft,7926.0,4,3.5,1.5,1943.0,No,4,6,N,N,N,4.0,267800.0
Northgate,1766.0,sqft,5024.0,2,3.0,1.0,1986.0,No,3,10,Y,Y,N,6.0,$155.2K
Maple Grove,2485.0,sqft,4207.0,4,3.5,2.0,1974.0,No,3,3,Y,N,N,7.0,333800.0
Northgate,1428.0,sqft,4764.0,3,2.5,1.0,1939.0,No,2,5,Y,Y,N,6.0,$118.6K
Sunridge,2104.0,sqft,5723.0,3,3.0,1.0,1939.0,No,3,9,N,N,N,5.0,$165.9K
Harbor Point,237.5,sqm,6726.0,4,3.5,1.0,1923.0,Yes,5,3,Y,Y,N,9.0,$630.1K
Harbor Point,1898.0,sqft,3104.0,4,2.0,1.5,2019.0,No,3,8,N,Y,N,,628000.0
Riverside Park,131.0,sqm,1917.0,2,2.0,2.0,2018.0,No,4,4,Y,N,N,6.0,$257.2K
Old Mill District,2034.0,sqft,3599.0,3,2.0,1.0,1935.0,No,3,7,N,Y,N,3.0,344200.0
Brookhaven,1541.0,sqft,4570.0,3,2.0,2.0,2005.0,Yes,3,4,Y,Y,N,9.0,$453.5K
Brookhaven,1824.0,sqft,4246.0,3,3.0,3.0,1960.0,No,3,10,Y,Y,N,5.0,342300.0
Brookhaven,145.6,sqm,6202.0,3,2.0,1.0,1922.0,No,3,4,Y,Y,N,5.0,$260.2K
Brookhaven,1218.0,sqft,2107.0,2,1.5,1.0,1957.0,No,5,7,Y,Y,N,6.0,$206.8K
Old Mill District,2492.0,sqft,4664.0,3,3.0,1.0,1945.0,Yes,2,7,N,Y,N,3.0,489600.0
Harbor Point,2138.0,sqft,7540.0,4,3.0,1.0,1974.0,No,5,3,N,N,N,6.0,572600.0
Old Mill District,1138.0,sqft,2780.0,2,1.0,2.0,1982.0,Yes,4,10,N,N,N,6.0,$291.9K
Maple Grove,2230.0,sqft,3239.0,4,3.0,1.0,1985.0,Yes,3,6,Y,N,N,7.0,350000.0
Brookhaven,2233.0,sqft,7041.0,3,2.5,2.0,1928.0,Yes,4,10,Y,Y,N,7.0,$468.2K
Sunridge,1254.0,sqft,2532.0,3,1.5,1.0,2009.0,Yes,2,10,Y,Y,N,10.0,188900.0
Old Mill District,1405.0,sqft,3336.0,1,1.0,1.5,1992.0,No,3,9,Y,Y,N,9.0,$402.3K
Maple Grove,2606.0,sqft,7996.0,3,1.5,1.0,1927.0,No,3,9,Y,N,N,6.0,317300.0
Riverside Park,2629.0,sqft,9056.0,4,4.0,2.5,1949.0,No,3,3,Y,Y,N,4.0,322800.0
Sunridge,1464.0,sqft,2901.0,2,1.5,1.0,1987.0,Yes,4,5,Y,Y,N,5.0,$170.6K
Sunridge,1206.0,sqft,2555.0,1,1.0,2.0,1932.0,Yes,3,8,Y,Y,Y,9.0,146300.0
Brookhaven,3098.0,sqft,4709.0,5,3.5,3.0,1990.0,No,3,8,Y,,N,6.0,$575.9K
Cedar Falls,2392.0,sqft,5761.0,3,3.5,3.0,2002.0,No,4,6,Y,N,N,5.0,$386.3K
Cedar Falls,2466.0,sqft,8499.0,4,3.0,1.5,2009.0,No,4,3,N,N,N,9.0,375400.0
Cedar Falls,193.3,sqm,4312.0,2,1.0,2.0,1971.0,No,2,9,Y,Y,N,8.0,$264.3K
Brookhaven,3009.0,sqft,8343.0,4,3.0,1.0,1997.0,No,5,5,N,N,N,8.0,$659.3K
Maple Grove,1606.0,sqft,4368.0,2,1.0,1.0,1927.0,No,3,4,N,Y,N,6.0,$169.4K
Sunridge,2120.0,sqft,5184.0,3,3.0,1.0,1943.0,Yes,3,5,Y,Y,N,6.0,$201.0K
Northgate,2219.0,sqft,7031.0,4,3.0,2.0,1988.0,Yes,5,7,N,Y,N,5.0,245600.0
Riverside Park,1891.0,sqft,4591.0,3,2.0,1.0,1987.0,No,4,10,N,N,Y,7.0,352800.0
Sunridge,2140.0,sqft,7496.0,3,2.0,1.5,1923.0,Yes,3,9,Y,N,N,3.0,173600.0
Old Mill District,2800.0,sqft,9691.0,5,3.5,2.0,1958.0,No,5,8,Y,N,N,5.0,655700.0
Sunridge,1600.0,sqft,2829.0,3,2.0,2.5,2020.0,Yes,2,9,Y,N,N,,205800.0
Riverside Park,1403.0,sqft,3305.0,2,1.5,1.0,1999.0,No,5,8,Y,Y,N,4.0,228200.0
Sunridge,3141.0,sqft,8729.0,4,2.5,1.0,1962.0,No,1,4,Y,N,N,4.0,285000.0
Sunridge,1262.0,sqft,4506.0,3,2.5,3.0,1958.0,Yes,5,7,Y,Y,N,5.0,$136.9K
Maple Grove,191.7,sqm,7894.0,3,2.0,2.0,1998.0,No,4,3,Y,Y,N,3.0,307500.0
Cedar Falls,70.4,sqm,2137.0,1,1.0,2.0,1921.0,No,2,10,Y,Y,N,9.0,$96.5K
Riverside Park,1990.0,sqft,3505.0,3,2.0,1.5,1947.0,No,5,7,N,N,N,7.0,$300.7K
Old Mill District,224.8,sqm,8800.0,5,3.5,1.5,1971.0,No,3,4,N,,N,6.0,$512.1K
Riverside Park,1582.0,sqft,2672.0,3,1.0,2.0,1960.0,No,4,9,Y,N,N,6.0,$246.4K
Old Mill District,2397.0,sqft,3910.0,4,2.5,2.5,1999.0,No,2,8,Y,Y,N,7.0,$760.1K
Old Mill District,2372.0,sqft,4346.0,5,4.0,1.0,1954.0,No,3,6,Y,N,N,10.0,554300.0
Cedar Falls,2402.0,sqft,4083.0,3,2.0,1.0,1931.0,No,3,6,Y,N,N,6.0,$256.1K
Riverside Park,2340.0,sqft,,4,3.0,2.0,1938.0,No,2,9,N,N,N,10.0,325400.0
Old Mill District,2373.0,sqft,7867.0,4,3.0,2.0,1985.0,No,4,3,N,N,N,6.0,505400.0
Cedar Falls,1410.0,sqft,2143.0,1,1.0,2.0,1942.0,No,3,3,Y,Y,N,4.0,148600.0
Cedar Falls,1035.0,sqft,3416.0,2,1.5,1.5,1983.0,No,2,10,Y,N,N,7.0,143900.0
Sunridge,131.0,sqm,5456.0,3,1.5,2.0,1941.0,Yes,2,5,Y,Y,N,6.0,$128.1K
Riverside Park,1565.0,sqft,3381.0,2,1.5,2.5,1976.0,No,5,5,Y,N,N,6.0,$247.0K
Old Mill District,2381.0,sqft,3496.0,4,3.5,2.0,1965.0,Yes,3,10,Y,Y,N,5.0,701600.0
Cedar Falls,2949.0,sqft,4365.0,4,3.5,2.0,1937.0,Yes,5,10,Y,Y,N,8.0,366100.0
Northgate,1432.0,sqft,2337.0,3,2.0,1.5,1975.0,No,1,8,Y,N,N,5.0,$118.9K
Brookhaven,3255.0,sqft,7988.0,6,4.0,2.0,1947.0,Yes,2,9,N,Y,N,5.0,$545.2K
Sunridge,2310.0,sqft,7486.0,4,3.0,2.0,1987.0,Yes,3,5,Y,N,N,,228400.0
Cedar Falls,2159.0,sqft,6005.0,3,3.0,2.5,1940.0,No,1,7,Y,Y,N,7.0,232400.0
Maple Grove,1138.0,sqft,4038.0,2,1.5,1.0,1961.0,No,3,3,Y,N,N,7.0,$135.4K
Cedar Falls,2040.0,sqft,4723.0,3,2.5,1.0,1943.0,Yes,4,3,Y,Y,N,6.0,236500.0
Harbor Point,2604.0,sqft,8233.0,4,3.0,1.0,1936.0,No,4,10,N,N,N,7.0,$639.6K
Harbor Point,76.7,sqm,2560.0,1,1.0,1.0,,No,5,8,N,Y,N,6.0,$231.4K
Maple Grove,2026.0,sqft,2978.0,2,1.0,2.0,2005.0,No,3,4,Y,N,N,6.0,$257.7K
Northgate,1888.0,sqft,5063.0,3,2.0,2.0,2008.0,No,3,6,Y,Y,N,7.0,198800.0
Sunridge,2716.0,sqft,8376.0,4,4.0,1.0,1993.0,Yes,2,4,N,N,N,5.0,$295.0K
Cedar Falls,1018.0,sqft,1620.0,2,1.5,1.0,1929.0,No,5,7,N,Y,N,7.0,$107.4K
Cedar Falls,3093.0,sqft,3909.0,5,3.0,1.0,1973.0,No,3,8,N,N,N,7.0,$431.7K
Sunridge,185.1,sqm,4580.0,3,1.5,2.0,2013.0,No,2,10,Y,N,N,6.0,221300.0
Northgate,1196.0,sqft,2973.0,1,1.0,1.0,2021.0,No,4,5,N,Y,N,5.0,$114.4K
Maple Grove,2466.0,sqft,3998.0,4,2.5,1.5,1939.0,No,3,3,N,Y,N,8.0,$317.2K
Cedar Falls,1968.0,sqft,4626.0,3,1.5,1.0,1934.0,No,4,4,Y,N,N,7.0,$216.7K
Northgate,164.5,sqm,5553.0,2,2.0,1.0,1971.0,No,2,6,Y,Y,N,6.0,$154.4K
Northgate,93.5,sqm,2555.0,1,1.0,1.0,2019.0,No,2,6,Y,N,N,5.0,76900.0
Harbor Point,1728.0,sqft,4741.0,3,2.5,1.0,1949.0,No,4,8,N,Y,N,4.0,$377.2K
Maple Grove,1335.0,sqft,4136.0,2,1.5,2.0,1933.0,Yes,3,5,Y,N,N,2.0,$160.6K
Maple Grove,2369.0,sqft,3195.0,3,2.0,2.5,1993.0,No,3,9,Y,N,N,4.0,$276.3K
Harbor Point,2315.0,sqft,5836.0,4,2.5,2.0,2019.0,No,4,10,N,N,N,6.0,$746.0K
Northgate,181.2,sqm,4172.0,3,2.5,2.0,1935.0,Yes,4,10,Y,N,N,4.0,159200.0
Riverside Park,2602.0,sqft,3163.0,4,2.5,2.5,1952.0,No,2,9,Y,N,N,8.0,$359.5K
Harbor Point,2169.0,sqft,5367.0,4,3.0,2.5,2022.0,No,3,6,Y,N,N,4.0,631800.0
Sunridge,2353.0,sqft,9186.0,4,3.5,2.0,1951.0,Yes,3,9,N,Y,N,4.0,$173.7K
Riverside Park,2581.0,sqft,10131.0,4,3.0,2.0,1926.0,Yes,1,7,Y,N,N,6.0,399200.0
Harbor Point,1631.0,sqft,5559.0,3,3.0,2.0,1978.0,No,3,6,Y,Y,N,7.0,490700.0
Maple Grove,3344.0,sqft,5769.0,5,4.0,1.5,1986.0,No,2,6,Y,Y,N,2.0,448700.0
Sunridge,1814.0,sqft,2990.0,3,2.5,1.5,1927.0,Yes,4,4,Y,Y,N,8.0,$160.0K
Brookhaven,2751.0,sqft,4118.0,4,3.0,1.0,2009.0,No,4,7,N,Y,N,8.0,$558.0K
Harbor Point,1786.0,sqft,3535.0,3,1.5,3.0,1974.0,No,4,10,N,Y,N,6.0,517900.0
Riverside Park,175.6,sqm,3234.0,3,3.0,2.0,1929.0,Yes,3,7,N,N,N,7.0,$269.2K
Sunridge,2748.0,sqft,6778.0,5,4.5,1.0,1923.0,No,3,7,Y,Y,Y,,$209.9K
Maple Grove,1752.0,sqft,3735.0,2,1.0,2.0,1974.0,Yes,3,7,Y,Y,N,4.0,$244.1K
Cedar Falls,500.0,sqft,1594.0,1,1.0,3.0,1922.0,Yes,2,8,Y,Y,N,6.0,$55.2K
Maple Grove,1798.0,sqft,6541.0,3,3.0,1.0,1988.0,No,4,3,Y,N,N,3.0,221400.0
Harbor Point,170.1,sqm,5830.0,3,2.5,2.0,1973.0,No,3,4,N,Y,N,8.0,$469.5K
Harbor Point,1595.0,sqft,4457.0,3,1.5,2.5,1940.0,Yes,4,6,Y,Y,N,5.0,$375.3K
Cedar Falls,2238.0,sqft,7656.0,5,4.5,2.0,1995.0,No,3,4,Y,N,N,5.0,$322.4K
Brookhaven,1257.0,sqft,3858.0,2,2.0,1.0,2023.0,Yes,4,10,Y,N,N,7.0,$372.5K
Old Mill District,1767.0,sqft,5646.0,2,1.0,2.0,2020.0,No,3,5,Y,N,N,6.0,511200.0
Harbor Point,1607.0,sqft,3615.0,2,2.5,1.0,1929.0,Yes,4,6,Y,Y,N,8.0,$459.6K
Northgate,1485.0,sqft,5759.0,3,2.5,1.0,2017.0,No,4,10,N,Y,N,5.0,$166.4K
Old Mill District,2486.0,sqft,3338.0,5,4.0,1.0,1957.0,Yes,3,8,Y,Y,N,6.0,$650.1K
Cedar Falls,106.6,sqm,2014.0,2,2.5,2.0,1937.0,No,4,4,N,Y,N,9.0,$141.1K
Old Mill District,2138.0,sqft,4452.0,4,2.5,2.0,2010.0,No,3,10,Y,N,N,4.0,$501.8K
Old Mill District,2750.0,sqft,9103.0,5,4.0,2.0,1934.0,No,3,3,Y,Y,N,7.0,$483.0K
Sunridge,1431.0,sqft,2526.0,2,1.0,1.0,1970.0,No,4,5,N,N,N,1.0,$119.8K
Harbor Point,1475.0,sqft,4941.0,2,2.0,3.0,2012.0,No,2,3,N,Y,N,5.0,$441.3K
Riverside Park,141.3,sqm,2542.0,3,2.5,1.0,2014.0,No,3,5,N,Y,N,6.0,$286.9K
Sunridge,3024.0,sqft,11108.0,4,3.5,2.0,2003.0,No,1,3,Y,Y,Y,6.0,$404.4K
Northgate,2562.0,sqft,5643.0,3,2.5,2.0,1920.0,Yes,5,7,Y,Y,N,6.0,211900.0
Harbor Point,142.1,sqm,4671.0,3,2.5,2.0,1969.0,Yes,2,7,Y,Y,Y,5.0,511700.0
Harbor Point,1233.0,sqft,3554.0,2,1.0,3.0,1949.0,No,3,8,N,N,N,7.0,$322.2K
Cedar Falls,1582.0,sqft,5207.0,2,1.0,1.5,1964.0,No,3,6,Y,N,N,6.0,$197.4K
Cedar Falls,1930.0,sqft,6205.0,4,3.0,1.5,1995.0,Yes,5,4,Y,Y,Y,4.0,$308.1K
Cedar Falls,1857.0,sqft,5101.0,2,2.0,2.0,1960.0,No,4,8,Y,Y,N,7.0,$210.0K
Old Mill District,2993.0,sqft,11802.0,4,3.5,2.0,2019.0,Yes,3,7,N,N,N,4.0,$894.2K
Old Mill District,2224.0,sqft,2791.0,4,3.5,2.0,1989.0,No,4,5,Y,Y,N,5.0,$576.4K
Cedar Falls,46.4,sqm,1174.0,1,1.0,2.0,1967.0,No,3,8,N,N,N,5.0,65100.0
Maple Grove,1956.0,sqft,3708.0,4,3.5,1.0,1997.0,Yes,4,7,Y,Y,N,5.0,$320.6K
Old Mill District,1086.0,sqft,4160.0,2,1.0,1.0,2014.0,No,5,3,Y,Y,N,7.0,$299.1K
Riverside Park,2290.0,sqft,4523.0,3,2.5,2.0,1961.0,No,5,4,Y,N,N,5.0,322600.0
Old Mill District,1827.0,sqft,2818.0,3,2.5,2.0,1971.0,No,4,4,N,N,N,5.0,$342.3K
Sunridge,2893.0,sqft,7182.0,4,3.0,3.0,1989.0,No,3,10,N,Y,N,,$352.6K
Harbor Point,3074.0,sqft,9020.0,5,4.0,1.0,1928.0,No,2,9,Y,Y,N,6.0,689900.0
Maple Grove,1204.0,sqft,4510.0,2,1.0,2.0,1944.0,No,1,9,N,Y,N,4.0,138500.0
Old Mill District,1446.0,sqft,1794.0,1,1.0,1.0,2010.0,No,5,7,Y,N,N,2.0,$334.3K
Riverside Park,2203.0,sqft,7642.0,3,3.0,1.0,2004.0,No,4,9,N,Y,N,8.0,425300.0
Brookhaven,1386.0,sqft,2419.0,1,1.0,2.5,1981.0,No,5,5,N,Y,N,9.0,248700.0
Harbor Point,1570.0,sqft,3172.0,2,1.5,2.0,1937.0,Yes,4,6,Y,Y,N,4.0,$407.4K
Northgate,1949.0,sqft,7715.0,2,1.0,1.0,1921.0,No,2,3,Y,Y,N,6.0,144000.0
Harbor Point,1483.0,sqft,5259.0,3,2.0,1.0,2016.0,No,4,4,N,N,N,3.0,459200.0
Harbor Point,3404.0,sqft,13039.0,6,3.5,2.5,1952.0,No,3,3,Y,Y,N,9.0,$893.8K
Sunridge,1812.0,sqft,5748.0,4,2.5,2.0,1977.0,Yes,2,6,N,Y,N,6.0,$210.5K
Cedar Falls,1548.0,sqft,4255.0,2,2.0,2.0,1944.0,No,5,6,Y,Y,N,7.0,187200.0
Harbor Point,2165.0,sqft,4241.0,4,2.5,3.0,2009.0,No,3,7,Y,N,N,7.0,670500.0
Old Mill District,213.8,sqm,7457.0,4,3.5,1.0,2001.0,No,1,6,Y,N,N,9.0,658300.0
Sunridge,1326.0,sqft,2691.0,3,2.5,1.0,1989.0,No,2,4,N,N,N,8.0,137100.0
Sunridge,2136.0,sqft,6680.0,4,2.5,2.0,2001.0,No,3,4,Y,Y,N,9.0,221300.0
Sunridge,112.1,sqm,4823.0,1,1.0,1.0,1986.0,No,5,6,Y,N,N,6.0,136400.0
Northgate,1262.0,sqft,1796.0,1,1.0,3.0,1922.0,No,5,6,Y,Y,N,6.0,$84.6K
Riverside Park,506.0,sqft,1956.0,1,1.0,1.0,1955.0,Yes,2,9,Y,N,N,5.0,84000.0
Riverside Park,2492.0,sqft,8867.0,4,3.5,1.0,1997.0,No,4,7,Y,N,N,6.0,$463.1K
Northgate,1811.0,sqft,4355.0,3,2.0,2.0,1993.0,Yes,3,4,Y,Y,N,8.0,$179.2K
Maple Grove,2235.0,sqft,7368.0,3,1.5,2.5,1979.0,No,4,7,Y,N,N,,270200.0
Harbor Point,2031.0,sqft,8010.0,4,3.0,2.5,2014.0,No,3,3,Y,Y,N,7.0,675800.0
Brookhaven,2610.0,sqft,6487.0,4,2.5,2.0,1957.0,No,1,8,Y,N,N,4.0,$412.6K
Brookhaven,2148.0,sqft,2593.0,4,2.0,2.5,1961.0,No,4,3,N,,N,9.0,$415.0K
Old Mill District,1585.0,sqft,2208.0,2,2.0,2.0,1993.0,Yes,5,4,Y,N,N,6.0,$366.9K
Brookhaven,274.3,sqm,9149.0,5,4.0,2.5,1930.0,No,3,10,Y,N,N,8.0,$578.8K
Harbor Point,2002.0,sqft,3898.0,4,3.0,1.0,1943.0,No,3,9,N,Y,Y,9.0,589800.0
Cedar Falls,1940.0,sqft,3351.0,3,1.5,1.0,1974.0,No,4,5,Y,N,N,5.0,$246.3K
Harbor Point,2550.0,sqft,3378.0,4,3.0,1.5,1997.0,No,3,3,Y,Y,N,8.0,753400.0
Northgate,1087.0,sqft,1473.0,1,2.5,1.0,1935.0,Yes,3,9,Y,N,N,6.0,$90.4K
Northgate,1954.0,sqft,2502.0,3,3.5,2.0,2015.0,No,5,5,Y,Y,Y,6.0,$219.9K
Cedar Falls,2284.0,sqft,7828.0,3,2.0,1.0,1971.0,No,3,6,Y,,N,7.0,300700.0
Sunridge,1125.0,sqft,1774.0,1,1.0,1.0,2013.0,No,3,9,Y,N,N,5.0,$136.2K
Harbor Point,1976.0,sqft,2912.0,3,1.5,2.0,,No,3,6,N,Y,N,6.0,482200.0
Harbor Point,1197.0,sqft,2680.0,2,1.5,1.0,1930.0,No,1,6,N,Y,N,7.0,267000.0
Brookhaven,3459.0,sqft,5754.0,4,3.0,1.0,1959.0,Yes,5,6,N,N,N,5.0,617900.0
Brookhaven,2669.0,sqft,8899.0,4,3.0,1.5,1932.0,No,3,5,Y,Y,Y,,$487.6K
Maple Grove,1106.0,sqft,1697.0,1,1.0,1.5,1967.0,Yes,4,4,N,,N,5.0,154500.0
Sunridge,1941.0,sqft,2818.0,4,3.5,2.0,2023.0,No,3,3,N,N,N,3.0,198600.0
Riverside Park,2122.0,sqft,8448.0,4,3.0,1.0,1931.0,Yes,4,10,Y,Y,N,6.0,375100.0
Brookhaven,2209.0,sqft,6003.0,4,3.5,3.0,1927.0,No,4,3,Y,N,N,7.0,350800.0
Sunridge,2918.0,sqft,10258.0,4,2.5,2.5,1959.0,No,5,7,Y,Y,N,4.0,250700.0
Sunridge,1918.0,sqft,4146.0,2,2.0,2.5,2004.0,No,4,10,Y,Y,N,7.0,$229.2K
Cedar Falls,1057.0,sqft,2842.0,1,1.5,2.0,1962.0,No,4,7,Y,N,N,6.0,131900.0
Northgate,2012.0,sqft,5855.0,2,2.0,3.0,1945.0,No,2,4,Y,Y,N,9.0,$175.7K
Brookhaven,1436.0,sqft,2160.0,2,1.5,1.0,2007.0,No,3,5,Y,Y,N,,$318.3K
Old Mill District,282.6,sqm,7499.0,4,3.0,2.5,1982.0,Yes,2,7,Y,N,N,7.0,788600.0
Maple Grove,2136.0,sqft,7735.0,3,1.5,2.0,2015.0,Yes,3,9,N,Y,N,10.0,350300.0
Old Mill District,189.3,sqm,2768.0,3,3.0,2.5,1920.0,Yes,3,5,N,N,N,4.0,$431.5K
Northgate,2518.0,sqft,7531.0,5,4.5,2.0,1921.0,No,2,4,N,N,N,5.0,181600.0
Harbor Point,2560.0,sqft,4708.0,4,3.0,2.0,1987.0,No,3,8,N,,N,10.0,771000.0
Sunridge,2764.0,sqft,5625.0,4,2.0,1.0,1980.0,No,3,10,Y,N,N,4.0,$285.4K
Cedar Falls,1444.0,sqft,3862.0,2,1.0,1.0,2011.0,No,4,6,Y,N,N,,206400.0
Riverside Park,2261.0,sqft,8087.0,4,3.5,1.0,1997.0,No,4,4,N,N,N,4.0,304700.0
Old Mill District,2348.0,sqft,5743.0,5,4.0,1.0,2012.0,Yes,2,10,Y,N,N,5.0,$725.5K
Cedar Falls,1682.0,sqft,5118.0,3,2.0,1.0,2008.0,No,4,4,Y,Y,N,9.0,237700.0
Cedar Falls,1802.0,sqft,6928.0,3,3.0,1.5,1989.0,No,1,10,Y,N,N,4.0,$260.1K
Maple Grove,878.0,sqft,1544.0,1,1.5,1.0,2023.0,No,4,4,Y,N,N,4.0,$132.3K
Harbor Point,1645.0,sqft,3293.0,4,2.5,1.5,1935.0,No,3,3,Y,Y,N,2.0,366600.0
Riverside Park,887.0,sqft,1216.0,2,2.5,1.5,1950.0,Yes,3,3,Y,N,N,8.0,118300.0
Sunridge,957.0,sqft,3129.0,1,1.0,2.5,1942.0,Yes,3,4,Y,N,N,5.0,97000.0
Brookhaven,1644.0,sqft,5352.0,3,2.5,2.0,1982.0,Yes,4,10,N,Y,N,7.0,$406.3K
Maple Grove,781.0,sqft,1560.0,1,1.0,1.5,1949.0,No,3,8,Y,N,N,4.0,86600.0
Brookhaven,1730.0,sqft,4641.0,3,2.5,2.0,2003.0,No,5,4,N,N,N,,$349.8K
Northgate,2260.0,sqft,7355.0,4,3.5,2.0,1949.0,Yes,2,6,N,Y,N,8.0,189500.0
Brookhaven,2767.0,sqft,6811.0,3,2.0,1.0,1997.0,Yes,4,10,Y,N,N,3.0,$663.4K
Cedar Falls,2278.0,sqft,3152.0,2,3.0,1.5,1965.0,Yes,3,9,N,Y,N,5.0,324200.0
Sunridge,1632.0,sqft,6170.0,3,2.5,2.0,1961.0,No,2,9,Y,Y,N,5.0,180900.0
Cedar Falls,1252.0,sqft,4395.0,2,1.0,1.5,2022.0,No,3,5,N,N,N,9.0,183200.0
Brookhaven,1611.0,sqft,6337.0,3,2.5,2.0,1986.0,No,3,6,Y,Y,N,6.0,303900.0
Northgate,2472.0,sqft,4370.0,4,3.5,1.0,1950.0,Yes,3,7,Y,N,N,5.0,$184.9K
Maple Grove,1696.0,sqft,4106.0,3,3.5,1.0,1965.0,Yes,1,10,Y,N,N,7.0,$196.2K
Maple Grove,1297.0,sqft,,2,1.0,2.0,1976.0,No,4,8,Y,Y,N,8.0,239900.0
Northgate,1789.0,sqft,2688.0,3,2.0,1.0,1930.0,No,3,10,Y,Y,N,8.0,146100.0
Old Mill District,2459.0,sqft,3866.0,4,3.0,1.0,1932.0,No,2,5,Y,N,N,6.0,543200.0
Northgate,1195.0,sqft,,2,1.0,2.0,1998.0,No,5,5,Y,Y,N,4.0,103700.0
Northgate,2314.0,sqft,4238.0,3,2.0,1.0,1923.0,No,3,7,Y,Y,N,6.0,177600.0
Northgate,2091.0,sqft,7332.0,4,3.5,1.0,1968.0,No,4,9,Y,Y,N,7.0,196100.0
Maple Grove,1351.0,sqft,5340.0,2,1.0,2.0,1944.0,Yes,4,10,Y,Y,Y,6.0,$218.8K
Harbor Point,866.0,sqft,2319.0,1,1.0,1.0,1927.0,Yes,3,7,Y,N,N,7.0,$235.4K
Cedar Falls,744.0,sqft,1008.0,2,1.5,2.0,2018.0,No,5,6,N,Y,N,6.0,$110.9K
Cedar Falls,1921.0,sqft,6406.0,3,2.0,1.5,2002.0,No,2,6,N,Y,Y,5.0,$282.0K
Brookhaven,1669.0,sqft,4463.0,2,1.5,1.0,1944.0,No,3,5,N,N,N,5.0,212300.0
Northgate,3188.0,sqft,5878.0,5,4.0,1.0,2010.0,No,3,10,Y,N,N,6.0,$346.0K
Northgate,1025.0,sqft,2984.0,2,1.0,2.5,1949.0,Yes,3,4,Y,N,N,8.0,$89.6K
Brookhaven,2547.0,sqft,3260.0,3,3.0,2.0,1940.0,Yes,2,3,Y,Y,N,9.0,500500.0
Sunridge,1694.0,sqft,2673.0,3,2.5,1.0,1993.0,Yes,5,4,Y,Y,N,4.0,$170.7K
Harbor Point,1419.0,sqft,5237.0,2,1.0,2.0,1966.0,No,5,5,Y,Y,N,5.0,$430.3K
Riverside Park,940.0,sqft,2305.0,2,1.0,1.0,2005.0,Yes,5,7,Y,N,Y,6.0,180500.0
Old Mill District,86.3,sqm,1257.0,2,1.0,1.5,1938.0,No,4,5,Y,Y,N,5.0,154300.0
Maple Grove,1340.0,sqft,2611.0,2,2.0,3.0,1947.0,No,4,8,Y,Y,N,6.0,$164.0K
Sunridge,1617.0,sqft,2200.0,2,2.0,2.0,1963.0,Yes,4,8,N,Y,N,7.0,185400.0
Riverside Park,1468.0,sqft,3340.0,3,1.5,1.5,1958.0,No,2,7,Y,N,N,4.0,217000.0
Riverside Park,2069.0,sqft,5939.0,2,1.5,2.0,1992.0,Yes,1,3,Y,N,N,8.0,$343.9K
Harbor Point,1691.0,sqft,4321.0,2,1.5,2.0,1957.0,Yes,2,6,N,N,N,2.0,395500.0
Northgate,500.0,sqft,1796.0,1,1.5,1.5,1974.0,No,3,7,Y,Y,N,6.0,$45.0K
Northgate,1714.0,sqft,2887.0,2,1.0,2.5,1947.0,No,4,4,N,Y,Y,8.0,$132.1K
Sunridge,105.2,sqm,2368.0,1,2.0,2.0,2020.0,No,4,7,Y,N,N,4.0,$121.9K
Brookhaven,1561.0,sqft,2126.0,1,1.5,2.5,1980.0,No,3,4,N,N,N,5.0,$251.3K
Brookhaven,1575.0,sqft,5898.0,3,1.5,1.0,1996.0,No,4,4,Y,N,N,4.0,284900.0
Maple Grove,2513.0,sqft,3116.0,4,4.0,2.0,1945.0,Yes,2,7,Y,Y,N,6.0,342600.0
Cedar Falls,176.4,sqm,5960.0,3,2.5,2.0,1962.0,No,2,9,Y,,N,6.0,261600.0
Northgate,3278.0,sqft,12622.0,5,4.0,2.0,1954.0,Yes,4,9,Y,N,N,3.0,$278.8K
Harbor Point,1573.0,sqft,2407.0,2,2.0,2.0,1982.0,No,3,6,Y,Y,N,8.0,467000.0
Sunridge,166.8,sqm,4906.0,2,1.0,1.0,1952.0,Yes,2,9,N,N,N,6.0,170400.0
Maple Grove,2147.0,sqft,3390.0,4,3.0,3.0,2013.0,No,4,9,Y,N,N,4.0,372100.0
Harbor Point,1796.0,sqft,4817.0,3,3.0,1.0,1923.0,Yes,3,10,N,Y,N,8.0,410000.0
Cedar Falls,1756.0,sqft,5314.0,5,3.5,1.0,1986.0,Yes,2,8,Y,N,N,8.0,296100.0
Cedar Falls,2286.0,sqft,5844.0,4,3.0,1.5,2013.0,No,4,6,N,N,N,8.0,$343.3K
Harbor Point,1938.0,sqft,5070.0,2,2.0,1.5,1941.0,Yes,5,8,Y,Y,N,6.0,528200.0
Sunridge,1016.0,sqft,3405.0,2,1.0,1.0,1985.0,No,5,6,Y,Y,Y,6.0,$111.4K
Maple Grove,1396.0,sqft,3429.0,2,1.5,3.0,2002.0,No,3,5,Y,N,N,8.0,229400.0
Northgate,1685.0,sqft,6230.0,2,2.0,1.5,1952.0,No,2,3,Y,N,N,6.0,129200.0
Maple Grove,2158.0,sqft,7753.0,4,3.5,1.5,2003.0,No,3,6,Y,N,N,10.0,$373.5K
Brookhaven,1273.0,sqft,4885.0,1,1.0,2.0,2008.0,No,2,6,N,Y,N,5.0,$248.1K
Old Mill District,114.5,sqm,3854.0,3,2.5,2.0,1957.0,Yes,3,10,Y,,N,9.0,$311.6K
Riverside Park,2665.0,sqft,9974.0,5,4.0,1.5,1990.0,Yes,4,6,Y,Y,N,5.0,542800.0
Northgate,2293.0,sqft,6442.0,3,2.5,2.0,1973.0,No,4,5,Y,N,N,5.0,$201.1K
Cedar Falls,500.0,sqft,1991.0,1,2.0,2.5,2007.0,No,4,7,Y,N,N,5.0,$66.5K
Cedar Falls,66.7,sqm,972.0,1,1.0,2.5,1932.0,No,4,3,N,N,N,,66100.0
Harbor Point,1454.0,sqft,3421.0,2,1.5,2.0,1968.0,No,4,5,Y,Y,N,9.0,$364.1K
Northgate,1475.0,sqft,5302.0,2,1.5,1.0,1950.0,Yes,3,5,Y,N,N,3.0,109800.0
Riverside Park,3161.0,sqft,11456.0,5,4.0,1.0,2005.0,No,3,3,Y,N,N,4.0,$525.7K
Northgate,2617.0,sqft,10241.0,4,3.5,1.0,2022.0,No,3,9,Y,N,N,7.0,291500.0
Old Mill District,3043.0,sqft,10377.0,5,3.5,3.0,1996.0,Yes,5,4,N,N,N,1.0,$525.9K
Cedar Falls,46.4,sqm,1333.0,2,1.0,3.0,1994.0,No,4,4,N,N,N,5.0,52600.0
Brookhaven,1329.0,sqft,2092.0,2,2.5,2.0,1966.0,No,3,5,Y,,N,,$217.1K
Maple Grove,2017.0,sqft,3370.0,3,1.0,2.0,1940.0,No,5,5,Y,Y,N,3.0,219700.0
Harbor Point,1785.0,sqft,6574.0,2,2.0,2.5,1995.0,No,4,4,Y,Y,N,5.0,477500.0
Harbor Point,2017.0,sqft,2679.0,3,2.0,1.5,2011.0,No,1,4,Y,N,N,6.0,$600.8K
Harbor Point,2113.0,sqft,5277.0,3,2.0,1.0,1990.0,No,3,10,Y,,N,5.0,598000.0
Harbor Point,713.0,sqft,930.0,2,1.0,1.0,2019.0,Yes,4,7,Y,Y,Y,7.0,$265.3K
Cedar Falls,2592.0,sqft,4826.0,3,3.0,2.0,2022.0,Yes,4,6,Y,Y,N,8.0,$536.0K
Maple Grove,1651.0,sqft,4981.0,2,1.0,1.0,1940.0,No,3,7,Y,N,N,7.0,$205.1K
Sunridge,1617.0,sqft,3145.0,2,2.5,1.0,1982.0,No,4,7,N,N,N,6.0,$152.3K
Sunridge,1196.0,sqft,3369.0,1,1.0,1.0,2012.0,No,4,10,Y,Y,N,7.0,159900.0
Old Mill District,2465.0,sqft,9583.0,5,4.5,1.0,1989.0,No,4,8,Y,N,N,8.0,616300.0
Brookhaven,1591.0,sqft,5013.0,4,3.0,1.0,2007.0,No,5,6,N,Y,N,5.0,352400.0
Harbor Point,1943.0,sqft,5287.0,3,3.0,2.5,1991.0,Yes,3,5,N,N,N,6.0,678800.0
Cedar Falls,848.0,sqft,1372.0,1,1.0,2.0,1972.0,No,3,9,N,Y,N,7.0,107200.0
Old Mill District,1942.0,sqft,2482.0,3,2.5,1.5,1986.0,No,4,3,Y,N,N,7.0,486700.0
Harbor Point,2480.0,sqft,9385.0,4,3.0,1.0,1966.0,Yes,4,7,Y,Y,N,5.0,$666.2K
Northgate,989.0,sqft,2439.0,1,1.0,2.0,1922.0,No,2,3,Y,N,N,7.0,53400.0
Harbor Point,1405.0,sqft,2806.0,3,4.0,2.0,1989.0,No,4,7,Y,Y,N,7.0,$325.7K
Northgate,130.1,sqm,2191.0,2,2.5,2.0,2001.0,No,5,3,Y,Y,N,,109800.0
Brookhaven,1775.0,sqft,5314.0,3,2.0,1.5,1945.0,No,4,7,Y,N,N,4.0,298200.0
Cedar Falls,1686.0,sqft,4748.0,3,1.0,2.0,1927.0,No,3,6,Y,Y,N,6.0,199100.0
Harbor Point,2676.0,sqft,4765.0,3,2.5,2.0,1957.0,No,2,5,Y,Y,N,4.0,609200.0
Maple Grove,170.6,sqm,6196.0,2,1.5,1.5,2012.0,No,2,4,Y,N,N,4.0,208200.0
Brookhaven,216.5,sqm,8993.0,3,2.0,3.0,1980.0,No,3,7,Y,N,N,4.0,$443.1K
Riverside Park,2698.0,sqft,3653.0,4,2.5,1.0,2013.0,No,3,9,Y,N,N,5.0,$486.6K
Northgate,2075.0,sqft,6333.0,3,3.0,1.0,1942.0,No,5,9,Y,N,N,,$166.5K
Harbor Point,2311.0,sqft,5922.0,4,3.0,1.0,1960.0,No,2,10,Y,N,N,7.0,$603.4K
Old Mill District,2272.0,sqft,6580.0,4,3.5,2.5,2017.0,No,5,6,Y,Y,N,,$673.7K
Maple Grove,3043.0,sqft,12112.0,5,4.5,1.0,1979.0,Yes,1,6,Y,Y,N,5.0,$470.3K
Maple Grove,1528.0,sqft,3069.0,2,1.0,1.0,1976.0,No,2,7,Y,N,N,7.0,188800.0
Northgate,1978.0,sqft,6455.0,2,2.0,2.0,1998.0,Yes,3,7,Y,Y,N,4.0,170200.0
Maple Grove,1343.0,sqft,3892.0,2,1.5,1.0,1968.0,No,4,9,N,Y,Y,4.0,207100.0
Cedar Falls,2091.0,sqft,5399.0,3,3.0,2.0,1955.0,No,3,4,Y,N,N,9.0,246900.0
Northgate,2330.0,sqft,7376.0,4,4.0,3.0,2018.0,No,1,10,Y,N,N,9.0,$239.7K
Riverside Park,923.0,sqft,1726.0,1,1.0,2.0,1929.0,No,3,7,Y,N,N,5.0,138200.0
Northgate,1505.0,sqft,5960.0,3,2.5,1.5,1990.0,No,4,3,Y,N,N,6.0,$116.9K
Northgate,1432.0,sqft,4934.0,3,3.0,3.0,1999.0,No,5,8,Y,N,N,10.0,151500.0
Harbor Point,662.0,sqft,800.0,1,1.0,1.0,1924.0,Yes,5,3,Y,N,N,5.0,$156.9K
Cedar Falls,1355.0,sqft,4722.0,2,2.0,1.0,1924.0,No,3,7,Y,Y,N,7.0,145800.0
Riverside Park,1626.0,sqft,3033.0,2,1.5,2.0,1943.0,No,3,9,N,N,N,6.0,$206.0K
Northgate,1804.0,sqft,4303.0,2,1.0,2.0,2010.0,No,2,6,Y,N,N,8.0,$190.4K
Sunridge,2344.0,sqft,3274.0,5,3.5,2.0,1985.0,No,3,5,Y,Y,N,5.0,217700.0
Old Mill District,2664.0,sqft,9261.0,3,2.5,1.0,2005.0,No,3,9,Y,Y,N,5.0,744100.0
Old Mill District,2003.0,sqft,3357.0,4,3.0,1.0,1975.0,Yes,4,7,N,Y,N,,413000.0
Riverside Park,46.4,sqm,1618.0,1,1.0,1.0,1987.0,Yes,4,9,N,N,N,7.0,105800.0
Maple Grove,2440.0,sqft,,4,3.0,3.0,2005.0,No,3,7,N,Y,N,6.0,402100.0
Old Mill District,630.0,sqft,1846.0,1,2.0,3.0,1960.0,Yes,5,8,Y,Y,N,7.0,164800.0
Maple Grove,1854.0,sqft,3521.0,2,1.5,1.0,2006.0,No,5,10,Y,Y,N,8.0,297600.0
Brookhaven,184.9,sqm,5301.0,3,2.5,3.0,1968.0,No,2,6,N,Y,N,8.0,$368.1K
Cedar Falls,3004.0,sqft,9988.0,4,3.5,3.0,2016.0,No,5,4,Y,N,N,5.0,$446.0K
Old Mill District,2313.0,sqft,8187.0,4,3.0,1.0,1973.0,No,5,4,Y,N,N,6.0,$537.4K
Sunridge,2274.0,sqft,8250.0,4,3.0,2.5,1955.0,Yes,5,7,Y,Y,N,5.0,$284.0K
Riverside Park,130.4,sqm,4104.0,2,1.5,1.0,1950.0,Yes,3,9,Y,N,N,8.0,238500.0
Maple Grove,1511.0,sqft,4854.0,2,1.0,2.0,1948.0,Yes,3,8,Y,N,N,9.0,$204.1K
Old Mill District,2258.0,sqft,2988.0,3,3.0,1.0,1988.0,No,3,10,Y,Y,N,7.0,577600.0
Maple Grove,2148.0,sqft,3916.0,4,2.5,1.0,,Yes,3,10,Y,N,N,,280800.0
Sunridge,201.8,sqm,5590.0,3,2.5,2.5,1982.0,Yes,4,5,N,N,N,5.0,$233.8K
Brookhaven,1504.0,sqft,4655.0,3,1.0,1.0,1965.0,No,4,4,Y,N,N,6.0,277000.0
Brookhaven,2354.0,sqft,8448.0,4,2.5,1.5,1922.0,No,4,8,Y,N,N,4.0,$401.7K
Brookhaven,1684.0,sqft,3450.0,3,2.5,2.5,1965.0,Yes,3,9,Y,N,N,8.0,$329.4K
Harbor Point,171.2,sqm,3359.0,3,2.5,1.5,1952.0,Yes,3,3,Y,Y,Y,7.0,$504.3K
Riverside Park,48.2,sqm,1299.0,1,1.0,3.0,2012.0,No,3,8,Y,Y,Y,7.0,125400.0
Old Mill District,2119.0,sqft,5380.0,4,2.5,2.0,2023.0,Yes,1,9,Y,Y,N,7.0,$721.5K
Maple Grove,168.0,sqm,3951.0,4,2.5,1.0,1953.0,Yes,3,6,N,Y,N,9.0,$273.2K
Maple Grove,1647.0,sqft,2059.0,2,1.5,1.5,1961.0,Yes,2,7,N,Y,N,8.0,259600.0
Riverside Park,2192.0,sqft,3641.0,3,1.5,2.0,1934.0,Yes,4,9,Y,N,N,7.0,$364.7K
Riverside Park,1478.0,sqft,2235.0,3,2.5,2.0,1923.0,No,5,7,Y,N,N,5.0,246500.0
Maple Grove,3259.0,sqft,,5,3.5,1.0,1955.0,Yes,5,3,Y,Y,N,5.0,$494.9K
Northgate,2564.0,sqft,7111.0,4,3.0,2.0,1941.0,No,3,5,N,Y,N,4.0,$189.9K
Harbor Point,2319.0,sqft,3874.0,4,2.0,1.0,,Yes,4,6,Y,N,N,6.0,644200.0
Northgate,1187.0,sqft,2513.0,3,2.5,1.0,2012.0,No,3,5,Y,N,N,5.0,$96.5K
Sunridge,1418.0,sqft,3918.0,2,1.5,3.0,1965.0,No,3,5,Y,Y,N,8.0,$129.9K
Northgate,1294.0,sqft,3354.0,3,2.5,2.0,1960.0,No,3,4,N,Y,N,7.0,115600.0
Brookhaven,2066.0,sqft,6425.0,3,2.5,1.0,2011.0,No,5,9,N,Y,N,5.0,$438.5K
Northgate,571.0,sqft,1320.0,1,1.0,2.5,1944.0,No,4,3,Y,Y,N,6.0,45000
Northgate,1093.0,sqft,2790.0,1,1.5,1.0,1974.0,No,3,3,Y,N,N,7.0,91000.0
Cedar Falls,1782.0,sqft,6802.0,3,2.5,3.0,2012.0,No,4,5,Y,Y,N,8.0,283700.0
Sunridge,707.0,sqft,1111.0,1,1.0,2.0,1994.0,Yes,4,7,N,N,N,4.0,76100.0
Brookhaven,2220.0,sqft,3356.0,4,2.5,3.0,1992.0,Yes,5,8,N,Y,N,6.0,536700.0
Harbor Point,2509.0,sqft,4027.0,4,3.0,3.0,1940.0,No,3,4,N,N,N,7.0,$540.6K
Maple Grove,2315.0,sqft,6998.0,3,2.0,2.0,1990.0,No,3,5,N,N,Y,3.0,365300.0
Brookhaven,1059.0,sqft,2082.0,1,1.0,1.0,1999.0,No,5,4,Y,N,N,5.0,$205.8K
Old Mill District,3654.0,sqft,6864.0,6,4.5,3.0,1970.0,No,3,7,N,Y,N,10.0,$819.0K
Brookhaven,199.6,sqm,5855.0,3,1.5,2.0,1997.0,No,3,4,Y,Y,N,9.0,466200.0
Northgate,1584.0,sqft,3527.0,3,2.0,3.0,1990.0,No,4,9,N,N,N,4.0,152800.0
Sunridge,2148.0,sqft,8075.0,4,3.0,2.5,1975.0,Yes,3,5,N,N,Y,7.0,$234.8K
Brookhaven,2269.0,sqft,8590.0,3,1.5,2.0,2020.0,Yes,3,4,Y,N,N,7.0,599600.0
Old Mill District,1569.0,sqft,5149.0,3,2.5,2.0,1980.0,No,4,8,Y,Y,N,7.0,$420.9K
Maple Grove,2027.0,sqft,4292.0,3,2.5,1.0,1930.0,No,4,8,Y,N,N,5.0,$256.2K
Northgate,2045.0,sqft,4274.0,3,3.0,2.0,2001.0,No,2,7,Y,N,N,5.0,181900.0
Sunridge,170.3,sqm,2963.0,3,3.5,1.0,2006.0,No,5,4,Y,N,N,7.0,201200.0
Brookhaven,180.6,sqm,2902.0,3,2.5,2.0,1964.0,No,4,4,Y,N,N,6.0,$345.7K
Maple Grove,1317.0,sqft,2460.0,2,1.5,2.0,1935.0,Yes,4,9,Y,Y,N,8.0,176000.0
Maple Grove,242.9,sqm,,4,3.0,2.0,1978.0,No,3,3,N,N,N,5.0,373800.0
Harbor Point,209.6,sqm,3074.0,3,3.0,1.0,1959.0,No,4,9,Y,N,N,5.0,529000.0
Northgate,2279.0,sqft,6626.0,3,1.5,1.0,2013.0,No,3,4,N,,N,8.0,229500.0
Northgate,1255.0,sqft,4706.0,1,1.0,1.0,1950.0,No,3,7,N,Y,N,8.0,$102.8K
Cedar Falls,203.7,sqm,8543.0,2,2.5,2.5,1976.0,No,4,8,N,Y,N,4.0,232100.0
Cedar Falls,1998.0,sqft,5209.0,2,2.0,2.0,1926.0,Yes,3,4,Y,Y,N,8.0,$292.3K
Riverside Park,1061.0,sqft,2553.0,1,1.5,2.0,1930.0,No,2,9,Y,N,N,6.0,$162.5K
Maple Grove,1279.0,sqft,3791.0,1,1.0,1.0,1966.0,No,4,4,N,Y,N,5.0,179800.0
Riverside Park,2426.0,sqft,4487.0,4,3.5,2.0,2002.0,No,3,6,Y,Y,N,6.0,412300.0
Northgate,198.1,sqm,2732.0,2,1.0,1.0,1987.0,Yes,4,4,N,N,N,6.0,162100.0
Harbor Point,297.2,sqm,6131.0,6,5.5,2.5,1962.0,No,3,10,Y,Y,N,7.0,$904.3K
Cedar Falls,1859.0,sqft,3737.0,3,2.5,2.0,1964.0,No,3,7,Y,N,N,8.0,260800.0
Riverside Park,1201.0,sqft,2942.0,2,2.0,2.0,1971.0,No,3,10,N,N,N,4.0,$151.6K
Sunridge,1746.0,sqft,2423.0,3,1.0,1.5,1932.0,No,4,6,N,Y,Y,6.0,153900.0
Riverside Park,240.6,sqm,3258.0,3,2.0,2.0,1954.0,No,3,6,Y,Y,N,6.0,382000.0
Northgate,1295.0,sqft,2321.0,1,1.0,1.5,1979.0,No,1,10,Y,N,N,7.0,114600.0
Harbor Point,2877.0,sqft,8884.0,4,2.5,2.5,1954.0,No,3,10,Y,N,N,5.0,759000.0
Riverside Park,1911.0,sqft,3670.0,3,1.5,2.0,1924.0,No,4,7,N,N,N,,$280.0K
Maple Grove,2350.0,sqft,5345.0,5,4.5,2.0,1938.0,Yes,4,9,Y,N,N,5.0,$329.2K
Sunridge,2126.0,sqft,6904.0,3,2.0,1.0,2007.0,No,3,5,N,Y,N,7.0,$227.4K
Harbor Point,1740.0,sqft,5009.0,2,2.0,2.0,1966.0,Yes,3,7,N,Y,N,6.0,500400.0
Northgate,2145.0,sqft,5991.0,3,1.5,1.0,1995.0,No,5,4,Y,Y,N,8.0,$224.4K
Old Mill District,157.0,sqm,2792.0,2,1.0,1.0,2007.0,No,4,6,Y,,Y,5.0,479900.0
Old Mill District,1646.0,sqft,4249.0,3,2.5,2.0,1941.0,No,5,4,Y,N,N,7.0,$295.3K
Northgate,1703.0,sqft,4326.0,2,1.0,1.5,1951.0,No,5,10,N,N,N,,$129.9K
Brookhaven,1413.0,sqft,4446.0,2,1.0,1.5,1951.0,No,3,4,Y,Y,N,5.0,238300.0
Harbor Point,1564.0,sqft,3158.0,2,1.5,1.0,1993.0,No,2,10,N,N,N,7.0,408700.0
Cedar Falls,2519.0,sqft,8278.0,4,2.5,1.0,2009.0,No,3,9,Y,Y,N,6.0,$370.6K
Cedar Falls,3095.0,sqft,5993.0,5,3.0,1.0,2003.0,No,1,5,Y,Y,N,6.0,$415.8K
Harbor Point,96.3,sqm,3786.0,2,3.5,2.0,1943.0,No,3,10,Y,Y,N,5.0,$247.4K
Riverside Park,2078.0,sqft,5584.0,4,4.0,2.5,1985.0,No,2,9,Y,Y,N,6.0,$359.2K
Harbor Point,2207.0,sqft,5660.0,4,3.5,2.5,1973.0,No,4,3,N,Y,N,,567400.0
Old Mill District,1676.0,sqft,3262.0,2,1.5,3.0,1989.0,Yes,1,10,N,N,N,7.0,$470.7K
Brookhaven,2838.0,sqft,4101.0,3,2.5,1.0,2016.0,No,3,9,Y,Y,N,4.0,644800.0
Brookhaven,1716.0,sqft,6341.0,2,1.5,1.5,1929.0,Yes,4,6,N,Y,N,5.0,$298.5K
Maple Grove,1776.0,sqft,6106.0,4,3.0,1.0,1961.0,No,4,5,Y,Y,N,5.0,$260.3K
Northgate,1520.0,sqft,5075.0,2,1.0,2.0,1925.0,Yes,4,5,Y,Y,N,6.0,$108.8K
Sunridge,1789.0,sqft,7113.0,3,2.0,1.5,1984.0,Yes,4,10,N,N,N,4.0,190000.0
Brookhaven,142.8,sqm,5064.0,1,1.0,1.5,1933.0,No,4,9,Y,,Y,2.0,$310.4K
Cedar Falls,2081.0,sqft,7006.0,3,1.5,3.0,1993.0,No,5,5,Y,N,N,9.0,$313.4K
Maple Grove,1352.0,sqft,3962.0,3,2.5,2.0,1962.0,Yes,3,4,Y,Y,N,9.0,233200.0
Northgate,1000.0,sqft,1249.0,2,1.5,2.5,1991.0,No,3,7,Y,Y,N,4.0,$95.8K
Old Mill District,1627.0,sqft,4423.0,2,1.0,1.0,1966.0,No,4,7,Y,Y,N,7.0,398700.0
Sunridge,1945.0,sqft,2889.0,2,2.0,1.0,2017.0,No,3,7,Y,N,N,,$241.0K
Sunridge,2546.0,sqft,3130.0,4,2.5,2.0,1947.0,No,5,6,Y,N,N,,210700.0
Cedar Falls,1719.0,sqft,4619.0,2,2.0,3.0,2008.0,No,4,8,Y,Y,N,7.0,$253.9K
Northgate,1547.0,sqft,3996.0,3,4.0,2.5,,No,4,6,N,N,N,5.0,$117.6K
Riverside Park,1977.0,sqft,2768.0,3,2.5,1.0,2009.0,No,3,4,Y,N,N,7.0,415700.0
Old Mill District,2073.0,sqft,4810.0,4,3.5,1.5,1955.0,No,4,3,Y,,N,6.0,$479.2K
Brookhaven,1818.0,sqft,7171.0,3,2.0,1.5,1967.0,No,4,3,Y,N,Y,9.0,348000.0
Riverside Park,3125.0,sqft,11289.0,4,3.0,1.0,1925.0,No,2,8,N,Y,N,6.0,$432.2K
Harbor Point,2214.0,sqft,4894.0,3,2.0,3.0,1945.0,No,5,3,Y,Y,N,8.0,510700.0
Northgate,860.0,sqft,3011.0,1,1.0,3.0,2011.0,No,2,9,Y,Y,Y,7.0,$103.8K
Old Mill District,1312.0,sqft,4790.0,2,1.5,2.0,2022.0,Yes,4,4,Y,Y,N,4.0,$370.7K
Old Mill District,1510.0,sqft,3903.0,2,1.5,1.0,1985.0,No,3,5,N,N,Y,5.0,$377.0K
Riverside Park,1864.0,sqft,7205.0,2,1.5,1.5,2000.0,No,3,10,Y,N,N,5.0,365000.0
Cedar Falls,2000.0,sqft,6604.0,3,2.0,2.0,1945.0,Yes,5,6,Y,N,N,7.0,$193.4K
Maple Grove,1449.0,sqft,4423.0,1,1.5,3.0,1974.0,No,4,4,Y,N,N,6.0,$185.0K
Riverside Park,1865.0,sqft,4292.0,4,4.0,2.5,1928.0,Yes,3,3,Y,Y,N,6.0,266800.0
Maple Grove,811.0,sqft,1068.0,1,1.0,2.0,2002.0,No,2,3,Y,N,N,5.0,$122.2K
Harbor Point,830.0,sqft,2944.0,1,1.0,3.0,2022.0,No,4,10,Y,Y,N,10.0,$282.3K
Brookhaven,2745.0,sqft,5875.0,4,3.5,1.0,1925.0,Yes,1,4,Y,Y,N,5.0,$433.7K
Harbor Point,186.1,sqm,7317.0,3,2.0,2.0,1978.0,No,4,5,Y,Y,N,5.0,$544.7K
Cedar Falls,2160.0,sqft,5807.0,3,2.0,2.0,1929.0,No,3,6,N,Y,N,,$213.7K
Brookhaven,1507.0,sqft,4619.0,2,2.0,2.0,1926.0,No,2,5,Y,N,N,6.0,$257.9K
Brookhaven,1448.0,sqft,3758.0,2,2.5,1.0,1996.0,No,4,10,N,N,N,9.0,$292.7K
Brookhaven,2526.0,sqft,3129.0,4,3.5,2.0,1985.0,No,3,10,Y,Y,N,9.0,638700.0
Northgate,1383.0,sqft,4187.0,2,2.0,2.0,1956.0,No,2,9,Y,N,N,3.0,111300.0
Maple Grove,2228.0,sqft,8588.0,4,3.5,1.0,1953.0,No,3,8,Y,N,Y,5.0,285300.0
Northgate,1594.0,sqft,2314.0,2,1.0,1.5,1927.0,Yes,3,4,Y,Y,N,5.0,123900.0
Maple Grove,83.1,sqm,2738.0,1,1.0,1.5,2019.0,No,5,10,Y,Y,N,4.0,170400.0
Riverside Park,500.0,sqft,1143.0,1,1.0,1.5,1996.0,Yes,3,8,Y,N,N,8.0,114600.0
Brookhaven,212.4,sqm,,4,4.0,2.0,1990.0,Yes,4,3,Y,Y,N,7.0,512600.0
Maple Grove,2062.0,sqft,7105.0,2,1.5,2.0,,No,4,5,Y,N,N,4.0,$242.1K
Riverside Park,149.7,sqm,2412.0,4,2.5,2.5,2007.0,No,5,4,N,N,N,7.0,$249.1K
Northgate,1605.0,sqft,5821.0,2,1.0,2.5,1935.0,Yes,3,8,Y,Y,Y,,$161.9K
Northgate,1235.0,sqft,4086.0,2,2.0,3.0,1922.0,No,3,10,Y,N,N,7.0,99400.0
Sunridge,1982.0,sqft,7080.0,4,3.5,1.0,1957.0,Yes,5,3,Y,N,N,5.0,$196.6K
Old Mill District,1310.0,sqft,2558.0,2,1.5,2.0,1997.0,Yes,3,5,Y,Y,N,3.0,$397.8K
Harbor Point,1829.0,sqft,6344.0,3,2.0,1.0,1962.0,No,2,5,Y,N,N,8.0,$530.0K
Northgate,1133.0,sqft,2310.0,2,1.0,1.0,2006.0,No,1,5,N,N,N,8.0,$107.1K
Sunridge,225.3,sqm,8846.0,4,3.0,2.0,2007.0,No,4,7,Y,Y,N,8.0,327600.0
Harbor Point,1513.0,sqft,4238.0,3,2.5,1.0,1926.0,No,2,4,Y,N,N,5.0,$334.8K
Cedar Falls,1807.0,sqft,3506.0,2,1.0,3.0,2006.0,No,4,3,Y,Y,N,3.0,$211.2K
Riverside Park,3528.0,sqft,12685.0,6,4.5,2.0,1928.0,Yes,4,9,Y,N,N,6.0,613900.0
Old Mill District,1890.0,sqft,4053.0,4,2.0,1.0,2002.0,Yes,3,4,Y,Y,N,5.0,$521.0K
Riverside Park,1508.0,sqft,4788.0,1,1.0,1.0,2021.0,No,4,10,N,N,N,3.0,308700.0
Brookhaven,1495.0,sqft,4698.0,2,2.0,1.0,2013.0,No,5,3,N,Y,N,,$297.2K
Cedar Falls,2796.0,sqft,6857.0,5,3.5,1.5,,No,4,9,Y,Y,N,8.0,$371.5K
Cedar Falls,129.4,sqm,4884.0,3,2.0,2.5,1950.0,No,3,3,Y,N,N,,166500.0
Maple Grove,1075.0,sqft,1843.0,2,1.5,2.5,1924.0,Yes,1,5,Y,Y,N,8.0,$126.5K
Brookhaven,2814.0,sqft,5543.0,4,2.5,1.0,2020.0,No,4,3,N,N,N,4.0,501900.0
Northgate,1849.0,sqft,6535.0,3,2.0,2.0,2002.0,No,3,5,N,Y,N,6.0,167900.0
Brookhaven,2200.0,sqft,7632.0,3,2.5,1.0,1968.0,No,2,3,Y,N,N,6.0,$412.7K
Northgate,3156.0,sqft,9125.0,6,3.5,2.0,1976.0,Yes,4,10,Y,N,N,6.0,$280.5K
Harbor Point,972.0,sqft,2437.0,2,1.5,2.0,1936.0,Yes,4,3,Y,Y,N,7.0,240800.0
Riverside Park,1187.0,sqft,2946.0,2,2.0,2.0,1978.0,No,5,5,Y,N,N,3.0,$148.3K
Sunridge,1927.0,sqft,4080.0,3,2.0,2.0,1924.0,Yes,2,6,Y,Y,N,7.0,142400.0
Northgate,1638.0,sqft,2383.0,2,2.0,2.5,2001.0,No,3,10,Y,Y,N,5.0,$162.0K
Northgate,2488.0,sqft,5460.0,4,2.5,1.0,1984.0,Yes,2,3,Y,Y,N,6.0,$227.0K
Harbor Point,1420.0,sqft,2666.0,2,1.5,1.5,1995.0,No,1,5,Y,Y,N,6.0,429600.0
Northgate,130.4,sqm,3381.0,2,1.0,2.0,1932.0,No,4,6,N,N,N,8.0,$103.6K
Old Mill District,1897.0,sqft,3472.0,3,2.0,1.0,1973.0,No,5,4,N,N,N,3.0,$346.2K
Cedar Falls,137.2,sqm,3381.0,2,1.5,2.5,1936.0,Yes,3,5,Y,Y,N,3.0,$168.4K
Sunridge,500.0,sqft,1136.0,1,1.0,2.0,1939.0,No,5,10,N,Y,N,8.0,$55.2K
Brookhaven,2287.0,sqft,5309.0,4,3.0,2.0,2006.0,No,2,7,Y,N,N,7.0,480300.0
Maple Grove,2362.0,sqft,4622.0,5,3.5,2.0,1962.0,No,5,5,Y,N,N,5.0,$296.9K
Cedar Falls,2907.0,sqft,11099.0,4,3.0,2.0,2008.0,No,3,8,Y,Y,Y,8.0,542800.0
Riverside Park,1374.0,sqft,4007.0,2,2.0,2.0,2013.0,No,2,7,Y,N,N,5.0,277500.0
Northgate,1146.0,sqft,3916.0,2,1.5,1.0,1983.0,No,3,6,Y,N,N,6.0,$102.5K
Northgate,1638.0,sqft,5536.0,2,1.5,2.0,1961.0,No,4,10,Y,N,N,7.0,123300.0
Harbor Point,1217.0,sqft,1475.0,2,1.5,1.5,1991.0,No,5,6,N,N,N,9.0,314500.0
Old Mill District,1166.0,sqft,3366.0,2,1.0,2.0,1994.0,Yes,4,6,Y,N,N,6.0,298800.0
Maple Grove,2429.0,sqft,3031.0,3,3.0,1.0,1989.0,Yes,5,10,Y,Y,Y,5.0,$394.4K
Sunridge,1200.0,sqft,4673.0,2,1.0,2.0,1942.0,Yes,1,3,Y,N,Y,4.0,116100.0
Cedar Falls,1152.0,sqft,3060.0,2,2.0,2.0,1951.0,Yes,3,5,Y,N,N,6.0,$158.1K
Brookhaven,2304.0,sqft,7688.0,5,4.0,1.0,1969.0,Yes,4,9,Y,N,Y,6.0,$514.7K
Old Mill District,1907.0,sqft,4135.0,3,2.0,1.5,1960.0,Yes,5,6,Y,Y,N,6.0,475000.0
Northgate,2054.0,sqft,8192.0,3,3.0,2.5,1965.0,No,3,3,Y,N,N,7.0,182200.0
Northgate,153.7,sqm,5885.0,2,1.5,2.5,2020.0,Yes,5,9,Y,N,N,,$192.2K
Harbor Point,1949.0,sqft,5867.0,3,2.5,2.0,2015.0,No,3,7,N,N,N,10.0,667800.0
Sunridge,908.0,sqft,3209.0,2,2.0,2.5,1974.0,No,5,9,Y,N,N,9.0,$98.0K
Brookhaven,2183.0,sqft,5975.0,3,3.0,2.0,2003.0,No,5,10,N,Y,N,6.0,$453.3K
Brookhaven,2522.0,sqft,8140.0,3,2.5,1.0,1990.0,Yes,3,9,Y,Y,N,7.0,$582.4K
Maple Grove,1696.0,sqft,5281.0,2,2.0,1.0,1925.0,No,3,6,Y,Y,N,4.0,$186.3K
Maple Grove,1266.0,sqft,2400.0,2,1.5,1.0,2022.0,No,3,10,Y,Y,N,6.0,232300.0
Cedar Falls,1760.0,sqft,2469.0,3,2.5,1.0,1923.0,No,3,10,Y,Y,N,6.0,$209.7K
Harbor Point,2823.0,sqft,6694.0,5,3.0,1.0,1932.0,No,4,10,Y,Y,N,4.0,765000.0
Sunridge,1537.0,sqft,2936.0,3,2.0,2.0,1998.0,Yes,4,5,Y,N,Y,5.0,223400.0
Brookhaven,1167.0,sqft,3913.0,2,2.0,2.0,1957.0,Yes,1,4,Y,N,N,9.0,223900.0
Cedar Falls,1354.0,sqft,1692.0,1,1.0,2.0,2017.0,No,4,7,Y,N,N,10.0,$194.1K
Harbor Point,241.1,sqm,3848.0,5,3.5,2.0,2015.0,No,4,5,N,Y,N,6.0,$809.3K
Brookhaven,753.0,sqft,2021.0,1,1.0,1.0,1978.0,Yes,4,6,N,N,N,8.0,172200.0
Riverside Park,232.8,sqm,3376.0,5,4.0,2.0,1932.0,No,5,9,Y,N,N,,$408.9K
Old Mill District,1948.0,sqft,4360.0,3,1.5,3.0,2011.0,No,5,5,Y,N,N,6.0,514600.0
Northgate,1997.0,sqft,5729.0,4,3.0,2.0,1928.0,No,4,4,N,N,N,9.0,118800.0
Harbor Point,2016.0,sqft,4594.0,3,1.5,1.5,1960.0,No,3,9,N,Y,N,2.0,$405.9K
Riverside Park,3126.0,sqft,5601.0,5,3.5,2.5,2018.0,No,5,8,Y,Y,N,8.0,$730.4K
Sunridge,2177.0,sqft,,4,3.0,1.5,1935.0,Yes,2,6,Y,N,N,6.0,$190.4K
Northgate,1960.0,sqft,6976.0,2,1.5,2.0,1939.0,Yes,4,8,Y,Y,N,8.0,$178.4K
Old Mill District,202.2,sqm,4095.0,3,1.5,3.0,,No,4,5,Y,N,N,4.0,$581.7K
Harbor Point,1778.0,sqft,4190.0,3,2.5,1.5,1923.0,No,3,6,N,N,N,7.0,400600.0
Harbor Point,1070.0,sqft,3687.0,1,1.0,2.0,1952.0,Yes,5,8,Y,N,N,9.0,$287.2K
Cedar Falls,1638.0,sqft,2100.0,2,2.0,2.5,,No,5,6,Y,N,N,4.0,$177.1K
Old Mill District,1858.0,sqft,7344.0,3,2.0,1.0,2008.0,No,4,6,Y,Y,N,5.0,$518.2K
Maple Grove,1474.0,sqft,4223.0,2,1.5,3.0,1938.0,Yes,4,9,N,N,N,2.0,$182.6K
Sunridge,2106.0,sqft,6610.0,4,2.5,1.0,1992.0,Yes,3,4,N,Y,N,8.0,$228.8K
Sunridge,2560.0,sqft,4642.0,5,3.5,2.0,2013.0,No,4,7,Y,Y,N,,291700.0
Maple Grove,1595.0,sqft,4487.0,2,1.0,2.0,1936.0,No,1,6,N,Y,N,4.0,186400.0
Sunridge,2017.0,sqft,4382.0,2,2.0,1.5,1978.0,No,4,10,N,,N,7.0,$187.2K
Riverside Park,1913.0,sqft,6472.0,3,2.0,1.0,1950.0,No,3,10,Y,N,N,4.0,345600.0
Maple Grove,2147.0,sqft,3235.0,3,2.5,1.0,1945.0,No,5,5,Y,Y,N,,276400.0
Brookhaven,1511.0,sqft,2127.0,1,1.0,2.0,1978.0,Yes,4,3,N,,N,5.0,330300.0
Riverside Park,1067.0,sqft,2430.0,2,1.0,2.0,1984.0,Yes,3,8,Y,N,N,4.0,$169.3K
Maple Grove,1647.0,sqft,6493.0,2,1.5,2.0,2007.0,No,3,3,Y,N,N,7.0,227800.0
Harbor Point,245.2,sqm,3785.0,3,2.5,2.0,1928.0,No,3,10,N,N,Y,3.0,$622.6K
Maple Grove,2530.0,sqft,4395.0,3,2.5,1.0,2015.0,No,2,10,Y,N,N,4.0,$383.2K
Riverside Park,46.4,sqm,1397.0,1,1.0,1.0,1948.0,No,5,4,N,Y,N,5.0,$71.1K
Riverside Park,1151.0,sqft,2911.0,2,1.5,2.0,1968.0,Yes,3,4,Y,Y,N,8.0,194000.0
Harbor Point,2646.0,sqft,10579.0,3,2.5,1.0,1971.0,Yes,4,10,Y,Y,N,5.0,773300.0
Riverside Park,1955.0,sqft,5597.0,3,2.0,1.5,2009.0,No,4,7,N,Y,N,5.0,$418.0K
Old Mill District,3299.0,sqft,6900.0,5,3.0,2.0,1952.0,Yes,4,6,Y,Y,N,7.0,$869.0K
Sunridge,107.0,sqm,3509.0,1,1.0,1.0,1996.0,No,2,5,Y,N,N,7.0,$130.3K
Riverside Park,2290.0,sqft,8230.0,3,2.5,1.5,1960.0,No,4,7,N,Y,N,6.0,343800.0
Old Mill District,2811.0,sqft,3451.0,5,3.5,1.5,1985.0,No,4,6,Y,N,N,5.0,$560.1K
Harbor Point,1488.0,sqft,3341.0,2,1.5,2.5,1925.0,No,4,3,N,Y,N,6.0,280200.0
Northgate,2775.0,sqft,9290.0,5,4.5,2.0,2013.0,Yes,3,9,Y,N,N,6.0,$334.2K
Brookhaven,150.1,sqm,2634.0,3,2.5,3.0,1979.0,Yes,1,10,Y,Y,N,4.0,320900.0
Harbor Point,747.0,sqft,1477.0,2,2.5,2.5,1947.0,No,3,7,N,Y,N,8.0,$186.4K
Cedar Falls,2214.0,sqft,8482.0,4,3.5,1.0,2002.0,Yes,4,10,Y,N,N,7.0,402200.0
Brookhaven,2630.0,sqft,8270.0,4,3.0,1.0,1987.0,No,3,7,Y,N,N,4.0,447700.0
Northgate,926.0,sqft,3238.0,1,1.0,2.0,1950.0,Yes,3,10,N,N,N,6.0,$80.1K
Brookhaven,1275.0,sqft,4703.0,1,1.5,2.0,1970.0,No,3,4,Y,N,N,7.0,285300.0
Sunridge,1458.0,sqft,2539.0,2,1.5,1.0,2019.0,No,2,5,Y,N,N,7.0,$169.1K
Riverside Park,2141.0,sqft,5044.0,3,1.5,3.0,1990.0,Yes,3,10,N,Y,N,8.0,443800.0
Cedar Falls,1375.0,sqft,4910.0,2,2.5,2.0,1972.0,No,4,5,N,N,N,6.0,152200.0
Old Mill District,548.0,sqft,1368.0,1,1.0,1.0,1924.0,No,4,6,Y,Y,N,6.0,$104.3K
Sunridge,195.9,sqm,3162.0,3,2.5,1.0,1946.0,Yes,3,3,N,Y,N,5.0,158200.0
Brookhaven,1446.0,sqft,5574.0,3,1.0,1.0,1961.0,No,4,3,N,N,N,1.0,$249.4K
Cedar Falls,2632.0,sqft,5020.0,5,4.5,2.0,1984.0,Yes,1,4,Y,N,Y,6.0,392700.0
Northgate,2064.0,sqft,6555.0,3,2.0,1.0,1938.0,Yes,1,6,Y,Y,N,9.0,$190.0K
Brookhaven,105.4,sqm,3758.0,2,2.0,1.0,2013.0,No,3,4,Y,Y,N,7.0,293200.0
Old Mill District,2054.0,sqft,7547.0,5,3.5,1.0,1998.0,Yes,2,10,Y,N,N,8.0,$649.9K
Brookhaven,2887.0,sqft,9033.0,5,3.5,1.0,1941.0,No,3,9,N,N,N,5.0,$384.9K
Northgate,1255.0,sqft,3785.0,2,2.0,1.0,1922.0,Yes,4,4,Y,Y,N,5.0,109300.0
Maple Grove,3208.0,sqft,6266.0,5,3.0,2.0,2021.0,No,4,5,Y,N,N,6.0,528700.0
Sunridge,1842.0,sqft,2518.0,3,1.5,3.0,1947.0,No,4,7,Y,N,N,6.0,157100.0
Maple Grove,1819.0,sqft,5298.0,2,1.5,2.5,1936.0,Yes,3,6,N,N,N,3.0,$200.9K
Harbor Point,2514.0,sqft,9275.0,4,2.5,2.0,1993.0,No,4,4,N,Y,N,3.0,$641.1K
Old Mill District,137.2,sqm,4272.0,1,1.0,1.0,1920.0,No,3,6,Y,Y,N,6.0,$328.3K
Harbor Point,2921.0,sqft,10751.0,3,3.0,2.0,1928.0,No,3,9,Y,N,N,5.0,$640.1K
Old Mill District,1555.0,sqft,4108.0,2,2.0,3.0,1958.0,Yes,5,10,Y,N,N,4.0,$348.6K
Northgate,2170.0,sqft,6655.0,3,2.0,2.0,1930.0,Yes,3,9,Y,N,N,9.0,$197.9K
Riverside Park,2448.0,sqft,4580.0,2,1.0,2.0,1951.0,No,3,3,Y,N,N,4.0,$294.0K
Sunridge,263.0,sqm,9944.0,4,2.5,2.5,2021.0,No,3,8,Y,N,N,9.0,$290.2K
Maple Grove,1840.0,sqft,7081.0,3,3.0,1.0,2004.0,No,3,5,N,N,N,6.0,265900.0
Riverside Park,2287.0,sqft,,3,2.5,1.0,2019.0,No,3,4,Y,Y,N,,478600.0
Northgate,1621.0,sqft,5447.0,3,1.5,1.0,1989.0,Yes,4,5,N,,N,7.0,$153.7K
Brookhaven,183.7,sqm,7438.0,4,3.5,2.0,1925.0,No,5,8,Y,N,N,8.0,370700.0
Cedar Falls,2209.0,sqft,6997.0,3,3.5,1.0,1982.0,No,3,3,Y,Y,N,5.0,276400.0
Riverside Park,3028.0,sqft,4914.0,5,4.5,1.0,1935.0,Yes,5,9,Y,N,N,6.0,$464.7K
Harbor Point,2083.0,sqft,7032.0,3,1.5,1.5,1986.0,No,1,5,N,N,N,8.0,$514.7K
Brookhaven,2290.0,sqft,3062.0,4,2.0,3.0,1967.0,No,4,6,N,Y,N,6.0,$478.2K
Old Mill District,2382.0,sqft,8944.0,3,2.5,3.0,1980.0,Yes,3,7,N,Y,N,6.0,503000.0
Old Mill District,2067.0,sqft,3188.0,3,2.0,3.0,1989.0,Yes,4,10,Y,N,N,6.0,$583.2K
Harbor Point,1490.0,sqft,2699.0,2,1.0,1.0,1973.0,No,3,7,Y,N,N,7.0,$463.4K
Cedar Falls,1512.0,sqft,4734.0,2,1.0,1.0,1938.0,No,3,9,N,N,Y,6.0,188600.0
Cedar Falls,1798.0,sqft,3424.0,2,1.0,3.0,1953.0,No,4,3,Y,Y,N,8.0,185800.0
Sunridge,2001.0,sqft,7230.0,3,1.5,2.0,1941.0,Yes,3,6,Y,Y,N,6.0,$187.4K
Cedar Falls,216.4,sqm,7869.0,4,3.0,1.0,1924.0,No,4,6,Y,Y,N,6.0,289300.0
Sunridge,2474.0,sqft,5219.0,4,3.5,2.0,1999.0,No,2,7,Y,N,N,5.0,254200.0
Northgate,1957.0,sqft,6158.0,3,3.0,1.0,2016.0,No,3,10,N,N,N,7.0,$188.7K
Northgate,1024.0,sqft,2883.0,2,2.0,1.0,1949.0,Yes,4,5,N,N,N,8.0,$82.4K
Riverside Park,3399.0,sqft,4492.0,4,3.5,2.0,2005.0,Yes,4,9,Y,Y,N,8.0,664800.0
Maple Grove,1791.0,sqft,4062.0,4,2.5,1.0,1993.0,Yes,2,10,Y,Y,N,10.0,306600.0
Brookhaven,1295.0,sqft,2680.0,3,2.0,2.0,1984.0,Yes,4,4,Y,N,N,8.0,240300.0
Riverside Park,1175.0,sqft,1608.0,2,2.5,1.0,1920.0,No,4,8,Y,Y,N,6.0,158100.0
Sunridge,2044.0,sqft,3989.0,3,2.0,1.0,1976.0,No,2,7,N,N,N,6.0,$180.2K
Maple Grove,1346.0,sqft,4455.0,3,3.0,1.5,1954.0,Yes,2,9,N,N,N,8.0,200900.0
Cedar Falls,1669.0,sqft,4315.0,1,1.0,2.0,1960.0,No,4,8,Y,N,N,7.0,$196.4K
Maple Grove,1798.0,sqft,6568.0,3,3.0,2.0,2011.0,No,2,8,Y,N,N,4.0,252200.0
Brookhaven,1924.0,sqft,3300.0,2,1.5,2.5,1948.0,Yes,4,9,N,N,N,5.0,332200.0
Brookhaven,1363.0,sqft,4376.0,1,1.0,1.5,1982.0,No,2,7,Y,Y,N,5.0,$249.9K
Maple Grove,3156.0,sqft,6398.0,5,4.5,2.0,1980.0,No,4,3,Y,N,N,7.0,441900.0
Cedar Falls,2140.0,sqft,3888.0,3,2.0,1.0,1962.0,Yes,2,4,N,Y,N,5.0,$189.2K
Riverside Park,1840.0,sqft,7087.0,4,3.5,1.0,1993.0,No,2,9,Y,N,N,3.0,325200.0
Sunridge,1998.0,sqft,7499.0,2,2.0,1.5,1973.0,Yes,1,8,Y,Y,N,5.0,$210.8K
Brookhaven,171.6,sqm,2499.0,4,3.5,1.0,1975.0,No,2,5,Y,N,N,7.0,392400.0
Harbor Point,2615.0,sqft,5474.0,4,3.0,1.5,1984.0,No,3,4,Y,N,N,,828100.0
Maple Grove,859.0,sqft,2150.0,1,1.0,3.0,1997.0,No,4,4,N,N,Y,7.0,128800.0
Northgate,1335.0,sqft,5107.0,2,1.5,2.0,1964.0,Yes,3,9,Y,N,N,3.0,$104.4K
Harbor Point,1059.0,sqft,1271.0,2,1.5,2.0,1999.0,No,3,4,N,N,N,4.0,$249.4K
Old Mill District,1514.0,sqft,5289.0,2,2.0,2.0,1929.0,No,2,7,N,N,N,10.0,$302.9K
Sunridge,1470.0,sqft,2837.0,1,1.0,3.0,1943.0,No,5,6,N,N,N,9.0,136900.0
Sunridge,1133.0,sqft,4502.0,1,1.0,1.0,1955.0,Yes,4,9,Y,Y,N,5.0,$122.4K
Old Mill District,2570.0,sqft,7994.0,4,3.5,3.0,2013.0,No,2,4,Y,Y,N,7.0,$637.3K
Northgate,1654.0,sqft,3453.0,4,3.0,2.0,2013.0,No,4,5,Y,N,N,,$166.9K
Riverside Park,1354.0,sqft,3143.0,1,1.0,2.0,1940.0,No,1,7,Y,Y,Y,4.0,200500.0
Brookhaven,2350.0,sqft,2844.0,3,2.0,2.0,1995.0,No,3,9,Y,N,N,6.0,476500.0
Old Mill District,2050.0,sqft,4820.0,5,3.5,2.0,1946.0,No,3,8,Y,N,N,6.0,434500.0
Sunridge,2859.0,sqft,5452.0,4,3.5,1.0,1959.0,No,4,5,Y,Y,N,7.0,$294.2K
Cedar Falls,123.2,sqm,1802.0,2,1.5,2.0,1992.0,Yes,3,5,N,Y,N,5.0,170600.0
Maple Grove,1279.0,sqft,4129.0,2,1.5,1.0,1920.0,Yes,5,5,Y,Y,N,5.0,184000.0
Northgate,1041.0,sqft,4095.0,2,1.5,1.0,1956.0,Yes,3,6,Y,Y,N,6.0,$89.7K
Old Mill District,1227.0,sqft,3201.0,2,1.0,1.0,1990.0,No,3,7,Y,Y,N,4.0,307700.0
Cedar Falls,2132.0,sqft,7499.0,3,3.0,2.0,1993.0,No,2,7,Y,N,N,8.0,299100.0
Cedar Falls,2714.0,sqft,7025.0,4,3.0,2.0,1947.0,Yes,3,6,Y,N,N,6.0,370400.0
Brookhaven,1030.0,sqft,3012.0,1,1.0,1.0,1981.0,No,5,6,N,Y,N,7.0,$174.9K
Brookhaven,1110.0,sqft,4354.0,1,1.5,1.0,2022.0,No,3,8,Y,Y,N,5.0,268300.0
Harbor Point,1437.0,sqft,2067.0,2,2.5,2.0,1967.0,No,3,6,Y,Y,N,7.0,$366.1K
Brookhaven,1635.0,sqft,,2,2.0,2.5,1979.0,No,3,5,Y,Y,N,7.0,$275.5K
Maple Grove,1459.0,sqft,5576.0,3,2.0,3.0,1940.0,Yes,5,8,N,Y,N,3.0,$167.8K
Harbor Point,129.5,sqm,2518.0,2,1.0,1.0,1970.0,No,3,8,N,Y,N,6.0,$375.5K
Cedar Falls,1867.0,sqft,3608.0,4,3.5,2.0,2004.0,No,2,10,Y,N,N,7.0,254500.0
Riverside Park,1760.0,sqft,6137.0,3,2.0,1.5,1957.0,No,3,9,N,Y,Y,10.0,$380.2K
Maple Grove,1350.0,sqft,1875.0,1,1.0,2.5,1980.0,No,3,10,N,Y,N,2.0,151500.0
Cedar Falls,2051.0,sqft,6591.0,3,2.5,1.0,2008.0,No,4,10,Y,N,N,6.0,$363.9K
Riverside Park,975.0,sqft,2797.0,3,2.5,1.0,1921.0,No,5,4,Y,N,N,5.0,123600.0
Old Mill District,911.0,sqft,3011.0,1,1.0,1.0,1955.0,Yes,4,4,N,N,N,9.0,$210.7K
Harbor Point,1023.0,sqft,3057.0,1,1.0,2.0,1967.0,No,4,8,N,N,N,7.0,275600.0
Cedar Falls,227.3,sqm,3902.0,3,2.5,2.5,1927.0,Yes,3,7,Y,Y,N,5.0,289000.0
Sunridge,183.7,sqm,4070.0,3,2.0,2.5,1971.0,Yes,4,3,Y,Y,N,4.0,$209.6K
Riverside Park,2800.0,sqft,3418.0,5,3.5,1.5,1956.0,Yes,4,6,Y,N,Y,,$490.7K
Sunridge,1575.0,sqft,4812.0,3,2.5,2.0,1930.0,No,3,7,Y,N,N,6.0,123200.0
Maple Grove,2092.0,sqft,7024.0,4,3.0,3.0,1954.0,No,4,10,Y,N,N,8.0,282700.0
Northgate,1240.0,sqft,3090.0,2,1.0,2.5,1922.0,No,5,8,Y,Y,N,6.0,$86.8K
Maple Grove,2240.0,sqft,5339.0,3,2.0,2.5,1988.0,Yes,4,9,N,N,N,5.0,358000.0
Brookhaven,2243.0,sqft,3607.0,3,3.5,2.5,2008.0,No,2,7,Y,Y,N,4.0,553200.0
Harbor Point,247.0,sqm,4377.0,3,2.0,2.0,1930.0,No,3,8,N,N,N,6.0,$613.4K
Maple Grove,207.6,sqm,3470.0,2,2.5,1.5,1991.0,Yes,2,4,Y,N,N,2.0,$341.3K
Brookhaven,1395.0,sqft,3832.0,1,1.0,2.0,1946.0,No,3,8,Y,Y,N,9.0,$253.8K
Old Mill District,2288.0,sqft,8001.0,3,3.0,3.0,2013.0,No,3,3,Y,Y,N,6.0,592600.0
Maple Grove,1274.0,sqft,1804.0,2,1.5,1.0,1956.0,Yes,5,10,Y,Y,N,4.0,195700.0
Cedar Falls,2416.0,sqft,3799.0,4,2.5,2.5,1985.0,No,2,7,Y,Y,N,7.0,342600.0
Brookhaven,1869.0,sqft,2572.0,3,3.0,2.0,1937.0,No,2,7,Y,N,N,5.0,$282.2K
Harbor Point,1302.0,sqft,2204.0,2,2.0,2.0,1968.0,No,2,6,Y,Y,N,7.0,$368.3K
Maple Grove,2173.0,sqft,4520.0,3,2.5,3.0,1935.0,Yes,4,10,Y,N,N,1.0,259100.0
Harbor Point,1981.0,sqft,5021.0,2,1.0,1.0,1930.0,No,3,6,Y,Y,N,6.0,405200.0
Harbor Point,1824.0,sqft,2510.0,3,1.5,2.5,1939.0,Yes,3,7,Y,,N,3.0,379600.0
Maple Grove,927.0,sqft,2162.0,2,1.0,1.0,,Yes,3,10,Y,Y,N,8.0,148800.0
Northgate,225.7,sqm,6877.0,3,1.5,2.5,1931.0,No,3,5,Y,N,N,5.0,172100.0
Harbor Point,134.4,sqm,4299.0,1,1.0,2.0,1978.0,No,3,4,Y,N,Y,7.0,416200.0
Northgate,1037.0,sqft,3546.0,1,1.0,3.0,1927.0,Yes,4,5,N,Y,N,6.0,$93.6K
Harbor Point,1418.0,sqft,4850.0,2,2.0,1.0,1943.0,Yes,4,8,N,N,N,4.0,332500.0
Riverside Park,2573.0,sqft,5188.0,4,3.5,1.0,1940.0,No,4,7,N,Y,N,9.0,$411.3K
Riverside Park,213.8,sqm,2946.0,5,4.5,2.5,2020.0,No,1,4,Y,Y,N,9.0,389900.0
Northgate,198.9,sqm,5241.0,3,2.5,3.0,1945.0,Yes,4,7,Y,N,Y,4.0,$198.5K
Cedar Falls,214.9,sqm,5053.0,2,2.0,3.0,2011.0,Yes,4,3,Y,N,N,7.0,$372.9K
Maple Grove,2271.0,sqft,6306.0,3,2.5,1.0,1941.0,No,5,9,Y,N,N,7.0,303100.0
Maple Grove,2930.0,sqft,8417.0,5,4.0,1.0,2003.0,No,3,5,Y,N,N,3.0,376300.0
Maple Grove,181.0,sqm,4705.0,2,2.0,1.0,2018.0,No,3,6,N,Y,N,7.0,330900.0
Maple Grove,2015.0,sqft,6910.0,4,2.5,2.0,1957.0,No,3,3,Y,N,N,2.0,227500.0
Riverside Park,1428.0,sqft,1914.0,2,1.0,3.0,1973.0,Yes,5,8,Y,Y,N,5.0,$228.4K
Cedar Falls,1239.0,sqft,2331.0,3,2.0,2.0,2002.0,No,3,9,Y,Y,Y,5.0,186600.0
Riverside Park,1756.0,sqft,3138.0,1,1.0,1.5,1944.0,Yes,3,3,Y,Y,N,5.0,227900.0
Northgate,118.5,sqm,4062.0,1,1.0,3.0,1921.0,Yes,3,4,N,N,N,8.0,104700.0
Brookhaven,1957.0,sqft,4685.0,3,2.0,1.0,1953.0,Yes,1,9,Y,N,N,8.0,$367.7K
Maple Grove,3291.0,sqft,8398.0,6,5.5,1.0,2005.0,Yes,4,5,Y,Y,N,6.0,533000.0
Maple Grove,1571.0,sqft,5569.0,3,2.0,2.5,1998.0,No,3,9,Y,Y,N,6.0,255900.0
Harbor Point,2187.0,sqft,8113.0,4,2.0,1.0,2004.0,No,4,9,N,Y,N,5.0,756200.0
Cedar Falls,1162.0,sqft,4025.0,2,1.5,2.5,1984.0,Yes,3,8,Y,N,N,6.0,$189.9K
Northgate,1986.0,sqft,2850.0,3,2.5,1.0,1982.0,No,4,6,Y,Y,N,8.0,195000.0
Sunridge,638.0,sqft,906.0,2,1.5,2.0,1976.0,Yes,3,10,Y,N,N,6.0,72400.0
Cedar Falls,1635.0,sqft,3538.0,2,2.0,3.0,2021.0,No,3,4,N,Y,Y,5.0,283400.0
Brookhaven,198.4,sqm,6961.0,4,3.5,2.0,2002.0,No,3,7,N,Y,N,6.0,$440.0K
Riverside Park,1051.0,sqft,1650.0,1,1.5,1.0,2003.0,No,3,3,Y,Y,N,3.0,160000.0
Harbor Point,2582.0,sqft,9040.0,3,2.0,1.0,1991.0,Yes,5,7,Y,N,N,7.0,$775.2K
Cedar Falls,954.0,sqft,1537.0,1,1.0,2.5,1923.0,No,4,10,Y,N,N,5.0,123000.0
Old Mill District,1747.0,sqft,6756.0,3,2.5,3.0,2015.0,Yes,3,8,Y,N,N,3.0,$476.4K
Cedar Falls,570.0,sqft,2083.0,1,1.0,2.0,1962.0,No,3,5,Y,Y,N,3.0,$74.5K
Cedar Falls,821.0,sqft,2965.0,2,2.5,1.5,2001.0,No,2,4,Y,Y,N,6.0,114400.0
Sunridge,2280.0,sqft,6886.0,4,3.0,3.0,1999.0,No,3,7,N,Y,N,5.0,$257.1K
Maple Grove,2357.0,sqft,8945.0,3,2.5,1.5,1970.0,Yes,3,4,Y,Y,N,5.0,$348.2K
Riverside Park,2193.0,sqft,7125.0,3,1.0,2.0,1982.0,No,3,5,Y,Y,N,4.0,$377.8K
Sunridge,127.6,sqm,2925.0,3,1.5,1.0,1990.0,Yes,4,10,Y,N,N,7.0,149100.0
Cedar Falls,2035.0,sqft,3945.0,3,2.5,2.0,1961.0,No,3,3,N,Y,N,8.0,$226.6K
Old Mill District,2386.0,sqft,3025.0,3,2.5,1.0,1945.0,Yes,3,4,N,Y,N,4.0,$521.8K
Cedar Falls,2065.0,sqft,6259.0,4,2.5,2.0,1922.0,Yes,4,10,Y,,N,7.0,$265.2K
Harbor Point,2099.0,sqft,8057.0,4,2.5,2.0,2012.0,No,4,3,Y,Y,N,6.0,$664.5K
Cedar Falls,213.3,sqm,5156.0,4,3.0,3.0,1930.0,No,4,5,Y,Y,N,8.0,303300.0
Brookhaven,2111.0,sqft,7999.0,3,3.0,2.0,1981.0,Yes,2,10,N,N,N,6.0,$539.6K
Harbor Point,1685.0,sqft,2234.0,3,1.5,1.5,1965.0,No,4,5,Y,,N,7.0,$390.7K
Northgate,2297.0,sqft,7557.0,3,3.0,1.0,1989.0,Yes,5,10,Y,N,N,6.0,243400.0
Old Mill District,2754.0,sqft,8734.0,4,3.5,2.0,1982.0,No,3,7,Y,N,N,5.0,$738.9K
Old Mill District,1190.0,sqft,3373.0,2,1.0,2.0,2005.0,No,4,4,N,N,N,5.0,$278.8K
Harbor Point,2001.0,sqft,3830.0,3,2.0,2.0,1954.0,No,4,4,Y,Y,N,6.0,447300.0
Old Mill District,1576.0,sqft,4235.0,3,2.0,1.0,1944.0,No,2,5,Y,Y,N,4.0,$322.1K
Riverside Park,249.5,sqm,10360.0,4,3.5,1.0,1959.0,Yes,3,4,N,N,N,3.0,383300.0
Old Mill District,3378.0,sqft,6297.0,5,3.5,2.0,1969.0,Yes,2,10,Y,Y,N,5.0,$906.6K
Harbor Point,72.0,sqm,1902.0,1,1.0,2.5,1980.0,No,3,3,Y,N,N,4.0,$197.7K
Brookhaven,1920.0,sqft,7345.0,3,3.0,1.0,2001.0,Yes,4,8,Y,Y,N,9.0,473000.0
Northgate,1879.0,sqft,3106.0,2,1.5,1.0,2016.0,No,3,6,Y,N,N,7.0,$177.7K
Brookhaven,2320.0,sqft,3995.0,4,2.5,1.5,1978.0,No,4,8,N,Y,N,4.0,406400.0
Harbor Point,1043.0,sqft,1541.0,2,1.0,2.0,1991.0,Yes,5,7,N,N,N,5.0,$262.1K
Cedar Falls,1531.0,sqft,2476.0,3,2.0,3.0,1950.0,No,3,7,Y,N,N,8.0,179500.0
Northgate,1840.0,sqft,6260.0,4,4.0,2.5,1928.0,No,4,3,N,Y,N,,131900.0
Riverside Park,221.8,sqm,5746.0,3,2.0,2.0,1928.0,No,3,3,Y,N,N,5.0,$303.4K
Brookhaven,174.1,sqm,3345.0,3,2.0,2.0,1971.0,No,2,10,Y,N,N,5.0,$306.1K
Northgate,1726.0,sqft,4052.0,3,2.5,1.0,2015.0,No,2,8,N,Y,N,3.0,151800.0
Northgate,1625.0,sqft,3397.0,3,2.5,2.0,1967.0,Yes,3,4,N,N,N,9.0,148700.0
Cedar Falls,1052.0,sqft,2555.0,1,1.0,2.5,1980.0,No,4,6,Y,N,N,8.0,159800.0
Harbor Point,1629.0,sqft,5094.0,3,2.0,2.0,1978.0,Yes,5,7,Y,N,N,4.0,454600.0
Brookhaven,2849.0,sqft,7924.0,6,4.5,1.0,1943.0,No,3,5,N,N,N,7.0,$378.9K
Maple Grove,1638.0,sqft,4842.0,3,3.0,1.5,1982.0,No,4,10,N,N,N,9.0,$244.2K
Sunridge,56.5,sqm,1491.0,1,1.0,2.0,2009.0,No,2,10,Y,N,N,5.0,72200.0
Old Mill District,784.0,sqft,2275.0,1,1.0,2.0,1990.0,No,2,6,N,N,N,8.0,172700.0
Cedar Falls,2287.0,sqft,7670.0,2,1.0,1.0,1931.0,No,3,10,Y,N,N,3.0,242500.0
Old Mill District,199.2,sqm,3418.0,3,2.0,1.5,2023.0,No,2,3,Y,,N,7.0,$566.4K
Harbor Point,2006.0,sqft,4918.0,3,2.0,2.0,1956.0,No,3,9,N,Y,N,7.0,$567.7K
Harbor Point,2302.0,sqft,6327.0,3,2.0,2.5,1963.0,Yes,5,9,Y,,N,7.0,738300.0
Maple Grove,1848.0,sqft,3930.0,2,1.5,2.0,1936.0,Yes,2,3,N,N,N,6.0,221000.0
Northgate,1758.0,sqft,,3,2.5,1.5,1986.0,No,3,8,Y,N,N,5.0,$137.7K
Maple Grove,2199.0,sqft,4015.0,3,2.5,1.5,1970.0,No,1,4,N,N,N,7.0,$279.2K
Riverside Park,1832.0,sqft,3198.0,2,1.5,1.0,1944.0,No,5,7,N,N,N,8.0,230700.0
Northgate,1540.0,sqft,1926.0,3,2.5,3.0,1926.0,Yes,2,5,N,Y,N,9.0,$128.4K
Northgate,2290.0,sqft,8003.0,3,3.5,3.0,2021.0,No,3,9,Y,N,N,9.0,$254.6K
Sunridge,1648.0,sqft,5691.0,3,2.0,2.5,1958.0,No,3,4,Y,Y,N,8.0,149800.0
Sunridge,1754.0,sqft,3606.0,2,2.0,2.5,1975.0,Yes,4,8,Y,N,N,7.0,187300.0
Cedar Falls,1812.0,sqft,3343.0,1,1.0,2.0,1958.0,No,3,8,Y,,N,2.0,211500.0
Brookhaven,2417.0,sqft,3765.0,3,2.0,2.0,1990.0,No,5,7,Y,Y,N,7.0,532300.0
Cedar Falls,2207.0,sqft,3015.0,3,1.5,1.0,1955.0,Yes,3,4,Y,Y,N,8.0,$287.9K
Maple Grove,625.0,sqft,2096.0,2,1.0,1.5,1985.0,No,2,5,N,N,N,6.0,$76.4K
Brookhaven,2713.0,sqft,6351.0,4,3.0,1.5,1974.0,Yes,1,6,Y,N,N,9.0,591700.0
Northgate,1872.0,sqft,4045.0,3,2.0,1.0,1964.0,No,2,7,Y,N,Y,5.0,$154.0K
Brookhaven,199.8,sqm,5695.0,3,2.5,2.0,1933.0,No,4,3,Y,Y,N,3.0,$290.1K
Maple Grove,843.0,sqft,1191.0,1,1.0,2.0,1985.0,Yes,3,5,Y,N,N,4.0,$109.2K
Riverside Park,1158.0,sqft,4084.0,1,1.0,1.0,1947.0,No,5,3,Y,N,Y,5.0,159600.0
Sunridge,3193.0,sqft,4580.0,5,5.0,1.5,1954.0,No,5,5,Y,Y,N,5.0,$258.4K
Cedar Falls,2587.0,sqft,9739.0,4,3.0,1.0,1976.0,No,5,10,Y,N,N,5.0,$346.4K
Harbor Point,1287.0,sqft,1673.0,2,1.0,1.5,1994.0,Yes,1,7,Y,N,N,7.0,309800.0
Brookhaven,1876.0,sqft,7145.0,3,2.0,2.0,1962.0,No,4,8,N,Y,N,6.0,$317.3K
Cedar Falls,1214.0,sqft,3188.0,2,2.5,3.0,1992.0,No,2,4,Y,N,N,6.0,160300.0
Northgate,3401.0,sqft,7862.0,5,4.0,1.0,1985.0,No,3,10,Y,Y,N,8.0,$331.6K
Maple Grove,2838.0,sqft,5621.0,4,3.5,1.5,1992.0,No,3,8,N,N,N,5.0,$409.2K
Brookhaven,1600.0,sqft,3190.0,2,1.0,2.0,1971.0,Yes,3,9,N,Y,N,6.0,$314.8K
Cedar Falls,1707.0,sqft,4204.0,2,2.0,1.0,1960.0,No,2,6,Y,N,Y,5.0,223600.0
Brookhaven,1957.0,sqft,5233.0,2,1.5,2.0,1928.0,Yes,4,7,N,N,Y,5.0,362500.0
Riverside Park,3104.0,sqft,4210.0,6,4.5,1.5,1955.0,No,2,6,Y,N,N,6.0,501900.0
Harbor Point,2062.0,sqft,3833.0,2,1.0,2.0,1965.0,No,3,7,Y,N,N,3.0,540400.0
Old Mill District,1280.0,sqft,4263.0,1,1.0,2.0,1968.0,Yes,4,4,Y,N,N,4.0,324800.0
Harbor Point,2950.0,sqft,6752.0,6,4.5,2.0,1971.0,No,4,10,Y,Y,N,4.0,652800.0
Maple Grove,2906.0,sqft,5896.0,5,3.5,1.0,1963.0,No,5,3,N,N,N,7.0,$358.3K
Harbor Point,1270.0,sqft,2941.0,3,1.5,2.0,1956.0,No,4,7,Y,N,N,3.0,$276.6K
Maple Grove,2870.0,sqft,10238.0,4,3.0,1.0,1956.0,No,3,3,Y,Y,N,6.0,370600.0
Sunridge,1859.0,sqft,5845.0,2,1.0,3.0,1932.0,Yes,4,9,Y,N,N,5.0,$187.5K
Brookhaven,2543.0,sqft,8126.0,4,2.5,2.0,1923.0,No,3,10,Y,N,N,4.0,$413.1K
Riverside Park,1670.0,sqft,5880.0,3,3.0,2.5,1921.0,No,3,6,Y,N,N,6.0,221300.0
Sunridge,2245.0,sqft,3539.0,3,2.0,2.0,1979.0,Yes,4,10,N,N,N,5.0,229000.0
Old Mill District,2008.0,sqft,4885.0,4,2.5,1.0,1920.0,No,5,10,N,Y,N,4.0,425800.0
Riverside Park,1057.0,sqft,1980.0,2,1.0,2.0,1943.0,Yes,4,3,N,Y,N,8.0,141200.0
Northgate,1573.0,sqft,4467.0,2,2.5,2.0,1978.0,No,4,6,Y,N,N,4.0,$124.6K
Maple Grove,1161.0,sqft,2527.0,2,1.0,1.5,1956.0,No,3,3,N,N,N,5.0,$144.1K
Northgate,1131.0,sqft,1599.0,1,1.0,1.0,2002.0,No,3,7,Y,Y,Y,5.0,128000.0
Riverside Park,198.2,sqm,5587.0,2,1.0,2.5,1970.0,No,3,3,N,N,N,6.0,372800.0
Old Mill District,184.6,sqm,3419.0,3,3.0,3.0,2016.0,No,3,8,Y,Y,N,,$687.5K
Riverside Park,702.0,sqft,1027.0,1,1.0,1.0,1996.0,No,5,9,N,Y,N,8.0,$137.7K
Sunridge,284.3,sqm,11462.0,5,4.5,1.5,1930.0,Yes,3,4,N,Y,N,6.0,$265.4K
Riverside Park,2165.0,sqft,4757.0,3,2.5,1.5,2014.0,No,1,4,Y,N,N,5.0,$349.6K
Maple Grove,2504.0,sqft,8671.0,3,2.0,3.0,1990.0,No,4,7,Y,N,N,6.0,371900.0
Harbor Point,2600.0,sqft,10344.0,4,2.5,1.0,2018.0,No,4,4,Y,Y,N,8.0,$869.0K
Northgate,2825.0,sqft,4305.0,5,3.5,1.0,1965.0,Yes,1,8,Y,Y,Y,5.0,287200.0
Old Mill District,106.0,sqm,4011.0,2,2.0,1.0,1945.0,No,2,9,N,Y,N,3.0,$218.1K
Northgate,3267.0,sqft,11633.0,5,3.5,2.5,2004.0,No,4,6,Y,N,N,4.0,$291.9K
Northgate,1273.0,sqft,3111.0,2,1.5,1.0,1924.0,Yes,4,3,N,N,N,6.0,$82.5K
Cedar Falls,284.6,sqm,6927.0,5,3.5,1.5,2016.0,No,4,6,Y,N,Y,5.0,505900.0
Brookhaven,146.5,sqm,4114.0,1,1.0,1.0,1981.0,No,3,3,N,Y,N,8.0,304700.0
Sunridge,2229.0,sqft,3091.0,3,3.0,3.0,1991.0,Yes,4,3,N,N,Y,8.0,$283.7K
Brookhaven,112.8,sqm,1653.0,3,2.0,1.5,2008.0,No,4,8,Y,N,N,10.0,285900.0
Cedar Falls,2295.0,sqft,8937.0,2,2.0,1.0,1995.0,Yes,2,10,N,N,N,9.0,$362.9K
Maple Grove,159.0,sqm,5116.0,2,1.5,3.0,1980.0,No,3,8,Y,Y,N,5.0,244200.0
Northgate,2293.0,sqft,8010.0,3,2.5,1.0,2005.0,No,4,3,N,N,N,,201900.0
Northgate,2039.0,sqft,5704.0,3,2.0,2.0,1925.0,No,2,7,Y,Y,N,6.0,$156.0K
Cedar Falls,1215.0,sqft,3907.0,2,2.0,1.0,2019.0,No,2,7,N,N,N,,$151.8K
Harbor Point,2686.0,sqft,3883.0,4,2.0,3.0,1921.0,No,4,6,Y,N,N,8.0,631200.0
Old Mill District,1748.0,sqft,4997.0,3,2.5,1.0,2002.0,No,2,5,Y,N,N,5.0,$481.9K
Cedar Falls,2360.0,sqft,6497.0,3,2.0,1.0,1991.0,No,4,8,Y,Y,N,8.0,$375.0K
Harbor Point,2321.0,sqft,4590.0,4,3.0,2.5,1986.0,No,3,7,Y,Y,N,7.0,579300.0
Northgate,88.1,sqm,2315.0,2,2.0,2.0,1992.0,No,4,6,Y,N,N,6.0,68700.0
Old Mill District,1715.0,sqft,4582.0,3,3.5,2.0,1997.0,No,4,7,Y,Y,N,8.0,488000.0
Harbor Point,1144.0,sqft,3962.0,3,2.5,3.0,2013.0,No,2,7,N,N,N,6.0,332400.0
Sunridge,2252.0,sqft,3336.0,4,3.5,2.5,1979.0,No,5,9,Y,N,N,9.0,$257.9K
Riverside Park,1337.0,sqft,2918.0,1,1.0,1.5,1991.0,No,5,3,N,Y,N,5.0,$198.3K
Maple Grove,1274.0,sqft,4154.0,2,1.0,1.5,2019.0,No,1,8,N,N,N,3.0,$194.3K
Northgate,1953.0,sqft,7066.0,2,2.0,1.0,1932.0,No,3,6,Y,Y,N,7.0,$174.4K
Cedar Falls,1386.0,sqft,1821.0,2,1.5,2.0,1942.0,No,2,9,N,Y,N,10.0,189000.0
Maple Grove,1942.0,sqft,3205.0,3,2.0,2.0,1957.0,No,4,3,Y,N,N,4.0,231000.0
Riverside Park,1632.0,sqft,3696.0,2,1.0,2.0,1926.0,Yes,4,8,N,Y,N,6.0,233000.0
Brookhaven,1556.0,sqft,5347.0,3,2.5,1.0,2022.0,No,2,8,Y,N,Y,6.0,366000.0
Sunridge,163.9,sqm,,3,2.0,1.5,1972.0,Yes,2,7,N,N,N,9.0,$164.1K
Brookhaven,167.1,sqm,5154.0,4,3.0,1.0,2010.0,No,3,8,Y,N,N,4.0,$386.3K
Maple Grove,2235.0,sqft,6213.0,5,3.5,2.0,1988.0,Yes,4,6,Y,Y,Y,6.0,476000.0
Riverside Park,1538.0,sqft,6083.0,2,2.0,1.0,1964.0,No,3,4,Y,N,N,7.0,$232.7K
Harbor Point,1455.0,sqft,5364.0,1,1.0,2.0,1966.0,No,3,9,Y,Y,N,7.0,$392.3K
Cedar Falls,2348.0,sqft,7808.0,4,2.0,2.0,2019.0,No,1,6,Y,N,N,5.0,306100.0
Brookhaven,1860.0,sqft,3294.0,4,3.5,1.0,,Yes,3,6,N,N,N,5.0,338700.0
Sunridge,2436.0,sqft,6716.0,4,2.5,2.0,1980.0,No,4,8,Y,N,N,6.0,265500.0
Sunridge,1575.0,sqft,2328.0,3,3.0,1.0,2011.0,No,2,5,Y,N,N,10.0,164900.0
Old Mill District,1954.0,sqft,6689.0,2,1.0,2.0,1958.0,No,4,9,Y,N,N,8.0,387800.0
Maple Grove,1553.0,sqft,4540.0,1,1.0,2.0,2000.0,No,4,7,N,Y,N,,$229.1K
Brookhaven,1759.0,sqft,6293.0,3,2.0,2.0,1928.0,No,4,4,Y,Y,N,6.0,$273.1K
Northgate,728.0,sqft,1585.0,1,1.0,1.0,1945.0,Yes,3,5,Y,N,N,5.0,46400.0
Northgate,2248.0,sqft,4560.0,3,2.5,1.0,1959.0,Yes,3,10,Y,N,Y,6.0,206100.0
Northgate,620.0,sqft,1081.0,1,1.0,2.0,1938.0,Yes,5,5,Y,N,N,3.0,45000
Brookhaven,1913.0,sqft,6981.0,3,1.5,2.0,1978.0,No,1,3,N,N,N,4.0,$323.8K
Brookhaven,2652.0,sqft,3299.0,4,4.0,2.0,1973.0,Yes,4,5,Y,N,N,8.0,499300.0
Riverside Park,131.1,sqm,4452.0,2,1.0,3.0,2015.0,No,4,6,Y,N,N,8.0,315800.0
Maple Grove,1976.0,sqft,5527.0,2,1.5,3.0,1981.0,Yes,4,3,Y,N,N,10.0,$302.3K
Maple Grove,2319.0,sqft,7508.0,3,3.5,3.0,2012.0,No,2,7,Y,N,N,8.0,$446.8K
Harbor Point,1544.0,sqft,5472.0,4,3.0,2.0,1922.0,No,3,3,N,N,N,10.0,373600.0
Harbor Point,1826.0,sqft,2891.0,3,2.0,1.0,1998.0,Yes,4,7,Y,Y,N,,576800.0
Sunridge,2444.0,sqft,5703.0,4,3.0,1.5,1959.0,No,4,4,N,N,N,6.0,$182.0K
Maple Grove,2858.0,sqft,10510.0,4,3.0,1.0,2017.0,No,4,7,Y,N,N,6.0,435000.0
Northgate,1770.0,sqft,4622.0,3,2.5,1.5,1995.0,No,5,4,Y,N,N,6.0,$160.9K
Riverside Park,2705.0,sqft,10266.0,4,3.5,3.0,2004.0,Yes,3,5,N,Y,N,8.0,$476.0K
Brookhaven,3177.0,sqft,10478.0,5,4.0,2.0,2013.0,No,2,5,Y,Y,N,5.0,536700.0
Old Mill District,2151.0,sqft,7992.0,2,2.0,2.0,1962.0,Yes,4,5,Y,N,N,5.0,532900.0
Sunridge,1252.0,sqft,1575.0,3,2.5,2.0,1966.0,Yes,3,5,Y,N,N,8.0,146500.0
Northgate,1784.0,sqft,7044.0,4,3.5,1.0,1993.0,No,4,6,Y,N,N,7.0,$165.1K
Riverside Park,226.9,sqm,6299.0,4,3.5,2.0,1989.0,No,4,4,Y,N,N,5.0,$357.6K
Harbor Point,173.2,sqm,4218.0,3,3.0,1.0,1961.0,No,5,6,Y,N,N,7.0,$572.3K
Old Mill District,2726.0,sqft,9684.0,4,3.0,2.0,1944.0,Yes,3,3,N,Y,N,6.0,$531.3K
Northgate,1193.0,sqft,3317.0,2,2.0,1.0,2004.0,No,4,6,Y,N,N,6.0,$123.9K
Harbor Point,1769.0,sqft,4957.0,3,3.0,3.0,2010.0,No,5,4,Y,Y,N,7.0,$567.1K
Brookhaven,1098.0,sqft,3122.0,1,1.0,3.0,1957.0,Yes,3,8,Y,Y,N,3.0,$212.7K
Cedar Falls,142.3,sqm,5713.0,3,2.5,2.5,1973.0,Yes,5,5,Y,N,N,4.0,$221.3K
Sunridge,1892.0,sqft,7050.0,4,3.5,3.0,1972.0,Yes,3,5,Y,N,N,4.0,228600.0
Sunridge,2433.0,sqft,9519.0,4,4.0,1.0,1991.0,Yes,2,6,Y,Y,N,8.0,$282.1K
Riverside Park,1744.0,sqft,2427.0,4,2.5,1.5,1961.0,No,4,4,N,N,N,6.0,258400.0
Old Mill District,264.5,sqm,4682.0,5,4.0,2.0,1976.0,No,5,7,Y,Y,N,2.0,$554.6K
Sunridge,2457.0,sqft,5698.0,5,3.5,1.5,2002.0,No,5,7,Y,Y,N,7.0,$339.4K
Harbor Point,1747.0,sqft,2999.0,3,2.5,2.0,1990.0,Yes,3,4,Y,N,Y,9.0,$626.3K
Old Mill District,500.0,sqft,1093.0,1,1.0,2.5,1952.0,Yes,4,4,Y,N,N,7.0,85100.0
Brookhaven,1115.0,sqft,2872.0,1,1.0,1.0,2013.0,No,4,6,Y,Y,N,6.0,$260.5K
Sunridge,2644.0,sqft,5893.0,3,2.0,2.0,1996.0,No,3,3,N,Y,N,5.0,223200.0
Maple Grove,1567.0,sqft,,3,2.0,3.0,2002.0,No,3,3,N,N,N,6.0,206600.0
Northgate,2418.0,sqft,9428.0,3,2.5,1.0,1944.0,No,3,7,N,N,N,3.0,188500.0
Maple Grove,2268.0,sqft,5439.0,4,3.0,2.5,1986.0,Yes,4,4,Y,N,Y,7.0,$374.0K
Brookhaven,1798.0,sqft,,3,2.5,1.0,2016.0,No,2,5,Y,N,N,9.0,436100.0
Maple Grove,2617.0,sqft,8939.0,5,4.0,1.0,1944.0,Yes,3,7,Y,Y,N,4.0,367600.0
Harbor Point,225.7,sqm,4131.0,4,3.0,2.5,2006.0,No,3,9,N,Y,N,5.0,640700.0
Maple Grove,136.4,sqm,1980.0,1,1.0,2.0,1972.0,No,5,4,N,N,N,5.0,$168.3K
Brookhaven,94.6,sqm,1512.0,1,1.0,1.0,1942.0,No,3,8,Y,Y,N,6.0,$191.6K
Old Mill District,621.0,sqft,1032.0,1,2.0,2.0,2012.0,No,4,10,Y,,N,5.0,$189.4K
Northgate,199.4,sqm,2721.0,3,2.5,2.0,1966.0,No,3,10,Y,Y,N,8.0,186200.0
Brookhaven,2039.0,sqft,7586.0,3,2.5,1.0,1976.0,No,3,9,N,N,N,4.0,379500.0
Cedar Falls,209.7,sqm,8438.0,3,1.5,1.0,1962.0,No,4,4,Y,N,N,5.0,288300.0
Riverside Park,1904.0,sqft,7045.0,3,1.5,2.5,1962.0,Yes,3,4,N,N,N,6.0,310600.0
Sunridge,205.4,sqm,8125.0,4,2.5,1.0,1968.0,No,5,4,Y,N,N,5.0,$208.7K
Brookhaven,1866.0,sqft,7342.0,1,1.0,1.0,1924.0,No,2,5,N,Y,N,7.0,$289.4K
Riverside Park,1793.0,sqft,2710.0,3,2.0,2.0,1932.0,No,3,4,Y,Y,N,4.0,$202.7K
Northgate,645.0,sqft,1987.0,1,1.0,1.5,2023.0,No,2,6,Y,N,N,8.0,64900.0
Old Mill District,2559.0,sqft,3841.0,4,2.5,2.0,2018.0,No,3,6,Y,N,N,7.0,746900.0
Sunridge,1895.0,sqft,3701.0,2,1.5,2.0,2022.0,No,1,7,Y,N,N,8.0,212400.0
Maple Grove,1966.0,sqft,5975.0,2,2.0,1.0,2017.0,No,4,4,N,Y,Y,5.0,$308.9K
Maple Grove,239.3,sqm,6588.0,4,2.5,1.0,1999.0,No,3,5,Y,Y,N,9.0,390100.0
Northgate,885.0,sqft,2800.0,1,1.0,1.0,1972.0,Yes,1,10,Y,Y,N,9.0,93000.0
Old Mill District,2631.0,sqft,6739.0,4,4.5,1.0,1933.0,Yes,3,5,N,N,N,5.0,$546.6K
Cedar Falls,2678.0,sqft,7729.0,4,2.5,2.5,2018.0,No,4,7,Y,Y,N,6.0,412500.0
Maple Grove,2592.0,sqft,5023.0,5,4.0,2.0,1963.0,No,3,6,Y,N,N,3.0,$350.3K
Old Mill District,917.0,sqft,2917.0,2,2.5,2.0,2018.0,No,3,10,N,N,N,,$251.4K
Brookhaven,1208.0,sqft,1894.0,2,2.5,1.0,2009.0,No,3,5,N,N,N,6.0,277900.0
Brookhaven,2989.0,sqft,9449.0,5,3.0,1.0,1952.0,No,3,6,Y,Y,N,5.0,527200.0
Sunridge,945.0,sqft,1300.0,1,2.0,2.0,1946.0,No,5,7,N,Y,N,6.0,$79.5K
Riverside Park,2268.0,sqft,5704.0,3,2.5,1.5,1944.0,No,2,10,Y,N,N,6.0,356000.0
Northgate,2761.0,sqft,7745.0,4,3.0,2.0,1936.0,No,3,7,Y,N,N,5.0,165300.0
Brookhaven,2439.0,sqft,6593.0,4,3.0,2.0,2014.0,No,4,5,N,N,N,6.0,$526.5K
Maple Grove,2918.0,sqft,4548.0,5,3.0,1.0,1994.0,Yes,3,7,Y,N,N,5.0,$432.0K
Sunridge,1947.0,sqft,4951.0,3,2.5,1.0,1931.0,Yes,5,9,N,N,N,7.0,$194.6K
Brookhaven,2474.0,sqft,5550.0,3,1.5,1.0,1990.0,No,3,3,N,Y,N,6.0,470600.0
Brookhaven,2066.0,sqft,2761.0,4,3.0,1.0,1963.0,Yes,4,6,Y,N,N,6.0,$359.8K
Harbor Point,76.1,sqm,1186.0,1,1.0,1.0,1925.0,No,5,9,Y,N,N,,$178.2K
Brookhaven,195.2,sqm,4115.0,4,3.0,1.0,2014.0,No,2,6,Y,Y,N,4.0,396900.0
Brookhaven,1550.0,sqft,4947.0,1,1.0,2.0,2001.0,No,4,7,Y,N,N,3.0,$321.4K
Maple Grove,2337.0,sqft,3291.0,4,3.0,1.5,2011.0,No,5,5,Y,,N,7.0,$324.1K
Brookhaven,3217.0,sqft,11166.0,5,5.0,1.0,2010.0,No,5,10,Y,Y,N,9.0,870000.0
Old Mill District,2576.0,sqft,6401.0,4,3.5,1.0,1966.0,No,2,9,Y,N,N,5.0,$624.6K
Cedar Falls,2125.0,sqft,7894.0,3,2.5,1.0,2021.0,Yes,3,9,Y,N,N,5.0,$351.8K
Brookhaven,2428.0,sqft,3072.0,3,1.5,2.0,1999.0,No,1,8,Y,Y,N,6.0,$603.5K
Cedar Falls,2728.0,sqft,10011.0,4,3.5,2.0,1972.0,Yes,4,10,N,N,N,5.0,366000.0
Maple Grove,1951.0,sqft,4286.0,3,2.0,2.5,1924.0,No,3,9,Y,Y,N,9.0,$273.1K
Harbor Point,1532.0,sqft,2258.0,2,2.5,1.0,1966.0,No,5,4,Y,N,N,,$321.2K
Cedar Falls,3178.0,sqft,10862.0,4,4.0,2.0,2008.0,No,4,9,Y,N,N,7.0,$447.0K
Riverside Park,1706.0,sqft,3550.0,2,1.5,1.5,1938.0,No,4,7,Y,N,N,4.0,204300.0
Maple Grove,1200.0,sqft,4641.0,1,1.0,1.0,1949.0,No,3,5,N,N,N,4.0,$129.5K
Maple Grove,1336.0,sqft,4484.0,3,3.0,2.0,1942.0,No,3,4,N,N,N,4.0,$164.5K
Riverside Park,1716.0,sqft,5022.0,2,2.0,2.0,1942.0,No,4,4,Y,N,N,7.0,275800.0
Cedar Falls,1918.0,sqft,7143.0,4,3.5,1.0,1930.0,No,3,9,Y,N,N,7.0,239100.0
Maple Grove,500.0,sqft,1627.0,1,1.0,2.0,1974.0,No,3,7,N,N,N,7.0,71900.0
Northgate,2217.0,sqft,6808.0,3,2.0,1.5,2023.0,No,4,7,Y,Y,Y,4.0,$292.7K
Maple Grove,841.0,sqft,1987.0,1,1.0,2.0,1955.0,Yes,5,8,Y,N,N,5.0,$109.5K
Cedar Falls,1012.0,sqft,2514.0,1,1.0,2.0,1980.0,Yes,4,9,N,N,N,6.0,$121.7K
Harbor Point,2673.0,sqft,7862.0,5,4.0,1.5,1978.0,No,3,3,N,N,N,5.0,$672.2K
Harbor Point,2785.0,sqft,8148.0,5,4.5,2.5,1922.0,Yes,4,7,N,Y,N,7.0,$678.3K
Sunridge,1356.0,sqft,4377.0,2,1.5,3.0,1953.0,No,3,10,N,N,N,3.0,$130.2K
Cedar Falls,2103.0,sqft,6393.0,3,2.0,1.0,2004.0,No,3,8,Y,N,N,8.0,$324.9K
Riverside Park,1907.0,sqft,4430.0,2,1.5,1.0,1999.0,No,4,7,Y,Y,N,5.0,$422.2K
Sunridge,1377.0,sqft,1689.0,2,2.0,3.0,2022.0,No,2,3,N,N,N,10.0,143000.0
Sunridge,515.0,sqft,1845.0,1,1.0,1.0,,No,3,10,Y,N,N,8.0,52400.0
Cedar Falls,1296.0,sqft,3670.0,1,1.0,2.0,2000.0,No,2,5,Y,Y,N,8.0,$212.7K
Harbor Point,2038.0,sqft,5070.0,4,2.5,1.0,1952.0,Yes,5,7,Y,N,N,5.0,$415.0K
Northgate,2666.0,sqft,4984.0,4,3.0,3.0,1979.0,No,4,7,Y,Y,N,8.0,234600.0
Old Mill District,500.0,sqft,1120.0,1,1.0,2.0,1941.0,Yes,1,9,Y,N,N,8.0,108000.0
Sunridge,2042.0,sqft,7854.0,2,1.5,1.0,1932.0,No,2,6,Y,Y,N,7.0,189800.0
Maple Grove,503.0,sqft,1688.0,1,1.0,2.0,2013.0,No,4,3,Y,N,N,6.0,60500.0
Sunridge,714.0,sqft,2758.0,1,1.0,1.0,1971.0,Yes,1,7,N,N,N,4.0,$63.9K
Northgate,1116.0,sqft,4138.0,1,1.5,3.0,1971.0,No,5,3,Y,Y,N,7.0,$98.4K
Northgate,216.7,sqm,8530.0,4,2.5,2.0,1935.0,No,3,6,Y,N,N,9.0,172100.0
Northgate,1968.0,sqft,6268.0,3,2.0,1.0,1958.0,No,3,7,N,N,N,8.0,161500.0
Maple Grove,750.0,sqft,2033.0,1,1.0,3.0,1955.0,No,3,6,Y,N,N,4.0,$92.9K
Brookhaven,2114.0,sqft,2722.0,3,3.0,2.0,1986.0,Yes,4,9,Y,Y,N,5.0,466400.0
Northgate,215.0,sqm,8549.0,4,2.0,1.5,2008.0,No,4,7,Y,Y,N,7.0,248400.0
Cedar Falls,178.1,sqm,7232.0,3,1.5,2.0,,No,3,9,Y,Y,N,6.0,266800.0
Harbor Point,156.5,sqm,5358.0,3,2.0,1.0,1977.0,No,3,8,N,N,Y,6.0,526300.0
Northgate,176.6,sqm,3543.0,3,3.0,2.5,1978.0,No,3,10,N,N,Y,5.0,158600.0
Harbor Point,1258.0,sqft,3561.0,1,1.0,1.5,1997.0,No,2,3,N,N,N,5.0,$341.9K
Maple Grove,777.0,sqft,1017.0,1,1.0,3.0,1924.0,No,2,10,Y,N,N,5.0,90500.0
Riverside Park,2190.0,sqft,7152.0,3,2.0,1.0,,No,3,5,Y,N,N,5.0,326400.0
Cedar Falls,1675.0,sqft,2698.0,4,3.0,2.5,2006.0,No,5,3,Y,N,N,5.0,$228.2K
Cedar Falls,1390.0,sqft,4861.0,2,1.5,1.5,1926.0,Yes,5,6,Y,Y,N,5.0,170500.0
Harbor Point,47.4,sqm,928.0,2,2.0,2.5,2006.0,No,4,8,N,,N,5.0,$151.9K
Riverside Park,3187.0,sqft,11466.0,6,4.5,1.5,2013.0,No,4,7,Y,Y,N,6.0,$682.3K
Northgate,2924.0,sqft,8360.0,5,4.0,3.0,2010.0,No,4,3,Y,N,Y,8.0,$382.6K
Brookhaven,535.0,sqft,1906.0,1,1.0,2.0,1950.0,Yes,1,8,Y,Y,N,5.0,113700.0
Brookhaven,1318.0,sqft,2224.0,2,2.0,1.0,1929.0,Yes,5,3,N,N,N,8.0,229300.0
Sunridge,2544.0,sqft,7669.0,4,3.5,1.0,1952.0,No,4,10,Y,Y,N,9.0,289500.0
Harbor Point,1708.0,sqft,3993.0,2,1.5,1.0,1930.0,Yes,4,3,Y,Y,N,7.0,380900.0
Harbor Point,1465.0,sqft,3808.0,3,2.5,2.0,2001.0,No,3,3,Y,N,N,2.0,$430.3K
Northgate,2435.0,sqft,6219.0,4,2.5,2.0,1985.0,Yes,4,9,Y,N,N,6.0,219000.0
Old Mill District,2381.0,sqft,6898.0,2,1.0,2.0,1953.0,Yes,2,9,Y,N,N,6.0,635200.0
Harbor Point,743.0,sqft,2796.0,1,1.5,3.0,1996.0,No,4,7,Y,Y,N,7.0,248900.0
Sunridge,2262.0,sqft,4514.0,4,2.5,2.0,1925.0,No,2,3,N,N,N,6.0,$179.1K
Northgate,239.9,sqm,5303.0,4,3.0,2.5,1924.0,Yes,3,6,Y,Y,N,6.0,$190.2K
Cedar Falls,1865.0,sqft,5745.0,2,1.5,1.5,2003.0,Yes,2,5,Y,Y,Y,7.0,$334.8K
Sunridge,1136.0,sqft,2703.0,2,1.0,2.0,1982.0,No,5,4,Y,,N,7.0,$124.6K
Sunridge,1039.0,sqft,3328.0,1,1.0,2.5,2012.0,No,2,8,Y,N,N,9.0,$133.2K
Sunridge,1644.0,sqft,3673.0,2,2.0,2.5,1992.0,Yes,3,6,N,N,Y,10.0,$216.0K
Cedar Falls,164.4,sqm,2159.0,3,2.5,1.5,1992.0,No,3,4,N,Y,N,8.0,$226.8K
Cedar Falls,2021.0,sqft,7267.0,4,3.0,1.0,1944.0,Yes,4,9,N,N,N,6.0,247700.0
Harbor Point,904.0,sqft,1732.0,1,1.0,1.5,1976.0,Yes,3,3,Y,Y,N,4.0,$238.1K
Riverside Park,2690.0,sqft,3922.0,4,2.0,2.0,1937.0,Yes,4,7,Y,N,N,7.0,373400.0
Brookhaven,1173.0,sqft,4173.0,1,1.0,1.0,1945.0,No,2,4,N,N,N,,175000.0
Sunridge,938.0,sqft,2017.0,1,1.0,1.0,1941.0,No,1,8,N,N,N,4.0,76200.0
Cedar Falls,973.0,sqft,2667.0,1,1.0,3.0,1924.0,No,4,5,Y,Y,N,4.0,108400.0
Old Mill District,2948.0,sqft,8011.0,5,4.5,3.0,1935.0,Yes,5,9,Y,N,N,8.0,$771.2K
Harbor Point,1954.0,sqft,3427.0,4,3.0,1.5,1926.0,No,4,3,N,N,Y,6.0,429700.0
Cedar Falls,1946.0,sqft,7616.0,3,2.5,2.0,1925.0,No,3,4,Y,Y,N,7.0,206000.0
Northgate,802.0,sqft,1471.0,1,1.5,1.0,2007.0,No,3,7,N,N,N,6.0,$71.5K
Cedar Falls,1405.0,sqft,3374.0,2,1.5,1.0,1987.0,No,3,4,Y,Y,N,6.0,$170.0K
Cedar Falls,1973.0,sqft,5202.0,3,3.0,3.0,2017.0,No,2,9,N,N,N,6.0,$317.3K
Cedar Falls,935.0,sqft,1997.0,1,1.0,1.0,2008.0,No,3,9,Y,Y,N,5.0,$148.3K
Northgate,143.0,sqm,5594.0,2,2.0,1.0,2018.0,No,4,3,Y,N,N,6.0,$149.6K
Northgate,2115.0,sqft,4414.0,4,2.5,1.0,2023.0,No,3,7,Y,Y,N,8.0,$229.1K
Northgate,594.0,sqft,2221.0,2,2.5,2.0,2000.0,No,3,5,N,Y,N,5.0,$56.8K
Cedar Falls,2585.0,sqft,4621.0,4,3.0,2.0,1959.0,No,4,4,N,N,N,4.0,$245.3K
Northgate,2474.0,sqft,9249.0,4,3.0,2.0,1970.0,No,2,5,Y,N,N,10.0,217800.0
Maple Grove,175.2,sqm,5466.0,3,2.0,2.5,1929.0,No,3,7,Y,N,N,8.0,$239.4K
Old Mill District,2209.0,sqft,7115.0,4,2.0,1.0,1943.0,No,3,10,Y,N,N,8.0,$511.5K
Cedar Falls,1066.0,sqft,1847.0,1,1.0,2.0,2020.0,No,3,8,N,N,N,4.0,$124.9K
Riverside Park,212.5,sqm,7318.0,4,3.0,2.0,1936.0,Yes,3,8,N,Y,N,5.0,$336.3K
Cedar Falls,1157.0,sqft,3823.0,2,2.5,2.0,1991.0,No,4,9,Y,Y,N,7.0,$167.8K
Cedar Falls,2918.0,sqft,,6,4.0,1.0,1983.0,Yes,2,7,Y,N,N,5.0,407600.0
Cedar Falls,1643.0,sqft,3798.0,3,2.0,2.0,1956.0,No,3,4,N,Y,N,7.0,$188.7K
Harbor Point,2990.0,sqft,3974.0,5,3.5,1.0,1972.0,No,4,7,Y,Y,N,2.0,828000.0
Brookhaven,3053.0,sqft,9241.0,4,3.0,3.0,1928.0,Yes,3,6,Y,N,N,7.0,$521.6K
Northgate,2290.0,sqft,4979.0,3,3.0,2.0,1973.0,No,3,10,Y,Y,N,8.0,$231.8K
Harbor Point,2769.0,sqft,10260.0,4,3.0,2.5,1979.0,Yes,4,7,Y,Y,N,6.0,946000.0
Brookhaven,1871.0,sqft,2687.0,2,1.0,2.0,1949.0,No,4,9,Y,N,N,7.0,$339.3K
Northgate,500.0,sqft,1067.0,1,1.0,2.5,1982.0,Yes,5,8,Y,N,N,7.0,54300.0
Old Mill District,1643.0,sqft,2052.0,2,1.0,1.5,2006.0,No,3,10,Y,Y,N,5.0,$470.5K
Maple Grove,951.0,sqft,1983.0,2,1.0,3.0,2000.0,No,4,4,N,N,Y,5.0,169100.0
Sunridge,2061.0,sqft,7043.0,4,2.5,2.0,1948.0,No,4,5,Y,N,N,8.0,209400.0
Northgate,2423.0,sqft,9335.0,2,1.0,1.5,1988.0,No,3,3,N,N,N,7.0,221800.0
Brookhaven,1485.0,sqft,3864.0,1,1.0,1.0,1951.0,Yes,3,6,Y,Y,N,3.0,275900.0
Brookhaven,1256.0,sqft,2424.0,2,1.0,3.0,2007.0,Yes,5,9,Y,N,N,3.0,313100.0
Sunridge,2712.0,sqft,4917.0,5,4.0,2.5,1933.0,No,4,7,Y,Y,N,4.0,255100.0
Maple Grove,2072.0,sqft,6338.0,4,3.5,2.5,1947.0,No,4,5,Y,N,N,3.0,$246.3K
Northgate,2936.0,sqft,8588.0,5,3.5,1.5,1974.0,No,3,5,Y,N,Y,6.0,$290.0K
Harbor Point,1199.0,sqft,1948.0,2,1.5,1.5,1980.0,No,3,10,Y,N,N,8.0,$416.9K
Northgate,1631.0,sqft,2829.0,3,1.5,2.0,1930.0,No,4,8,Y,N,N,3.0,98400.0
Riverside Park,1499.0,sqft,5389.0,2,2.0,2.5,2021.0,No,4,4,N,N,N,7.0,317100.0
Maple Grove,1181.0,sqft,4340.0,2,1.0,1.0,2001.0,No,5,6,N,Y,N,7.0,$172.5K
Brookhaven,2271.0,sqft,4042.0,4,3.5,2.0,1993.0,No,5,4,Y,N,N,6.0,449700.0
Old Mill District,1704.0,sqft,5251.0,3,1.0,2.5,2015.0,No,2,6,Y,N,N,,$432.2K
Northgate,1968.0,sqft,6344.0,3,1.0,1.5,2014.0,No,4,10,N,Y,N,6.0,$247.7K
Old Mill District,2330.0,sqft,7527.0,4,3.0,2.0,1929.0,No,3,3,Y,Y,N,7.0,462200.0
Northgate,2052.0,sqft,6217.0,3,2.5,2.0,1938.0,No,2,7,Y,N,N,7.0,$161.3K
Riverside Park,2391.0,sqft,6407.0,4,3.0,2.0,2004.0,No,5,8,Y,N,N,7.0,$496.8K
Sunridge,1509.0,sqft,3230.0,2,1.5,2.0,,No,3,4,Y,N,N,7.0,157000.0
Riverside Park,2660.0,sqft,5460.0,4,3.5,1.0,1938.0,No,5,10,N,Y,N,5.0,390800.0
Maple Grove,2799.0,sqft,5878.0,4,3.0,1.0,1940.0,No,4,3,Y,N,N,5.0,$314.2K
Sunridge,104.0,sqm,3048.0,3,1.0,2.0,2019.0,No,3,3,Y,Y,N,6.0,$137.6K
Harbor Point,1410.0,sqft,2448.0,3,2.0,2.0,1974.0,Yes,4,4,Y,Y,N,5.0,366500.0
Cedar Falls,218.9,sqm,5728.0,4,2.5,1.0,1925.0,No,3,4,Y,N,N,8.0,269100.0
Northgate,1480.0,sqft,5473.0,2,2.0,3.0,2021.0,No,3,9,Y,N,N,5.0,$163.8K
Old Mill District,1234.0,sqft,2746.0,1,1.0,2.0,1921.0,Yes,3,3,Y,Y,N,7.0,244700.0
Northgate,1508.0,sqft,5454.0,4,3.0,2.0,2002.0,No,3,4,Y,Y,N,8.0,166300.0
Cedar Falls,3670.0,sqft,9832.0,6,5.0,3.0,1924.0,Yes,3,5,N,Y,N,6.0,$433.6K
Old Mill District,1616.0,sqft,4591.0,2,1.0,1.0,1990.0,No,4,9,N,N,N,7.0,$450.0K
Northgate,1960.0,sqft,6532.0,3,1.5,2.5,1994.0,No,2,8,N,N,N,5.0,149200.0
Harbor Point,1248.0,sqft,2419.0,2,2.0,1.0,1936.0,Yes,3,5,N,N,N,6.0,302500.0
Brookhaven,1958.0,sqft,5982.0,2,2.0,3.0,1982.0,No,3,4,Y,N,N,6.0,365400.0
Brookhaven,2474.0,sqft,9023.0,5,4.5,1.0,1997.0,No,3,9,Y,Y,N,5.0,$517.4K
Harbor Point,1859.0,sqft,5708.0,3,2.5,1.0,1925.0,No,4,10,Y,N,N,10.0,465600.0
Sunridge,2295.0,sqft,3862.0,4,4.5,1.0,1930.0,No,1,3,Y,N,N,4.0,$174.5K
Riverside Park,2165.0,sqft,6535.0,4,3.0,1.0,1965.0,No,3,9,Y,Y,N,4.0,$370.3K
Old Mill District,155.6,sqm,2695.0,2,1.5,3.0,,No,3,8,N,Y,N,5.0,409600.0
Cedar Falls,185.3,sqm,3287.0,3,2.5,2.0,1944.0,Yes,5,3,Y,Y,N,8.0,$252.4K
Sunridge,1932.0,sqft,5121.0,3,1.5,1.0,2011.0,No,3,5,Y,Y,N,6.0,199200.0
Maple Grove,175.9,sqm,3231.0,4,3.5,1.0,1975.0,No,2,7,Y,N,N,4.0,$253.2K
Old Mill District,1995.0,sqft,3114.0,3,3.0,2.0,2006.0,No,3,10,Y,N,N,8.0,563400.0
Maple Grove,2458.0,sqft,6857.0,4,4.0,2.0,1920.0,Yes,3,10,N,N,N,7.0,$293.4K
Maple Grove,1058.0,sqft,3517.0,2,1.5,2.5,2010.0,No,3,5,N,N,Y,2.0,$130.4K
Brookhaven,2053.0,sqft,4632.0,4,2.5,1.5,1975.0,No,2,10,N,N,N,4.0,350500.0
Sunridge,1918.0,sqft,2591.0,3,2.0,1.0,1936.0,No,4,5,Y,N,N,,$192.9K
Riverside Park,1768.0,sqft,2595.0,3,2.0,2.0,1982.0,Yes,3,8,N,N,N,5.0,$291.1K
Brookhaven,1776.0,sqft,6878.0,3,1.5,2.0,1948.0,No,4,4,N,N,N,5.0,247900.0
Harbor Point,2084.0,sqft,8060.0,4,3.5,1.0,2016.0,Yes,3,4,N,Y,N,6.0,$615.0K
Maple Grove,2933.0,sqft,8518.0,5,3.5,1.0,1997.0,Yes,3,4,N,N,N,5.0,384800.0
Maple Grove,94.0,sqm,3999.0,1,1.0,2.0,1934.0,No,3,6,N,Y,N,5.0,113500.0
Cedar Falls,2772.0,sqft,6004.0,5,2.5,1.0,1993.0,No,2,8,N,Y,N,5.0,$355.8K
Brookhaven,272.0,sqm,9574.0,5,4.0,2.0,1967.0,No,3,3,Y,N,Y,5.0,$599.9K
Brookhaven,2225.0,sqft,8494.0,3,2.0,2.5,1947.0,Yes,1,4,N,Y,N,5.0,369300.0
Harbor Point,2823.0,sqft,8149.0,3,2.0,1.0,1989.0,No,5,9,Y,Y,Y,9.0,981200.0
Maple Grove,2737.0,sqft,10233.0,5,4.0,2.0,2017.0,No,4,8,N,N,N,10.0,432800.0
Sunridge,2071.0,sqft,5242.0,3,2.0,2.0,2006.0,No,3,3,Y,N,N,7.0,223100.0
Cedar Falls,2608.0,sqft,10213.0,4,3.5,2.0,1963.0,Yes,3,8,Y,N,N,2.0,302900.0
Cedar Falls,2590.0,sqft,7168.0,4,3.0,2.5,1970.0,No,3,8,N,Y,N,5.0,264800.0
Cedar Falls,1139.0,sqft,2071.0,1,1.0,1.5,1948.0,No,4,3,Y,Y,N,5.0,130000.0
Maple Grove,1088.0,sqft,2524.0,1,1.0,1.0,1936.0,No,4,4,Y,Y,N,4.0,$147.7K
Riverside Park,2166.0,sqft,2795.0,4,3.5,3.0,2014.0,No,4,7,Y,Y,Y,3.0,$444.3K
Riverside Park,1644.0,sqft,4168.0,3,2.5,1.0,2016.0,No,3,9,N,Y,Y,6.0,320400.0
Sunridge,1310.0,sqft,4615.0,1,1.0,2.0,1963.0,No,4,9,Y,Y,N,6.0,120300.0
Northgate,2010.0,sqft,3169.0,4,3.0,1.0,2003.0,No,4,9,Y,N,N,8.0,$208.8K
Brookhaven,158.4,sqm,6244.0,3,2.5,3.0,1966.0,Yes,4,4,N,Y,N,5.0,342700.0
Northgate,240.7,sqm,8189.0,4,2.5,1.0,1922.0,Yes,2,6,Y,Y,N,7.0,223900.0
Maple Grove,2097.0,sqft,4202.0,3,3.0,2.5,1949.0,No,2,3,N,N,N,,$225.8K
Old Mill District,841.0,sqft,2302.0,2,1.5,1.0,1950.0,Yes,4,3,Y,Y,Y,5.0,185900.0
Riverside Park,1443.0,sqft,3778.0,3,1.0,2.0,1934.0,Yes,4,9,N,N,N,1.0,196600.0
Cedar Falls,2940.0,sqft,8306.0,5,4.5,2.0,1923.0,Yes,2,3,Y,Y,N,7.0,345300.0
Old Mill District,1717.0,sqft,2226.0,3,2.5,2.5,1965.0,No,3,7,Y,N,N,4.0,343800.0
Riverside Park,185.9,sqm,3822.0,2,1.5,1.0,1984.0,No,2,8,Y,N,N,10.0,341600.0
Brookhaven,2624.0,sqft,4728.0,4,2.0,1.0,1932.0,No,3,4,Y,N,N,5.0,423200.0
Maple Grove,993.0,sqft,2502.0,2,2.5,2.0,1948.0,No,2,7,Y,N,N,9.0,$131.6K
Brookhaven,2464.0,sqft,8435.0,4,2.0,2.0,1940.0,No,4,4,Y,N,Y,5.0,$359.2K
Brookhaven,2062.0,sqft,3387.0,3,3.0,1.0,2021.0,No,3,7,Y,N,Y,7.0,$648.1K
Northgate,53.9,sqm,807.0,1,1.0,3.0,1953.0,Yes,3,10,Y,Y,N,5.0,$49.8K
Northgate,1570.0,sqft,4349.0,2,2.0,2.0,2011.0,No,3,7,N,N,Y,6.0,$170.2K
Harbor Point,255.4,sqm,4679.0,4,4.0,3.0,2019.0,No,3,6,N,Y,N,7.0,825200.0
Riverside Park,3221.0,sqft,10811.0,5,3.5,1.5,1922.0,Yes,4,10,Y,N,N,8.0,537400.0
Riverside Park,1934.0,sqft,6308.0,3,2.5,1.0,2009.0,No,3,4,Y,N,N,8.0,288600.0
Old Mill District,764.0,sqft,933.0,2,2.0,2.0,2020.0,Yes,3,6,Y,N,N,6.0,242000.0
Northgate,111.4,sqm,2597.0,2,1.5,1.0,1970.0,Yes,3,8,Y,Y,N,9.0,$109.2K
Maple Grove,1976.0,sqft,2589.0,3,2.5,2.0,1940.0,Yes,4,4,Y,N,N,4.0,$249.8K
Maple Grove,1702.0,sqft,2548.0,3,1.5,2.5,1979.0,Yes,5,3,Y,N,N,3.0,196500.0
Brookhaven,1968.0,sqft,2615.0,2,2.5,2.0,2023.0,No,3,8,Y,Y,N,6.0,$523.9K
Brookhaven,2343.0,sqft,3240.0,3,3.0,3.0,1987.0,No,4,5,Y,Y,N,7.0,534300.0
Northgate,998.0,sqft,3034.0,2,1.5,2.0,2008.0,No,4,9,N,Y,N,7.0,$102.8K
Cedar Falls,145.4,sqm,5980.0,2,1.5,2.0,1936.0,No,4,7,Y,N,N,7.0,$174.6K
Maple Grove,2594.0,sqft,3765.0,4,3.5,2.5,1959.0,Yes,5,7,Y,Y,N,5.0,335000.0
Maple Grove,1883.0,sqft,6072.0,3,1.5,2.0,1956.0,No,2,8,Y,Y,Y,6.0,273100.0
Harbor Point,184.9,sqm,6814.0,4,4.0,2.0,1946.0,No,3,7,Y,N,N,10.0,502500.0
Riverside Park,939.0,sqft,2324.0,2,1.5,1.0,,No,5,6,Y,Y,N,,$133.8K
Northgate,1367.0,sqft,1939.0,2,1.0,2.0,1937.0,No,2,4,Y,N,N,5.0,89900.0
Old Mill District,2001.0,sqft,4054.0,4,3.0,1.0,1998.0,No,5,7,Y,Y,Y,1.0,$531.6K
Cedar Falls,212.1,sqm,6426.0,4,3.5,1.5,1974.0,No,5,4,Y,Y,N,8.0,303800.0
Brookhaven,1088.0,sqft,3975.0,1,1.0,2.0,1928.0,Yes,3,8,N,Y,N,4.0,185100.0
Cedar Falls,2222.0,sqft,3449.0,3,2.5,3.0,1970.0,No,1,7,N,,N,3.0,$225.2K
Brookhaven,2280.0,sqft,9036.0,3,2.5,1.0,1969.0,No,4,7,Y,Y,N,6.0,466100.0
Brookhaven,1687.0,sqft,6025.0,2,1.0,1.0,2012.0,No,3,7,Y,N,N,7.0,378100.0
Sunridge,2009.0,sqft,2785.0,3,2.5,2.0,2005.0,No,5,10,Y,N,N,6.0,$275.8K
Cedar Falls,2416.0,sqft,3711.0,5,4.0,2.5,1971.0,Yes,5,10,Y,Y,N,6.0,$391.4K
Harbor Point,1964.0,sqft,6469.0,4,3.0,1.0,2017.0,No,3,7,N,Y,N,,640900.0
Harbor Point,2411.0,sqft,5979.0,4,2.5,1.0,2021.0,Yes,5,8,Y,Y,N,4.0,827000.0
Northgate,3029.0,sqft,6371.0,5,4.5,3.0,1984.0,No,3,4,Y,N,N,10.0,$283.9K
Riverside Park,1209.0,sqft,,3,2.0,2.0,1998.0,No,4,9,Y,N,N,5.0,203000.0
Maple Grove,221.7,sqm,4385.0,4,2.0,3.0,1925.0,No,5,8,N,N,N,6.0,$265.1K
Riverside Park,162.2,sqm,6818.0,2,1.5,2.0,1991.0,Yes,5,5,N,Y,N,2.0,329900.0
Brookhaven,90.0,sqm,2693.0,2,2.5,1.5,1924.0,No,4,3,Y,N,N,5.0,164000.0
Riverside Park,1650.0,sqft,5057.0,3,2.0,2.0,1962.0,Yes,2,3,Y,N,Y,4.0,290700.0
